config,env_id,user_id,anchor_submission,anchor_user,first_submission,last_submission,first_games,last_games,first_score,last_score,first_known_end,last_known_end,observed_span_days
a3_d90,1,279,1276,1166,5601,5982,10,52,0.4,0.5288461538461539,2021-08-10T23:50:02.749459+08:00,2026-07-30T19:18:14.765025+08:00,1814.8112501801606
a3_d90,1,279,2302,572,5601,5982,20,40,0.44999999999999996,0.48750000000000004,2021-08-17T16:16:20.188872+08:00,2026-07-30T19:26:26.430187+08:00,1808.1320166818853
a3_d90,1,279,5407,534,5601,5982,10,65,0.30000000000000004,0.5384615384615384,2021-08-22T12:46:22.496348+08:00,2026-07-30T14:46:42.260107+08:00,1803.0835620805456
a3_d90,1,279,5490,539,5601,5982,16,14,0.71875,0.7142857142857143,2021-08-22T16:34:58.309197+08:00,2026-07-30T19:18:13.727939+08:00,1803.1133729021058
a3_d60,1,279,1276,1166,5601,5982,10,52,0.4,0.5288461538461539,2021-08-10T23:50:02.749459+08:00,2026-07-30T19:18:14.765025+08:00,1814.8112501801606
a3_d60,1,279,2302,572,5601,5982,20,40,0.44999999999999996,0.48750000000000004,2021-08-17T16:16:20.188872+08:00,2026-07-30T19:26:26.430187+08:00,1808.1320166818853
a3_d60,1,279,5407,534,5601,5982,10,65,0.30000000000000004,0.5384615384615384,2021-08-22T12:46:22.496348+08:00,2026-07-30T14:46:42.260107+08:00,1803.0835620805456
a3_d60,1,279,5490,539,5601,5982,16,14,0.71875,0.7142857142857143,2021-08-22T16:34:58.309197+08:00,2026-07-30T19:18:13.727939+08:00,1803.1133729021058
a5_d90,1,458,975,60,5575,7661,32,19,0.453125,0.631578947368421,2021-07-31T01:00:05.125784+08:00,2026-07-30T14:22:29.547303+08:00,1825.5572271009148
a5_d90,1,458,5259,503,5575,7661,14,18,0.4642857142857143,0.6666666666666667,2021-08-21T22:44:07.106340+08:00,2026-07-30T17:44:10.279725+08:00,1803.7917033956614
a5_d90,1,458,5310,933,5575,7661,14,18,0.3928571428571429,0.8055555555555556,2021-08-22T00:54:08.432144+08:00,2026-07-30T14:04:38.865002+08:00,1803.5489633432637
a5_d90,1,458,5336,1850,5575,7661,10,19,0.55,0.9736842105263158,2021-08-22T07:54:07.657476+08:00,2026-07-30T06:38:55.486057+08:00,1802.9477757937627
a5_d90,1,458,5490,539,5575,7661,12,22,0.7083333333333333,0.6363636363636364,2021-08-22T16:34:58.309197+08:00,2026-07-30T19:18:13.727939+08:00,1803.1133729021058
a5_d90,1,458,5491,2397,5575,7661,12,17,0.20833333333333337,0.5294117647058824,2021-08-22T16:34:55.353331+08:00,2026-07-30T19:47:51.875694+08:00,1803.1339875273488
a3_d90,1,458,975,60,5575,7661,32,19,0.453125,0.631578947368421,2021-07-31T01:00:05.125784+08:00,2026-07-30T14:22:29.547303+08:00,1825.5572271009148
a3_d90,1,458,5259,503,5575,7661,14,18,0.4642857142857143,0.6666666666666667,2021-08-21T22:44:07.106340+08:00,2026-07-30T17:44:10.279725+08:00,1803.7917033956614
a3_d90,1,458,5310,933,5575,7661,14,18,0.3928571428571429,0.8055555555555556,2021-08-22T00:54:08.432144+08:00,2026-07-30T14:04:38.865002+08:00,1803.5489633432637
a3_d90,1,458,5336,1850,5575,7661,10,19,0.55,0.9736842105263158,2021-08-22T07:54:07.657476+08:00,2026-07-30T06:38:55.486057+08:00,1802.9477757937627
a3_d90,1,458,5490,539,5575,7661,12,22,0.7083333333333333,0.6363636363636364,2021-08-22T16:34:58.309197+08:00,2026-07-30T19:18:13.727939+08:00,1803.1133729021058
a3_d90,1,458,5491,2397,5575,7661,12,17,0.20833333333333337,0.5294117647058824,2021-08-22T16:34:55.353331+08:00,2026-07-30T19:47:51.875694+08:00,1803.1339875273488
a5_d60,1,458,975,60,5575,7661,32,19,0.453125,0.631578947368421,2021-07-31T01:00:05.125784+08:00,2026-07-30T14:22:29.547303+08:00,1825.5572271009148
a5_d60,1,458,5259,503,5575,7661,14,18,0.4642857142857143,0.6666666666666667,2021-08-21T22:44:07.106340+08:00,2026-07-30T17:44:10.279725+08:00,1803.7917033956614
a5_d60,1,458,5310,933,5575,7661,14,18,0.3928571428571429,0.8055555555555556,2021-08-22T00:54:08.432144+08:00,2026-07-30T14:04:38.865002+08:00,1803.5489633432637
a5_d60,1,458,5336,1850,5575,7661,10,19,0.55,0.9736842105263158,2021-08-22T07:54:07.657476+08:00,2026-07-30T06:38:55.486057+08:00,1802.9477757937627
a5_d60,1,458,5490,539,5575,7661,12,22,0.7083333333333333,0.6363636363636364,2021-08-22T16:34:58.309197+08:00,2026-07-30T19:18:13.727939+08:00,1803.1133729021058
a5_d60,1,458,5491,2397,5575,7661,12,17,0.20833333333333337,0.5294117647058824,2021-08-22T16:34:55.353331+08:00,2026-07-30T19:47:51.875694+08:00,1803.1339875273488
a3_d60,1,458,975,60,5575,7661,32,19,0.453125,0.631578947368421,2021-07-31T01:00:05.125784+08:00,2026-07-30T14:22:29.547303+08:00,1825.5572271009148
a3_d60,1,458,5259,503,5575,7661,14,18,0.4642857142857143,0.6666666666666667,2021-08-21T22:44:07.106340+08:00,2026-07-30T17:44:10.279725+08:00,1803.7917033956614
a3_d60,1,458,5310,933,5575,7661,14,18,0.3928571428571429,0.8055555555555556,2021-08-22T00:54:08.432144+08:00,2026-07-30T14:04:38.865002+08:00,1803.5489633432637
a3_d60,1,458,5336,1850,5575,7661,10,19,0.55,0.9736842105263158,2021-08-22T07:54:07.657476+08:00,2026-07-30T06:38:55.486057+08:00,1802.9477757937627
a3_d60,1,458,5490,539,5575,7661,12,22,0.7083333333333333,0.6363636363636364,2021-08-22T16:34:58.309197+08:00,2026-07-30T19:18:13.727939+08:00,1803.1133729021058
a3_d60,1,458,5491,2397,5575,7661,12,17,0.20833333333333337,0.5294117647058824,2021-08-22T16:34:55.353331+08:00,2026-07-30T19:47:51.875694+08:00,1803.1339875273488
a5_d90,1,570,1397,1708,6691,7501,18,216,0.6944444444444444,0.6226851851851851,2021-08-13T09:00:03.229201+08:00,2026-07-30T19:29:59.893476+08:00,1812.4374613920709
a5_d90,1,570,1722,194,6691,7501,74,292,0.31756756756756754,0.4811643835616438,2021-08-16T09:46:08.291928+08:00,2026-07-30T19:29:55.197906+08:00,1809.4054040043745
a5_d90,1,570,3505,1062,6691,7501,10,138,0.35,0.35507246376811596,2021-08-18T23:22:02.628285+08:00,2026-07-30T17:53:05.247011+08:00,1806.7715580871068
a5_d90,1,570,4694,2291,6691,7501,36,238,0.38888888888888884,0.3970588235294118,2021-08-20T22:26:05.468818+08:00,2026-07-30T13:33:49.834891+08:00,1804.630374607328
a5_d90,1,570,5744,1919,6691,7501,88,329,0.5397727272727273,0.4635258358662614,2021-08-23T11:34:17.040510+08:00,2026-07-30T18:15:22.058369+08:00,1802.2785302992938
a5_d90,1,570,6054,2067,6691,7501,92,572,0.4945652173913043,0.5,2021-08-23T23:14:26.382722+08:00,2026-07-30T17:50:32.289532+08:00,1801.775068365857
a5_d90,1,570,6443,1949,6691,7501,124,488,0.532258064516129,0.48975409836065575,2021-08-25T09:34:35.655786+08:00,2026-07-30T14:58:41.206055+08:00,1800.2250642392232
a3_d90,1,570,1397,1708,6691,7501,18,216,0.6944444444444444,0.6226851851851851,2021-08-13T09:00:03.229201+08:00,2026-07-30T19:29:59.893476+08:00,1812.4374613920709
a3_d90,1,570,1722,194,6691,7501,74,292,0.31756756756756754,0.4811643835616438,2021-08-16T09:46:08.291928+08:00,2026-07-30T19:29:55.197906+08:00,1809.4054040043745
a3_d90,1,570,3505,1062,6691,7501,10,138,0.35,0.35507246376811596,2021-08-18T23:22:02.628285+08:00,2026-07-30T17:53:05.247011+08:00,1806.7715580871068
a3_d90,1,570,4694,2291,6691,7501,36,238,0.38888888888888884,0.3970588235294118,2021-08-20T22:26:05.468818+08:00,2026-07-30T13:33:49.834891+08:00,1804.630374607328
a3_d90,1,570,5744,1919,6691,7501,88,329,0.5397727272727273,0.4635258358662614,2021-08-23T11:34:17.040510+08:00,2026-07-30T18:15:22.058369+08:00,1802.2785302992938
a3_d90,1,570,6054,2067,6691,7501,92,572,0.4945652173913043,0.5,2021-08-23T23:14:26.382722+08:00,2026-07-30T17:50:32.289532+08:00,1801.775068365857
a3_d90,1,570,6443,1949,6691,7501,124,488,0.532258064516129,0.48975409836065575,2021-08-25T09:34:35.655786+08:00,2026-07-30T14:58:41.206055+08:00,1800.2250642392232
a5_d60,1,570,1397,1708,6691,7501,18,216,0.6944444444444444,0.6226851851851851,2021-08-13T09:00:03.229201+08:00,2026-07-30T19:29:59.893476+08:00,1812.4374613920709
a5_d60,1,570,1722,194,6691,7501,74,292,0.31756756756756754,0.4811643835616438,2021-08-16T09:46:08.291928+08:00,2026-07-30T19:29:55.197906+08:00,1809.4054040043745
a5_d60,1,570,3505,1062,6691,7501,10,138,0.35,0.35507246376811596,2021-08-18T23:22:02.628285+08:00,2026-07-30T17:53:05.247011+08:00,1806.7715580871068
a5_d60,1,570,4694,2291,6691,7501,36,238,0.38888888888888884,0.3970588235294118,2021-08-20T22:26:05.468818+08:00,2026-07-30T13:33:49.834891+08:00,1804.630374607328
a5_d60,1,570,5744,1919,6691,7501,88,329,0.5397727272727273,0.4635258358662614,2021-08-23T11:34:17.040510+08:00,2026-07-30T18:15:22.058369+08:00,1802.2785302992938
a5_d60,1,570,6054,2067,6691,7501,92,572,0.4945652173913043,0.5,2021-08-23T23:14:26.382722+08:00,2026-07-30T17:50:32.289532+08:00,1801.775068365857
a5_d60,1,570,6443,1949,6691,7501,124,488,0.532258064516129,0.48975409836065575,2021-08-25T09:34:35.655786+08:00,2026-07-30T14:58:41.206055+08:00,1800.2250642392232
a3_d60,1,570,1397,1708,6691,7501,18,216,0.6944444444444444,0.6226851851851851,2021-08-13T09:00:03.229201+08:00,2026-07-30T19:29:59.893476+08:00,1812.4374613920709
a3_d60,1,570,1722,194,6691,7501,74,292,0.31756756756756754,0.4811643835616438,2021-08-16T09:46:08.291928+08:00,2026-07-30T19:29:55.197906+08:00,1809.4054040043745
a3_d60,1,570,3505,1062,6691,7501,10,138,0.35,0.35507246376811596,2021-08-18T23:22:02.628285+08:00,2026-07-30T17:53:05.247011+08:00,1806.7715580871068
a3_d60,1,570,4694,2291,6691,7501,36,238,0.38888888888888884,0.3970588235294118,2021-08-20T22:26:05.468818+08:00,2026-07-30T13:33:49.834891+08:00,1804.630374607328
a3_d60,1,570,5744,1919,6691,7501,88,329,0.5397727272727273,0.4635258358662614,2021-08-23T11:34:17.040510+08:00,2026-07-30T18:15:22.058369+08:00,1802.2785302992938
a3_d60,1,570,6054,2067,6691,7501,92,572,0.4945652173913043,0.5,2021-08-23T23:14:26.382722+08:00,2026-07-30T17:50:32.289532+08:00,1801.775068365857
a3_d60,1,570,6443,1949,6691,7501,124,488,0.532258064516129,0.48975409836065575,2021-08-25T09:34:35.655786+08:00,2026-07-30T14:58:41.206055+08:00,1800.2250642392232
a3_d90,1,1261,975,60,1334,8086,12,20,0.9166666666666666,0.825,2021-07-31T01:00:05.125784+08:00,2026-07-30T14:22:29.547303+08:00,1825.5572271009148
a3_d90,1,1261,978,230,1334,8086,860,24,0.7,0.7291666666666667,2021-07-31T13:00:18.543098+08:00,2026-07-30T18:32:20.364804+08:00,1825.2305766401164
a3_d90,1,1261,1276,1166,1334,8086,668,12,0.7455089820359282,0.75,2021-08-10T23:50:02.749459+08:00,2026-07-30T19:18:14.765025+08:00,1814.8112501801606
a3_d60,1,1261,975,60,1334,8086,12,20,0.9166666666666666,0.825,2021-07-31T01:00:05.125784+08:00,2026-07-30T14:22:29.547303+08:00,1825.5572271009148
a3_d60,1,1261,978,230,1334,8086,860,24,0.7,0.7291666666666667,2021-07-31T13:00:18.543098+08:00,2026-07-30T18:32:20.364804+08:00,1825.2305766401164
a3_d60,1,1261,1276,1166,1334,8086,668,12,0.7455089820359282,0.75,2021-08-10T23:50:02.749459+08:00,2026-07-30T19:18:14.765025+08:00,1814.8112501801606
a3_d90,1,1268,917,62,4606,8375,202,25,0.49504950495049505,0.96,2021-07-28T11:21:43.472771+08:00,2026-07-30T13:45:40.038954+08:00,1828.0999602567488
a3_d90,1,1268,940,5,4606,8375,266,12,0.5,0.9583333333333334,2021-07-28T11:21:43.472771+08:00,2022-11-13T13:56:35.612708+08:00,473.1075479159394
a3_d90,1,1268,1093,1006,4606,8375,192,19,0.48177083333333337,0.868421052631579,2021-08-06T11:30:19.177750+08:00,2026-07-30T14:58:41.206055+08:00,1819.144699401676
a3_d60,1,1268,917,62,4606,8375,202,25,0.49504950495049505,0.96,2021-07-28T11:21:43.472771+08:00,2026-07-30T13:45:40.038954+08:00,1828.0999602567488
a3_d60,1,1268,940,5,4606,8375,266,12,0.5,0.9583333333333334,2021-07-28T11:21:43.472771+08:00,2022-11-13T13:56:35.612708+08:00,473.1075479159394
a3_d60,1,1268,1093,1006,4606,8375,192,19,0.48177083333333337,0.868421052631579,2021-08-06T11:30:19.177750+08:00,2026-07-30T14:58:41.206055+08:00,1819.144699401676
a3_d90,1,1685,975,60,6272,8049,22,12,0.6363636363636364,0.75,2021-07-31T01:00:05.125784+08:00,2026-07-30T14:22:29.547303+08:00,1825.5572271009148
a3_d90,1,1685,5259,503,6272,8049,14,13,0.4642857142857143,0.7307692307692308,2021-08-21T22:44:07.106340+08:00,2026-07-30T17:44:10.279725+08:00,1803.7917033956614
a3_d90,1,1685,5490,539,6272,8049,20,22,0.475,0.6818181818181819,2021-08-22T16:34:58.309197+08:00,2026-07-30T19:18:13.727939+08:00,1803.1133729021058
a3_d90,1,1685,6113,824,6272,8049,20,24,0.575,0.7708333333333334,2021-08-24T10:17:17.562223+08:00,2026-07-30T18:13:55.622594+08:00,1801.3309960691106
a3_d60,1,1685,975,60,6272,8049,22,12,0.6363636363636364,0.75,2021-07-31T01:00:05.125784+08:00,2026-07-30T14:22:29.547303+08:00,1825.5572271009148
a3_d60,1,1685,5259,503,6272,8049,14,13,0.4642857142857143,0.7307692307692308,2021-08-21T22:44:07.106340+08:00,2026-07-30T17:44:10.279725+08:00,1803.7917033956614
a3_d60,1,1685,5490,539,6272,8049,20,22,0.475,0.6818181818181819,2021-08-22T16:34:58.309197+08:00,2026-07-30T19:18:13.727939+08:00,1803.1133729021058
a3_d60,1,1685,6113,824,6272,8049,20,24,0.575,0.7708333333333334,2021-08-24T10:17:17.562223+08:00,2026-07-30T18:13:55.622594+08:00,1801.3309960691106
a3_d90,1,1730,940,5,4463,8082,16,17,0.59375,0.9705882352941176,2021-07-28T11:21:43.472771+08:00,2022-11-13T13:56:35.612708+08:00,473.1075479159394
a3_d90,1,1730,975,60,4463,8082,164,18,0.41158536585365857,0.8055555555555556,2021-07-31T01:00:05.125784+08:00,2026-07-30T14:22:29.547303+08:00,1825.5572271009148
a3_d90,1,1730,1093,1006,4463,8082,12,22,0.7916666666666666,0.9318181818181819,2021-08-06T11:30:19.177750+08:00,2026-07-30T14:58:41.206055+08:00,1819.144699401676
a3_d90,1,1730,1276,1166,4463,8082,10,25,0.15000000000000002,0.6799999999999999,2021-08-10T23:50:02.749459+08:00,2026-07-30T19:18:14.765025+08:00,1814.8112501801606
a3_d60,1,1730,940,5,4463,8082,16,17,0.59375,0.9705882352941176,2021-07-28T11:21:43.472771+08:00,2022-11-13T13:56:35.612708+08:00,473.1075479159394
a3_d60,1,1730,975,60,4463,8082,164,18,0.41158536585365857,0.8055555555555556,2021-07-31T01:00:05.125784+08:00,2026-07-30T14:22:29.547303+08:00,1825.5572271009148
a3_d60,1,1730,1093,1006,4463,8082,12,22,0.7916666666666666,0.9318181818181819,2021-08-06T11:30:19.177750+08:00,2026-07-30T14:58:41.206055+08:00,1819.144699401676
a3_d60,1,1730,1276,1166,4463,8082,10,25,0.15000000000000002,0.6799999999999999,2021-08-10T23:50:02.749459+08:00,2026-07-30T19:18:14.765025+08:00,1814.8112501801606
a3_d90,1,1807,917,62,4467,8083,32,21,0.640625,0.9047619047619048,2021-07-28T11:21:43.472771+08:00,2026-07-30T13:45:40.038954+08:00,1828.0999602567488
a3_d90,1,1807,940,5,4467,8083,34,11,0.6617647058823529,0.8181818181818181,2021-07-28T11:21:43.472771+08:00,2022-11-13T13:56:35.612708+08:00,473.1075479159394
a3_d90,1,1807,975,60,4467,8083,152,18,0.4144736842105263,0.8333333333333334,2021-07-31T01:00:05.125784+08:00,2026-07-30T14:22:29.547303+08:00,1825.5572271009148
a3_d90,1,1807,1093,1006,4467,8083,34,18,0.5294117647058824,0.9722222222222222,2021-08-06T11:30:19.177750+08:00,2026-07-30T14:58:41.206055+08:00,1819.144699401676
a3_d60,1,1807,917,62,4467,8083,32,21,0.640625,0.9047619047619048,2021-07-28T11:21:43.472771+08:00,2026-07-30T13:45:40.038954+08:00,1828.0999602567488
a3_d60,1,1807,940,5,4467,8083,34,11,0.6617647058823529,0.8181818181818181,2021-07-28T11:21:43.472771+08:00,2022-11-13T13:56:35.612708+08:00,473.1075479159394
a3_d60,1,1807,975,60,4467,8083,152,18,0.4144736842105263,0.8333333333333334,2021-07-31T01:00:05.125784+08:00,2026-07-30T14:22:29.547303+08:00,1825.5572271009148
a3_d60,1,1807,1093,1006,4467,8083,34,18,0.5294117647058824,0.9722222222222222,2021-08-06T11:30:19.177750+08:00,2026-07-30T14:58:41.206055+08:00,1819.144699401676
a5_d90,1,1900,917,62,5597,7847,18,62,0.6944444444444444,0.5403225806451613,2021-07-28T11:21:43.472771+08:00,2026-07-30T13:45:40.038954+08:00,1828.0999602567488
a5_d90,1,1900,1093,1006,5597,7847,10,56,0.7,0.625,2021-08-06T11:30:19.177750+08:00,2026-07-30T14:58:41.206055+08:00,1819.144699401676
a5_d90,1,1900,4775,603,5597,7847,64,389,0.4765625,0.5372750642673522,2021-08-20T23:14:30.091283+08:00,2026-07-30T06:40:44.159090+08:00,1804.309885044062
a5_d90,1,1900,5336,1850,5597,7847,104,74,0.47596153846153844,0.4054054054054054,2021-08-22T07:54:07.657476+08:00,2026-07-30T06:38:55.486057+08:00,1802.9477757937627
a5_d90,1,1900,5479,2396,5597,7847,28,81,0.5892857142857143,0.5987654320987654,2021-08-22T16:05:47.818366+08:00,2026-07-30T15:43:33.390834+08:00,1802.9845552368986
a5_d90,1,1900,5509,950,5597,7847,92,263,0.5163043478260869,0.4980988593155894,2021-08-22T17:14:55.053627+08:00,2026-07-30T13:46:40.478094+08:00,1802.855386857258
a3_d90,1,1900,917,62,5597,7847,18,62,0.6944444444444444,0.5403225806451613,2021-07-28T11:21:43.472771+08:00,2026-07-30T13:45:40.038954+08:00,1828.0999602567488
a3_d90,1,1900,1093,1006,5597,7847,10,56,0.7,0.625,2021-08-06T11:30:19.177750+08:00,2026-07-30T14:58:41.206055+08:00,1819.144699401676
a3_d90,1,1900,4775,603,5597,7847,64,389,0.4765625,0.5372750642673522,2021-08-20T23:14:30.091283+08:00,2026-07-30T06:40:44.159090+08:00,1804.309885044062
a3_d90,1,1900,5336,1850,5597,7847,104,74,0.47596153846153844,0.4054054054054054,2021-08-22T07:54:07.657476+08:00,2026-07-30T06:38:55.486057+08:00,1802.9477757937627
a3_d90,1,1900,5479,2396,5597,7847,28,81,0.5892857142857143,0.5987654320987654,2021-08-22T16:05:47.818366+08:00,2026-07-30T15:43:33.390834+08:00,1802.9845552368986
a3_d90,1,1900,5509,950,5597,7847,92,263,0.5163043478260869,0.4980988593155894,2021-08-22T17:14:55.053627+08:00,2026-07-30T13:46:40.478094+08:00,1802.855386857258
a5_d60,1,1900,917,62,5597,7847,18,62,0.6944444444444444,0.5403225806451613,2021-07-28T11:21:43.472771+08:00,2026-07-30T13:45:40.038954+08:00,1828.0999602567488
a5_d60,1,1900,1093,1006,5597,7847,10,56,0.7,0.625,2021-08-06T11:30:19.177750+08:00,2026-07-30T14:58:41.206055+08:00,1819.144699401676
a5_d60,1,1900,4775,603,5597,7847,64,389,0.4765625,0.5372750642673522,2021-08-20T23:14:30.091283+08:00,2026-07-30T06:40:44.159090+08:00,1804.309885044062
a5_d60,1,1900,5336,1850,5597,7847,104,74,0.47596153846153844,0.4054054054054054,2021-08-22T07:54:07.657476+08:00,2026-07-30T06:38:55.486057+08:00,1802.9477757937627
a5_d60,1,1900,5479,2396,5597,7847,28,81,0.5892857142857143,0.5987654320987654,2021-08-22T16:05:47.818366+08:00,2026-07-30T15:43:33.390834+08:00,1802.9845552368986
a5_d60,1,1900,5509,950,5597,7847,92,263,0.5163043478260869,0.4980988593155894,2021-08-22T17:14:55.053627+08:00,2026-07-30T13:46:40.478094+08:00,1802.855386857258
a3_d60,1,1900,917,62,5597,7847,18,62,0.6944444444444444,0.5403225806451613,2021-07-28T11:21:43.472771+08:00,2026-07-30T13:45:40.038954+08:00,1828.0999602567488
a3_d60,1,1900,1093,1006,5597,7847,10,56,0.7,0.625,2021-08-06T11:30:19.177750+08:00,2026-07-30T14:58:41.206055+08:00,1819.144699401676
a3_d60,1,1900,4775,603,5597,7847,64,389,0.4765625,0.5372750642673522,2021-08-20T23:14:30.091283+08:00,2026-07-30T06:40:44.159090+08:00,1804.309885044062
a3_d60,1,1900,5336,1850,5597,7847,104,74,0.47596153846153844,0.4054054054054054,2021-08-22T07:54:07.657476+08:00,2026-07-30T06:38:55.486057+08:00,1802.9477757937627
a3_d60,1,1900,5479,2396,5597,7847,28,81,0.5892857142857143,0.5987654320987654,2021-08-22T16:05:47.818366+08:00,2026-07-30T15:43:33.390834+08:00,1802.9845552368986
a3_d60,1,1900,5509,950,5597,7847,92,263,0.5163043478260869,0.4980988593155894,2021-08-22T17:14:55.053627+08:00,2026-07-30T13:46:40.478094+08:00,1802.855386857258
a5_d90,1,2428,5869,436,7322,8108,10,23,0.65,0.7173913043478262,2021-08-23T16:54:21.479375+08:00,2026-07-30T13:46:49.456929+08:00,1801.8697682587278
a5_d90,1,2428,6872,1852,7322,8108,10,19,0.65,0.4473684210526315,2021-08-26T04:15:06.674306+08:00,2026-07-30T18:16:23.264843+08:00,1799.5842197978827
a5_d90,1,2428,7130,732,7322,8108,14,27,0.3571428571428571,0.5555555555555556,2021-08-26T17:14:58.505204+08:00,2026-07-30T18:37:17.274072+08:00,1799.0571616767127
a5_d90,1,2428,7202,1036,7322,8108,12,18,0.45833333333333337,0.7222222222222222,2021-08-26T20:23:02.432315+08:00,2026-07-30T12:31:07.930002+08:00,1798.6722858528572
a5_d90,1,2428,7251,1837,7322,8108,12,25,0.5416666666666667,0.64,2021-08-26T21:57:27.069444+08:00,2026-07-30T19:14:10.769837+08:00,1798.8866169026962
a3_d90,1,2428,5869,436,7322,8108,10,23,0.65,0.7173913043478262,2021-08-23T16:54:21.479375+08:00,2026-07-30T13:46:49.456929+08:00,1801.8697682587278
a3_d90,1,2428,6872,1852,7322,8108,10,19,0.65,0.4473684210526315,2021-08-26T04:15:06.674306+08:00,2026-07-30T18:16:23.264843+08:00,1799.5842197978827
a3_d90,1,2428,7130,732,7322,8108,14,27,0.3571428571428571,0.5555555555555556,2021-08-26T17:14:58.505204+08:00,2026-07-30T18:37:17.274072+08:00,1799.0571616767127
a3_d90,1,2428,7202,1036,7322,8108,12,18,0.45833333333333337,0.7222222222222222,2021-08-26T20:23:02.432315+08:00,2026-07-30T12:31:07.930002+08:00,1798.6722858528572
a3_d90,1,2428,7251,1837,7322,8108,12,25,0.5416666666666667,0.64,2021-08-26T21:57:27.069444+08:00,2026-07-30T19:14:10.769837+08:00,1798.8866169026962
a5_d60,1,2428,5869,436,7322,8108,10,23,0.65,0.7173913043478262,2021-08-23T16:54:21.479375+08:00,2026-07-30T13:46:49.456929+08:00,1801.8697682587278
a5_d60,1,2428,6872,1852,7322,8108,10,19,0.65,0.4473684210526315,2021-08-26T04:15:06.674306+08:00,2026-07-30T18:16:23.264843+08:00,1799.5842197978827
a5_d60,1,2428,7130,732,7322,8108,14,27,0.3571428571428571,0.5555555555555556,2021-08-26T17:14:58.505204+08:00,2026-07-30T18:37:17.274072+08:00,1799.0571616767127
a5_d60,1,2428,7202,1036,7322,8108,12,18,0.45833333333333337,0.7222222222222222,2021-08-26T20:23:02.432315+08:00,2026-07-30T12:31:07.930002+08:00,1798.6722858528572
a5_d60,1,2428,7251,1837,7322,8108,12,25,0.5416666666666667,0.64,2021-08-26T21:57:27.069444+08:00,2026-07-30T19:14:10.769837+08:00,1798.8866169026962
a3_d60,1,2428,5869,436,7322,8108,10,23,0.65,0.7173913043478262,2021-08-23T16:54:21.479375+08:00,2026-07-30T13:46:49.456929+08:00,1801.8697682587278
a3_d60,1,2428,6872,1852,7322,8108,10,19,0.65,0.4473684210526315,2021-08-26T04:15:06.674306+08:00,2026-07-30T18:16:23.264843+08:00,1799.5842197978827
a3_d60,1,2428,7130,732,7322,8108,14,27,0.3571428571428571,0.5555555555555556,2021-08-26T17:14:58.505204+08:00,2026-07-30T18:37:17.274072+08:00,1799.0571616767127
a3_d60,1,2428,7202,1036,7322,8108,12,18,0.45833333333333337,0.7222222222222222,2021-08-26T20:23:02.432315+08:00,2026-07-30T12:31:07.930002+08:00,1798.6722858528572
a3_d60,1,2428,7251,1837,7322,8108,12,25,0.5416666666666667,0.64,2021-08-26T21:57:27.069444+08:00,2026-07-30T19:14:10.769837+08:00,1798.8866169026962
a5_d90,3,2858,915,62,10146,11374,28,104,0.3571428571428571,1.0,2023-01-29T12:41:25.733744+08:00,2026-07-30T14:32:50.629026+08:00,1278.0773714731718
a5_d90,3,2858,938,5,10146,11374,20,85,0.44999999999999996,1.0,2023-01-29T09:36:55.839663+08:00,2026-07-30T15:33:58.917229+08:00,1278.2479522866424
a5_d90,3,2858,9063,2725,10146,11374,31,90,0.4838709677419355,1.0,2023-01-30T23:21:20.723708+08:00,2026-07-30T19:49:09.357753+08:00,1276.8526462273742
a5_d90,3,2858,9531,2777,10146,11374,33,79,0.6060606060606061,1.0,2023-01-29T19:48:32.979380+08:00,2026-07-30T19:06:21.023828+08:00,1277.9706949588906
a5_d90,3,2858,9709,2607,10146,11374,17,79,0.5294117647058824,1.0,2023-01-29T08:11:45.999001+08:00,2026-07-30T19:23:53.186563+08:00,1278.4667498560416
a3_d90,3,2858,915,62,10146,11374,28,104,0.3571428571428571,1.0,2023-01-29T12:41:25.733744+08:00,2026-07-30T14:32:50.629026+08:00,1278.0773714731718
a3_d90,3,2858,938,5,10146,11374,20,85,0.44999999999999996,1.0,2023-01-29T09:36:55.839663+08:00,2026-07-30T15:33:58.917229+08:00,1278.2479522866424
a3_d90,3,2858,9063,2725,10146,11374,31,90,0.4838709677419355,1.0,2023-01-30T23:21:20.723708+08:00,2026-07-30T19:49:09.357753+08:00,1276.8526462273742
a3_d90,3,2858,9531,2777,10146,11374,33,79,0.6060606060606061,1.0,2023-01-29T19:48:32.979380+08:00,2026-07-30T19:06:21.023828+08:00,1277.9706949588906
a3_d90,3,2858,9709,2607,10146,11374,17,79,0.5294117647058824,1.0,2023-01-29T08:11:45.999001+08:00,2026-07-30T19:23:53.186563+08:00,1278.4667498560416
a5_d60,3,2858,915,62,10146,11374,28,104,0.3571428571428571,1.0,2023-01-29T12:41:25.733744+08:00,2026-07-30T14:32:50.629026+08:00,1278.0773714731718
a5_d60,3,2858,938,5,10146,11374,20,85,0.44999999999999996,1.0,2023-01-29T09:36:55.839663+08:00,2026-07-30T15:33:58.917229+08:00,1278.2479522866424
a5_d60,3,2858,9063,2725,10146,11374,31,90,0.4838709677419355,1.0,2023-01-30T23:21:20.723708+08:00,2026-07-30T19:49:09.357753+08:00,1276.8526462273742
a5_d60,3,2858,9531,2777,10146,11374,33,79,0.6060606060606061,1.0,2023-01-29T19:48:32.979380+08:00,2026-07-30T19:06:21.023828+08:00,1277.9706949588906
a5_d60,3,2858,9709,2607,10146,11374,17,79,0.5294117647058824,1.0,2023-01-29T08:11:45.999001+08:00,2026-07-30T19:23:53.186563+08:00,1278.4667498560416
a3_d60,3,2858,915,62,10146,11374,28,104,0.3571428571428571,1.0,2023-01-29T12:41:25.733744+08:00,2026-07-30T14:32:50.629026+08:00,1278.0773714731718
a3_d60,3,2858,938,5,10146,11374,20,85,0.44999999999999996,1.0,2023-01-29T09:36:55.839663+08:00,2026-07-30T15:33:58.917229+08:00,1278.2479522866424
a3_d60,3,2858,9063,2725,10146,11374,31,90,0.4838709677419355,1.0,2023-01-30T23:21:20.723708+08:00,2026-07-30T19:49:09.357753+08:00,1276.8526462273742
a3_d60,3,2858,9531,2777,10146,11374,33,79,0.6060606060606061,1.0,2023-01-29T19:48:32.979380+08:00,2026-07-30T19:06:21.023828+08:00,1277.9706949588906
a3_d60,3,2858,9709,2607,10146,11374,17,79,0.5294117647058824,1.0,2023-01-29T08:11:45.999001+08:00,2026-07-30T19:23:53.186563+08:00,1278.4667498560416
a5_d90,6,358,931,62,1266,8647,22,32,0.6818181818181819,1.0,2021-07-28T11:23:26.517140+08:00,2026-07-30T17:53:13.571177+08:00,1828.2706834957996
a5_d90,6,358,948,5,1266,8647,38,30,0.7894736842105263,1.0,2021-07-28T11:23:26.517140+08:00,2026-07-30T19:40:09.728118+08:00,1828.344944571505
a5_d90,6,358,985,228,1266,8647,250,31,0.502,0.967741935483871,2021-08-01T15:00:09.698774+08:00,2026-07-30T12:09:35.830003+08:00,1823.8815524447791
a5_d90,6,358,1016,269,1266,8647,270,33,0.47777777777777775,1.0,2021-08-04T10:00:07.052765+08:00,2026-07-30T18:18:42.055844+08:00,1821.3462384615646
a5_d90,6,358,1116,183,1266,8647,192,27,0.5234375,0.962962962962963,2021-08-07T11:40:38.203042+08:00,2026-07-30T19:24:20.270916+08:00,1818.322014674467
a5_d90,6,358,1160,333,1266,8647,268,21,0.5149253731343284,1.0,2021-08-09T16:50:23.478009+08:00,2026-07-30T14:58:20.385303+08:00,1815.9221864270144
a5_d90,6,358,1226,230,1266,8647,116,29,0.3836206896551724,1.0,2021-08-10T10:40:30.470462+08:00,2026-07-30T19:16:26.983975+08:00,1815.3582929804727
a3_d90,6,358,931,62,1266,8647,22,32,0.6818181818181819,1.0,2021-07-28T11:23:26.517140+08:00,2026-07-30T17:53:13.571177+08:00,1828.2706834957996
a3_d90,6,358,948,5,1266,8647,38,30,0.7894736842105263,1.0,2021-07-28T11:23:26.517140+08:00,2026-07-30T19:40:09.728118+08:00,1828.344944571505
a3_d90,6,358,985,228,1266,8647,250,31,0.502,0.967741935483871,2021-08-01T15:00:09.698774+08:00,2026-07-30T12:09:35.830003+08:00,1823.8815524447791
a3_d90,6,358,1016,269,1266,8647,270,33,0.47777777777777775,1.0,2021-08-04T10:00:07.052765+08:00,2026-07-30T18:18:42.055844+08:00,1821.3462384615646
a3_d90,6,358,1116,183,1266,8647,192,27,0.5234375,0.962962962962963,2021-08-07T11:40:38.203042+08:00,2026-07-30T19:24:20.270916+08:00,1818.322014674467
a3_d90,6,358,1160,333,1266,8647,268,21,0.5149253731343284,1.0,2021-08-09T16:50:23.478009+08:00,2026-07-30T14:58:20.385303+08:00,1815.9221864270144
a3_d90,6,358,1226,230,1266,8647,116,29,0.3836206896551724,1.0,2021-08-10T10:40:30.470462+08:00,2026-07-30T19:16:26.983975+08:00,1815.3582929804727
a5_d60,6,358,931,62,1266,8647,22,32,0.6818181818181819,1.0,2021-07-28T11:23:26.517140+08:00,2026-07-30T17:53:13.571177+08:00,1828.2706834957996
a5_d60,6,358,948,5,1266,8647,38,30,0.7894736842105263,1.0,2021-07-28T11:23:26.517140+08:00,2026-07-30T19:40:09.728118+08:00,1828.344944571505
a5_d60,6,358,985,228,1266,8647,250,31,0.502,0.967741935483871,2021-08-01T15:00:09.698774+08:00,2026-07-30T12:09:35.830003+08:00,1823.8815524447791
a5_d60,6,358,1016,269,1266,8647,270,33,0.47777777777777775,1.0,2021-08-04T10:00:07.052765+08:00,2026-07-30T18:18:42.055844+08:00,1821.3462384615646
a5_d60,6,358,1116,183,1266,8647,192,27,0.5234375,0.962962962962963,2021-08-07T11:40:38.203042+08:00,2026-07-30T19:24:20.270916+08:00,1818.322014674467
a5_d60,6,358,1160,333,1266,8647,268,21,0.5149253731343284,1.0,2021-08-09T16:50:23.478009+08:00,2026-07-30T14:58:20.385303+08:00,1815.9221864270144
a5_d60,6,358,1226,230,1266,8647,116,29,0.3836206896551724,1.0,2021-08-10T10:40:30.470462+08:00,2026-07-30T19:16:26.983975+08:00,1815.3582929804727
a3_d60,6,358,931,62,1266,8647,22,32,0.6818181818181819,1.0,2021-07-28T11:23:26.517140+08:00,2026-07-30T17:53:13.571177+08:00,1828.2706834957996
a3_d60,6,358,948,5,1266,8647,38,30,0.7894736842105263,1.0,2021-07-28T11:23:26.517140+08:00,2026-07-30T19:40:09.728118+08:00,1828.344944571505
a3_d60,6,358,985,228,1266,8647,250,31,0.502,0.967741935483871,2021-08-01T15:00:09.698774+08:00,2026-07-30T12:09:35.830003+08:00,1823.8815524447791
a3_d60,6,358,1016,269,1266,8647,270,33,0.47777777777777775,1.0,2021-08-04T10:00:07.052765+08:00,2026-07-30T18:18:42.055844+08:00,1821.3462384615646
a3_d60,6,358,1116,183,1266,8647,192,27,0.5234375,0.962962962962963,2021-08-07T11:40:38.203042+08:00,2026-07-30T19:24:20.270916+08:00,1818.322014674467
a3_d60,6,358,1160,333,1266,8647,268,21,0.5149253731343284,1.0,2021-08-09T16:50:23.478009+08:00,2026-07-30T14:58:20.385303+08:00,1815.9221864270144
a3_d60,6,358,1226,230,1266,8647,116,29,0.3836206896551724,1.0,2021-08-10T10:40:30.470462+08:00,2026-07-30T19:16:26.983975+08:00,1815.3582929804727
a5_d90,6,374,985,228,1367,5818,12,40,0.8333333333333334,1.0,2021-08-01T15:00:09.698774+08:00,2026-07-30T12:09:35.830003+08:00,1823.8815524447791
a5_d90,6,374,1016,269,1367,5818,62,33,0.6693548387096775,1.0,2021-08-04T10:00:07.052765+08:00,2026-07-30T18:18:42.055844+08:00,1821.3462384615646
a5_d90,6,374,1116,183,1367,5818,46,34,0.7282608695652174,1.0,2021-08-07T11:40:38.203042+08:00,2026-07-30T19:24:20.270916+08:00,1818.322014674467
a5_d90,6,374,1160,333,1367,5818,28,35,0.6785714285714286,1.0,2021-08-09T16:50:23.478009+08:00,2026-07-30T14:58:20.385303+08:00,1815.9221864270144
a5_d90,6,374,1163,270,1367,5818,52,34,0.32692307692307687,1.0,2021-08-09T17:10:24.760844+08:00,2026-07-30T18:16:37.789517+08:00,1816.045984128159
a5_d90,6,374,1226,230,1367,5818,242,24,0.49586776859504134,1.0,2021-08-10T10:40:30.470462+08:00,2026-07-30T19:16:26.983975+08:00,1815.3582929804727
a5_d90,6,374,1333,1748,1367,5818,182,29,0.4917582417582418,0.9827586206896551,2021-08-12T12:50:29.726091+08:00,2026-07-30T19:40:22.516484+08:00,1813.284638777698
a5_d90,6,374,1364,1357,1367,5818,80,38,0.48124999999999996,1.0,2021-08-12T20:00:47.975043+08:00,2026-07-30T19:34:31.989272+08:00,1812.9817594239476
a3_d90,6,374,985,228,1367,5818,12,40,0.8333333333333334,1.0,2021-08-01T15:00:09.698774+08:00,2026-07-30T12:09:35.830003+08:00,1823.8815524447791
a3_d90,6,374,1016,269,1367,5818,62,33,0.6693548387096775,1.0,2021-08-04T10:00:07.052765+08:00,2026-07-30T18:18:42.055844+08:00,1821.3462384615646
a3_d90,6,374,1116,183,1367,5818,46,34,0.7282608695652174,1.0,2021-08-07T11:40:38.203042+08:00,2026-07-30T19:24:20.270916+08:00,1818.322014674467
a3_d90,6,374,1160,333,1367,5818,28,35,0.6785714285714286,1.0,2021-08-09T16:50:23.478009+08:00,2026-07-30T14:58:20.385303+08:00,1815.9221864270144
a3_d90,6,374,1163,270,1367,5818,52,34,0.32692307692307687,1.0,2021-08-09T17:10:24.760844+08:00,2026-07-30T18:16:37.789517+08:00,1816.045984128159
a3_d90,6,374,1226,230,1367,5818,242,24,0.49586776859504134,1.0,2021-08-10T10:40:30.470462+08:00,2026-07-30T19:16:26.983975+08:00,1815.3582929804727
a3_d90,6,374,1333,1748,1367,5818,182,29,0.4917582417582418,0.9827586206896551,2021-08-12T12:50:29.726091+08:00,2026-07-30T19:40:22.516484+08:00,1813.284638777698
a3_d90,6,374,1364,1357,1367,5818,80,38,0.48124999999999996,1.0,2021-08-12T20:00:47.975043+08:00,2026-07-30T19:34:31.989272+08:00,1812.9817594239476
a5_d60,6,374,985,228,1367,5818,12,40,0.8333333333333334,1.0,2021-08-01T15:00:09.698774+08:00,2026-07-30T12:09:35.830003+08:00,1823.8815524447791
a5_d60,6,374,1016,269,1367,5818,62,33,0.6693548387096775,1.0,2021-08-04T10:00:07.052765+08:00,2026-07-30T18:18:42.055844+08:00,1821.3462384615646
a5_d60,6,374,1116,183,1367,5818,46,34,0.7282608695652174,1.0,2021-08-07T11:40:38.203042+08:00,2026-07-30T19:24:20.270916+08:00,1818.322014674467
a5_d60,6,374,1160,333,1367,5818,28,35,0.6785714285714286,1.0,2021-08-09T16:50:23.478009+08:00,2026-07-30T14:58:20.385303+08:00,1815.9221864270144
a5_d60,6,374,1163,270,1367,5818,52,34,0.32692307692307687,1.0,2021-08-09T17:10:24.760844+08:00,2026-07-30T18:16:37.789517+08:00,1816.045984128159
a5_d60,6,374,1226,230,1367,5818,242,24,0.49586776859504134,1.0,2021-08-10T10:40:30.470462+08:00,2026-07-30T19:16:26.983975+08:00,1815.3582929804727
a5_d60,6,374,1333,1748,1367,5818,182,29,0.4917582417582418,0.9827586206896551,2021-08-12T12:50:29.726091+08:00,2026-07-30T19:40:22.516484+08:00,1813.284638777698
a5_d60,6,374,1364,1357,1367,5818,80,38,0.48124999999999996,1.0,2021-08-12T20:00:47.975043+08:00,2026-07-30T19:34:31.989272+08:00,1812.9817594239476
a3_d60,6,374,985,228,1367,5818,12,40,0.8333333333333334,1.0,2021-08-01T15:00:09.698774+08:00,2026-07-30T12:09:35.830003+08:00,1823.8815524447791
a3_d60,6,374,1016,269,1367,5818,62,33,0.6693548387096775,1.0,2021-08-04T10:00:07.052765+08:00,2026-07-30T18:18:42.055844+08:00,1821.3462384615646
a3_d60,6,374,1116,183,1367,5818,46,34,0.7282608695652174,1.0,2021-08-07T11:40:38.203042+08:00,2026-07-30T19:24:20.270916+08:00,1818.322014674467
a3_d60,6,374,1160,333,1367,5818,28,35,0.6785714285714286,1.0,2021-08-09T16:50:23.478009+08:00,2026-07-30T14:58:20.385303+08:00,1815.9221864270144
a3_d60,6,374,1163,270,1367,5818,52,34,0.32692307692307687,1.0,2021-08-09T17:10:24.760844+08:00,2026-07-30T18:16:37.789517+08:00,1816.045984128159
a3_d60,6,374,1226,230,1367,5818,242,24,0.49586776859504134,1.0,2021-08-10T10:40:30.470462+08:00,2026-07-30T19:16:26.983975+08:00,1815.3582929804727
a3_d60,6,374,1333,1748,1367,5818,182,29,0.4917582417582418,0.9827586206896551,2021-08-12T12:50:29.726091+08:00,2026-07-30T19:40:22.516484+08:00,1813.284638777698
a3_d60,6,374,1364,1357,1367,5818,80,38,0.48124999999999996,1.0,2021-08-12T20:00:47.975043+08:00,2026-07-30T19:34:31.989272+08:00,1812.9817594239476
a5_d90,6,592,985,228,1642,3882,40,29,0.5125,1.0,2021-08-01T15:00:09.698774+08:00,2026-07-30T12:09:35.830003+08:00,1823.8815524447791
a5_d90,6,592,1016,269,1642,3882,36,29,0.5972222222222222,1.0,2021-08-04T10:00:07.052765+08:00,2026-07-30T18:18:42.055844+08:00,1821.3462384615646
a5_d90,6,592,1116,183,1642,3882,66,22,0.5378787878787878,1.0,2021-08-07T11:40:38.203042+08:00,2026-07-30T19:24:20.270916+08:00,1818.322014674467
a5_d90,6,592,1160,333,1642,3882,64,27,0.578125,1.0,2021-08-09T16:50:23.478009+08:00,2026-07-30T14:58:20.385303+08:00,1815.9221864270144
a5_d90,6,592,1226,230,1642,3882,38,27,0.32894736842105265,1.0,2021-08-10T10:40:30.470462+08:00,2026-07-30T19:16:26.983975+08:00,1815.3582929804727
a5_d90,6,592,1333,1748,1642,3882,22,28,0.25,1.0,2021-08-12T12:50:29.726091+08:00,2026-07-30T19:40:22.516484+08:00,1813.284638777698
a5_d90,6,592,1364,1357,1642,3882,12,31,0.45833333333333337,0.9838709677419355,2021-08-12T20:00:47.975043+08:00,2026-07-30T19:34:31.989272+08:00,1812.9817594239476
a5_d90,6,592,1401,1184,1642,3882,58,24,0.3620689655172413,1.0,2021-08-13T10:31:12.725943+08:00,2026-07-30T19:06:59.339771+08:00,1812.3581784007863
a5_d90,6,592,1413,349,1642,3882,38,31,0.4736842105263158,1.0,2021-08-13T15:40:54.192247+08:00,2026-07-30T19:36:03.095993+08:00,1812.1632974970616
a5_d90,6,592,1470,355,1642,3882,10,33,0.65,1.0,2021-08-14T11:31:08.964431+08:00,2026-07-30T18:41:33.119071+08:00,1811.2988906787032
a5_d90,6,592,1511,929,1642,3882,20,34,0.525,1.0,2021-08-15T01:21:43.355933+08:00,2026-07-30T18:20:51.482212+08:00,1810.7077329430454
a5_d90,6,592,1555,1349,1642,3882,10,34,0.44999999999999996,0.9705882352941176,2021-08-15T15:42:21.066668+08:00,2026-07-30T17:37:48.980754+08:00,1810.0801841908087
a3_d90,6,592,985,228,1642,3882,40,29,0.5125,1.0,2021-08-01T15:00:09.698774+08:00,2026-07-30T12:09:35.830003+08:00,1823.8815524447791
a3_d90,6,592,1016,269,1642,3882,36,29,0.5972222222222222,1.0,2021-08-04T10:00:07.052765+08:00,2026-07-30T18:18:42.055844+08:00,1821.3462384615646
a3_d90,6,592,1116,183,1642,3882,66,22,0.5378787878787878,1.0,2021-08-07T11:40:38.203042+08:00,2026-07-30T19:24:20.270916+08:00,1818.322014674467
a3_d90,6,592,1160,333,1642,3882,64,27,0.578125,1.0,2021-08-09T16:50:23.478009+08:00,2026-07-30T14:58:20.385303+08:00,1815.9221864270144
a3_d90,6,592,1226,230,1642,3882,38,27,0.32894736842105265,1.0,2021-08-10T10:40:30.470462+08:00,2026-07-30T19:16:26.983975+08:00,1815.3582929804727
a3_d90,6,592,1333,1748,1642,3882,22,28,0.25,1.0,2021-08-12T12:50:29.726091+08:00,2026-07-30T19:40:22.516484+08:00,1813.284638777698
a3_d90,6,592,1364,1357,1642,3882,12,31,0.45833333333333337,0.9838709677419355,2021-08-12T20:00:47.975043+08:00,2026-07-30T19:34:31.989272+08:00,1812.9817594239476
a3_d90,6,592,1401,1184,1642,3882,58,24,0.3620689655172413,1.0,2021-08-13T10:31:12.725943+08:00,2026-07-30T19:06:59.339771+08:00,1812.3581784007863
a3_d90,6,592,1413,349,1642,3882,38,31,0.4736842105263158,1.0,2021-08-13T15:40:54.192247+08:00,2026-07-30T19:36:03.095993+08:00,1812.1632974970616
a3_d90,6,592,1470,355,1642,3882,10,33,0.65,1.0,2021-08-14T11:31:08.964431+08:00,2026-07-30T18:41:33.119071+08:00,1811.2988906787032
a3_d90,6,592,1511,929,1642,3882,20,34,0.525,1.0,2021-08-15T01:21:43.355933+08:00,2026-07-30T18:20:51.482212+08:00,1810.7077329430454
a3_d90,6,592,1555,1349,1642,3882,10,34,0.44999999999999996,0.9705882352941176,2021-08-15T15:42:21.066668+08:00,2026-07-30T17:37:48.980754+08:00,1810.0801841908087
a5_d60,6,592,985,228,1642,3882,40,29,0.5125,1.0,2021-08-01T15:00:09.698774+08:00,2026-07-30T12:09:35.830003+08:00,1823.8815524447791
a5_d60,6,592,1016,269,1642,3882,36,29,0.5972222222222222,1.0,2021-08-04T10:00:07.052765+08:00,2026-07-30T18:18:42.055844+08:00,1821.3462384615646
a5_d60,6,592,1116,183,1642,3882,66,22,0.5378787878787878,1.0,2021-08-07T11:40:38.203042+08:00,2026-07-30T19:24:20.270916+08:00,1818.322014674467
a5_d60,6,592,1160,333,1642,3882,64,27,0.578125,1.0,2021-08-09T16:50:23.478009+08:00,2026-07-30T14:58:20.385303+08:00,1815.9221864270144
a5_d60,6,592,1226,230,1642,3882,38,27,0.32894736842105265,1.0,2021-08-10T10:40:30.470462+08:00,2026-07-30T19:16:26.983975+08:00,1815.3582929804727
a5_d60,6,592,1333,1748,1642,3882,22,28,0.25,1.0,2021-08-12T12:50:29.726091+08:00,2026-07-30T19:40:22.516484+08:00,1813.284638777698
a5_d60,6,592,1364,1357,1642,3882,12,31,0.45833333333333337,0.9838709677419355,2021-08-12T20:00:47.975043+08:00,2026-07-30T19:34:31.989272+08:00,1812.9817594239476
a5_d60,6,592,1401,1184,1642,3882,58,24,0.3620689655172413,1.0,2021-08-13T10:31:12.725943+08:00,2026-07-30T19:06:59.339771+08:00,1812.3581784007863
a5_d60,6,592,1413,349,1642,3882,38,31,0.4736842105263158,1.0,2021-08-13T15:40:54.192247+08:00,2026-07-30T19:36:03.095993+08:00,1812.1632974970616
a5_d60,6,592,1470,355,1642,3882,10,33,0.65,1.0,2021-08-14T11:31:08.964431+08:00,2026-07-30T18:41:33.119071+08:00,1811.2988906787032
a5_d60,6,592,1511,929,1642,3882,20,34,0.525,1.0,2021-08-15T01:21:43.355933+08:00,2026-07-30T18:20:51.482212+08:00,1810.7077329430454
a5_d60,6,592,1555,1349,1642,3882,10,34,0.44999999999999996,0.9705882352941176,2021-08-15T15:42:21.066668+08:00,2026-07-30T17:37:48.980754+08:00,1810.0801841908087
a3_d60,6,592,985,228,1642,3882,40,29,0.5125,1.0,2021-08-01T15:00:09.698774+08:00,2026-07-30T12:09:35.830003+08:00,1823.8815524447791
a3_d60,6,592,1016,269,1642,3882,36,29,0.5972222222222222,1.0,2021-08-04T10:00:07.052765+08:00,2026-07-30T18:18:42.055844+08:00,1821.3462384615646
a3_d60,6,592,1116,183,1642,3882,66,22,0.5378787878787878,1.0,2021-08-07T11:40:38.203042+08:00,2026-07-30T19:24:20.270916+08:00,1818.322014674467
a3_d60,6,592,1160,333,1642,3882,64,27,0.578125,1.0,2021-08-09T16:50:23.478009+08:00,2026-07-30T14:58:20.385303+08:00,1815.9221864270144
a3_d60,6,592,1226,230,1642,3882,38,27,0.32894736842105265,1.0,2021-08-10T10:40:30.470462+08:00,2026-07-30T19:16:26.983975+08:00,1815.3582929804727
a3_d60,6,592,1333,1748,1642,3882,22,28,0.25,1.0,2021-08-12T12:50:29.726091+08:00,2026-07-30T19:40:22.516484+08:00,1813.284638777698
a3_d60,6,592,1364,1357,1642,3882,12,31,0.45833333333333337,0.9838709677419355,2021-08-12T20:00:47.975043+08:00,2026-07-30T19:34:31.989272+08:00,1812.9817594239476
a3_d60,6,592,1401,1184,1642,3882,58,24,0.3620689655172413,1.0,2021-08-13T10:31:12.725943+08:00,2026-07-30T19:06:59.339771+08:00,1812.3581784007863
a3_d60,6,592,1413,349,1642,3882,38,31,0.4736842105263158,1.0,2021-08-13T15:40:54.192247+08:00,2026-07-30T19:36:03.095993+08:00,1812.1632974970616
a3_d60,6,592,1470,355,1642,3882,10,33,0.65,1.0,2021-08-14T11:31:08.964431+08:00,2026-07-30T18:41:33.119071+08:00,1811.2988906787032
a3_d60,6,592,1511,929,1642,3882,20,34,0.525,1.0,2021-08-15T01:21:43.355933+08:00,2026-07-30T18:20:51.482212+08:00,1810.7077329430454
a3_d60,6,592,1555,1349,1642,3882,10,34,0.44999999999999996,0.9705882352941176,2021-08-15T15:42:21.066668+08:00,2026-07-30T17:37:48.980754+08:00,1810.0801841908087
a3_d90,6,993,1016,269,1325,6109,12,32,0.7083333333333333,0.578125,2021-08-04T10:00:07.052765+08:00,2026-07-30T18:18:42.055844+08:00,1821.3462384615646
a3_d90,6,993,1163,270,1325,6109,348,776,0.48994252873563215,0.5219072164948453,2021-08-09T17:10:24.760844+08:00,2026-07-30T18:16:37.789517+08:00,1816.045984128159
a3_d90,6,993,1226,230,1325,6109,62,56,0.6774193548387097,0.5803571428571428,2021-08-10T10:40:30.470462+08:00,2026-07-30T19:16:26.983975+08:00,1815.3582929804727
a3_d60,6,993,1016,269,1325,6109,12,32,0.7083333333333333,0.578125,2021-08-04T10:00:07.052765+08:00,2026-07-30T18:18:42.055844+08:00,1821.3462384615646
a3_d60,6,993,1163,270,1325,6109,348,776,0.48994252873563215,0.5219072164948453,2021-08-09T17:10:24.760844+08:00,2026-07-30T18:16:37.789517+08:00,1816.045984128159
a3_d60,6,993,1226,230,1325,6109,62,56,0.6774193548387097,0.5803571428571428,2021-08-10T10:40:30.470462+08:00,2026-07-30T19:16:26.983975+08:00,1815.3582929804727
a5_d90,6,1090,931,62,1186,1757,84,32,0.6964285714285714,1.0,2021-07-28T11:23:26.517140+08:00,2026-07-30T17:53:13.571177+08:00,1828.2706834957996
a5_d90,6,1090,948,5,1186,1757,84,31,0.7440476190476191,0.967741935483871,2021-07-28T11:23:26.517140+08:00,2026-07-30T19:40:09.728118+08:00,1828.344944571505
a5_d90,6,1090,985,228,1186,1757,212,26,0.5047169811320755,1.0,2021-08-01T15:00:09.698774+08:00,2026-07-30T12:09:35.830003+08:00,1823.8815524447791
a5_d90,6,1090,1016,269,1186,1757,282,34,0.50177304964539,0.9852941176470589,2021-08-04T10:00:07.052765+08:00,2026-07-30T18:18:42.055844+08:00,1821.3462384615646
a5_d90,6,1090,1116,183,1186,1757,212,23,0.5424528301886793,0.9782608695652174,2021-08-07T11:40:38.203042+08:00,2026-07-30T19:24:20.270916+08:00,1818.322014674467
a5_d90,6,1090,1160,333,1186,1757,222,23,0.5405405405405406,0.9782608695652174,2021-08-09T16:50:23.478009+08:00,2026-07-30T14:58:20.385303+08:00,1815.9221864270144
a5_d90,6,1090,1163,270,1186,1757,90,32,0.35,0.90625,2021-08-09T17:10:24.760844+08:00,2026-07-30T18:16:37.789517+08:00,1816.045984128159
a3_d90,6,1090,931,62,1186,1757,84,32,0.6964285714285714,1.0,2021-07-28T11:23:26.517140+08:00,2026-07-30T17:53:13.571177+08:00,1828.2706834957996
a3_d90,6,1090,948,5,1186,1757,84,31,0.7440476190476191,0.967741935483871,2021-07-28T11:23:26.517140+08:00,2026-07-30T19:40:09.728118+08:00,1828.344944571505
a3_d90,6,1090,985,228,1186,1757,212,26,0.5047169811320755,1.0,2021-08-01T15:00:09.698774+08:00,2026-07-30T12:09:35.830003+08:00,1823.8815524447791
a3_d90,6,1090,1016,269,1186,1757,282,34,0.50177304964539,0.9852941176470589,2021-08-04T10:00:07.052765+08:00,2026-07-30T18:18:42.055844+08:00,1821.3462384615646
a3_d90,6,1090,1116,183,1186,1757,212,23,0.5424528301886793,0.9782608695652174,2021-08-07T11:40:38.203042+08:00,2026-07-30T19:24:20.270916+08:00,1818.322014674467
a3_d90,6,1090,1160,333,1186,1757,222,23,0.5405405405405406,0.9782608695652174,2021-08-09T16:50:23.478009+08:00,2026-07-30T14:58:20.385303+08:00,1815.9221864270144
a3_d90,6,1090,1163,270,1186,1757,90,32,0.35,0.90625,2021-08-09T17:10:24.760844+08:00,2026-07-30T18:16:37.789517+08:00,1816.045984128159
a5_d60,6,1090,931,62,1186,1757,84,32,0.6964285714285714,1.0,2021-07-28T11:23:26.517140+08:00,2026-07-30T17:53:13.571177+08:00,1828.2706834957996
a5_d60,6,1090,948,5,1186,1757,84,31,0.7440476190476191,0.967741935483871,2021-07-28T11:23:26.517140+08:00,2026-07-30T19:40:09.728118+08:00,1828.344944571505
a5_d60,6,1090,985,228,1186,1757,212,26,0.5047169811320755,1.0,2021-08-01T15:00:09.698774+08:00,2026-07-30T12:09:35.830003+08:00,1823.8815524447791
a5_d60,6,1090,1016,269,1186,1757,282,34,0.50177304964539,0.9852941176470589,2021-08-04T10:00:07.052765+08:00,2026-07-30T18:18:42.055844+08:00,1821.3462384615646
a5_d60,6,1090,1116,183,1186,1757,212,23,0.5424528301886793,0.9782608695652174,2021-08-07T11:40:38.203042+08:00,2026-07-30T19:24:20.270916+08:00,1818.322014674467
a5_d60,6,1090,1160,333,1186,1757,222,23,0.5405405405405406,0.9782608695652174,2021-08-09T16:50:23.478009+08:00,2026-07-30T14:58:20.385303+08:00,1815.9221864270144
a5_d60,6,1090,1163,270,1186,1757,90,32,0.35,0.90625,2021-08-09T17:10:24.760844+08:00,2026-07-30T18:16:37.789517+08:00,1816.045984128159
a3_d60,6,1090,931,62,1186,1757,84,32,0.6964285714285714,1.0,2021-07-28T11:23:26.517140+08:00,2026-07-30T17:53:13.571177+08:00,1828.2706834957996
a3_d60,6,1090,948,5,1186,1757,84,31,0.7440476190476191,0.967741935483871,2021-07-28T11:23:26.517140+08:00,2026-07-30T19:40:09.728118+08:00,1828.344944571505
a3_d60,6,1090,985,228,1186,1757,212,26,0.5047169811320755,1.0,2021-08-01T15:00:09.698774+08:00,2026-07-30T12:09:35.830003+08:00,1823.8815524447791
a3_d60,6,1090,1016,269,1186,1757,282,34,0.50177304964539,0.9852941176470589,2021-08-04T10:00:07.052765+08:00,2026-07-30T18:18:42.055844+08:00,1821.3462384615646
a3_d60,6,1090,1116,183,1186,1757,212,23,0.5424528301886793,0.9782608695652174,2021-08-07T11:40:38.203042+08:00,2026-07-30T19:24:20.270916+08:00,1818.322014674467
a3_d60,6,1090,1160,333,1186,1757,222,23,0.5405405405405406,0.9782608695652174,2021-08-09T16:50:23.478009+08:00,2026-07-30T14:58:20.385303+08:00,1815.9221864270144
a3_d60,6,1090,1163,270,1186,1757,90,32,0.35,0.90625,2021-08-09T17:10:24.760844+08:00,2026-07-30T18:16:37.789517+08:00,1816.045984128159
a3_d90,6,1510,985,228,1172,4472,10,34,0.35,0.5588235294117647,2021-08-01T15:00:09.698774+08:00,2026-07-30T12:09:35.830003+08:00,1823.8815524447791
a3_d90,6,1510,1016,269,1172,4472,10,36,0.09999999999999998,0.5694444444444444,2021-08-04T10:00:07.052765+08:00,2026-07-30T18:18:42.055844+08:00,1821.3462384615646
a3_d90,6,1510,1116,183,1172,4472,12,33,0.41666666666666663,0.7727272727272727,2021-08-07T11:40:38.203042+08:00,2026-07-30T19:24:20.270916+08:00,1818.322014674467
a3_d90,6,1510,1160,333,1172,4472,20,31,0.4,0.5967741935483871,2021-08-09T16:50:23.478009+08:00,2026-07-30T14:58:20.385303+08:00,1815.9221864270144
a3_d60,6,1510,985,228,1172,4472,10,34,0.35,0.5588235294117647,2021-08-01T15:00:09.698774+08:00,2026-07-30T12:09:35.830003+08:00,1823.8815524447791
a3_d60,6,1510,1016,269,1172,4472,10,36,0.09999999999999998,0.5694444444444444,2021-08-04T10:00:07.052765+08:00,2026-07-30T18:18:42.055844+08:00,1821.3462384615646
a3_d60,6,1510,1116,183,1172,4472,12,33,0.41666666666666663,0.7727272727272727,2021-08-07T11:40:38.203042+08:00,2026-07-30T19:24:20.270916+08:00,1818.322014674467
a3_d60,6,1510,1160,333,1172,4472,20,31,0.4,0.5967741935483871,2021-08-09T16:50:23.478009+08:00,2026-07-30T14:58:20.385303+08:00,1815.9221864270144
a5_d90,6,1682,1116,183,4647,5231,24,37,0.5416666666666667,0.9324324324324325,2021-08-07T11:40:38.203042+08:00,2026-07-30T19:24:20.270916+08:00,1818.322014674467
a5_d90,6,1682,1160,333,4647,5231,30,25,0.5166666666666666,0.9,2021-08-09T16:50:23.478009+08:00,2026-07-30T14:58:20.385303+08:00,1815.9221864270144
a5_d90,6,1682,1163,270,4647,5231,10,329,0.44999999999999996,0.6899696048632219,2021-08-09T17:10:24.760844+08:00,2026-07-30T18:16:37.789517+08:00,1816.045984128159
a5_d90,6,1682,1226,230,4647,5231,48,40,0.41666666666666663,0.8125,2021-08-10T10:40:30.470462+08:00,2026-07-30T19:16:26.983975+08:00,1815.3582929804727
a5_d90,6,1682,1333,1748,4647,5231,32,30,0.515625,0.75,2021-08-12T12:50:29.726091+08:00,2026-07-30T19:40:22.516484+08:00,1813.284638777698
a5_d90,6,1682,1364,1357,4647,5231,20,42,0.55,0.8333333333333334,2021-08-12T20:00:47.975043+08:00,2026-07-30T19:34:31.989272+08:00,1812.9817594239476
a5_d90,6,1682,1372,509,4647,5231,16,107,0.3125,0.8130841121495327,2021-08-12T20:50:54.164212+08:00,2026-07-30T17:31:28.333766+08:00,1812.86150659206
a5_d90,6,1682,1401,1184,4647,5231,28,32,0.5357142857142857,0.765625,2021-08-13T10:31:12.725943+08:00,2026-07-30T19:06:59.339771+08:00,1812.3581784007863
a5_d90,6,1682,1413,349,4647,5231,50,37,0.54,0.8378378378378378,2021-08-13T15:40:54.192247+08:00,2026-07-30T19:36:03.095993+08:00,1812.1632974970616
a5_d90,6,1682,1511,929,4647,5231,50,29,0.62,0.9482758620689655,2021-08-15T01:21:43.355933+08:00,2026-07-30T18:20:51.482212+08:00,1810.7077329430454
a5_d90,6,1682,1555,1349,4647,5231,12,61,0.5,0.680327868852459,2021-08-15T15:42:21.066668+08:00,2026-07-30T17:37:48.980754+08:00,1810.0801841908087
a5_d90,6,1682,2284,390,4647,5231,12,193,0.375,0.7124352331606217,2021-08-17T14:17:23.181023+08:00,2026-07-30T19:40:09.728118+08:00,1808.2241498506373
a5_d90,6,1682,3250,1701,4647,5231,50,32,0.43000000000000005,0.8125,2021-08-18T21:17:43.320974+08:00,2026-07-30T19:42:46.702521+08:00,1806.9340669160529
a5_d90,6,1682,3413,1392,4647,5231,18,68,0.33333333333333337,0.7647058823529411,2021-08-18T22:17:56.104233+08:00,2026-07-30T19:06:59.339771+08:00,1806.8673985594676
a5_d90,6,1682,3424,549,4647,5231,12,35,0.5833333333333333,0.9142857142857143,2021-08-18T22:17:53.290229+08:00,2026-07-30T17:43:12.820235+08:00,1806.809253819513
a5_d90,6,1682,3524,2132,4647,5231,34,38,0.5294117647058824,0.8421052631578947,2021-08-19T00:03:06.840775+08:00,2026-07-30T19:13:36.511585+08:00,1806.7989545232638
a5_d90,6,1682,4472,1510,4647,5231,12,409,0.33333333333333337,0.6540342298288508,2021-08-20T16:45:51.564650+08:00,2026-07-30T14:51:38.683662+08:00,1804.9206842478227
a3_d90,6,1682,1116,183,4647,5231,24,37,0.5416666666666667,0.9324324324324325,2021-08-07T11:40:38.203042+08:00,2026-07-30T19:24:20.270916+08:00,1818.322014674467
a3_d90,6,1682,1160,333,4647,5231,30,25,0.5166666666666666,0.9,2021-08-09T16:50:23.478009+08:00,2026-07-30T14:58:20.385303+08:00,1815.9221864270144
a3_d90,6,1682,1163,270,4647,5231,10,329,0.44999999999999996,0.6899696048632219,2021-08-09T17:10:24.760844+08:00,2026-07-30T18:16:37.789517+08:00,1816.045984128159
a3_d90,6,1682,1226,230,4647,5231,48,40,0.41666666666666663,0.8125,2021-08-10T10:40:30.470462+08:00,2026-07-30T19:16:26.983975+08:00,1815.3582929804727
a3_d90,6,1682,1333,1748,4647,5231,32,30,0.515625,0.75,2021-08-12T12:50:29.726091+08:00,2026-07-30T19:40:22.516484+08:00,1813.284638777698
a3_d90,6,1682,1364,1357,4647,5231,20,42,0.55,0.8333333333333334,2021-08-12T20:00:47.975043+08:00,2026-07-30T19:34:31.989272+08:00,1812.9817594239476
a3_d90,6,1682,1372,509,4647,5231,16,107,0.3125,0.8130841121495327,2021-08-12T20:50:54.164212+08:00,2026-07-30T17:31:28.333766+08:00,1812.86150659206
a3_d90,6,1682,1401,1184,4647,5231,28,32,0.5357142857142857,0.765625,2021-08-13T10:31:12.725943+08:00,2026-07-30T19:06:59.339771+08:00,1812.3581784007863
a3_d90,6,1682,1413,349,4647,5231,50,37,0.54,0.8378378378378378,2021-08-13T15:40:54.192247+08:00,2026-07-30T19:36:03.095993+08:00,1812.1632974970616
a3_d90,6,1682,1511,929,4647,5231,50,29,0.62,0.9482758620689655,2021-08-15T01:21:43.355933+08:00,2026-07-30T18:20:51.482212+08:00,1810.7077329430454
a3_d90,6,1682,1555,1349,4647,5231,12,61,0.5,0.680327868852459,2021-08-15T15:42:21.066668+08:00,2026-07-30T17:37:48.980754+08:00,1810.0801841908087
a3_d90,6,1682,2284,390,4647,5231,12,193,0.375,0.7124352331606217,2021-08-17T14:17:23.181023+08:00,2026-07-30T19:40:09.728118+08:00,1808.2241498506373
a3_d90,6,1682,3250,1701,4647,5231,50,32,0.43000000000000005,0.8125,2021-08-18T21:17:43.320974+08:00,2026-07-30T19:42:46.702521+08:00,1806.9340669160529
a3_d90,6,1682,3413,1392,4647,5231,18,68,0.33333333333333337,0.7647058823529411,2021-08-18T22:17:56.104233+08:00,2026-07-30T19:06:59.339771+08:00,1806.8673985594676
a3_d90,6,1682,3424,549,4647,5231,12,35,0.5833333333333333,0.9142857142857143,2021-08-18T22:17:53.290229+08:00,2026-07-30T17:43:12.820235+08:00,1806.809253819513
a3_d90,6,1682,3524,2132,4647,5231,34,38,0.5294117647058824,0.8421052631578947,2021-08-19T00:03:06.840775+08:00,2026-07-30T19:13:36.511585+08:00,1806.7989545232638
a3_d90,6,1682,4472,1510,4647,5231,12,409,0.33333333333333337,0.6540342298288508,2021-08-20T16:45:51.564650+08:00,2026-07-30T14:51:38.683662+08:00,1804.9206842478227
a5_d60,6,1682,1116,183,4647,5231,24,37,0.5416666666666667,0.9324324324324325,2021-08-07T11:40:38.203042+08:00,2026-07-30T19:24:20.270916+08:00,1818.322014674467
a5_d60,6,1682,1160,333,4647,5231,30,25,0.5166666666666666,0.9,2021-08-09T16:50:23.478009+08:00,2026-07-30T14:58:20.385303+08:00,1815.9221864270144
a5_d60,6,1682,1163,270,4647,5231,10,329,0.44999999999999996,0.6899696048632219,2021-08-09T17:10:24.760844+08:00,2026-07-30T18:16:37.789517+08:00,1816.045984128159
a5_d60,6,1682,1226,230,4647,5231,48,40,0.41666666666666663,0.8125,2021-08-10T10:40:30.470462+08:00,2026-07-30T19:16:26.983975+08:00,1815.3582929804727
a5_d60,6,1682,1333,1748,4647,5231,32,30,0.515625,0.75,2021-08-12T12:50:29.726091+08:00,2026-07-30T19:40:22.516484+08:00,1813.284638777698
a5_d60,6,1682,1364,1357,4647,5231,20,42,0.55,0.8333333333333334,2021-08-12T20:00:47.975043+08:00,2026-07-30T19:34:31.989272+08:00,1812.9817594239476
a5_d60,6,1682,1372,509,4647,5231,16,107,0.3125,0.8130841121495327,2021-08-12T20:50:54.164212+08:00,2026-07-30T17:31:28.333766+08:00,1812.86150659206
a5_d60,6,1682,1401,1184,4647,5231,28,32,0.5357142857142857,0.765625,2021-08-13T10:31:12.725943+08:00,2026-07-30T19:06:59.339771+08:00,1812.3581784007863
a5_d60,6,1682,1413,349,4647,5231,50,37,0.54,0.8378378378378378,2021-08-13T15:40:54.192247+08:00,2026-07-30T19:36:03.095993+08:00,1812.1632974970616
a5_d60,6,1682,1511,929,4647,5231,50,29,0.62,0.9482758620689655,2021-08-15T01:21:43.355933+08:00,2026-07-30T18:20:51.482212+08:00,1810.7077329430454
a5_d60,6,1682,1555,1349,4647,5231,12,61,0.5,0.680327868852459,2021-08-15T15:42:21.066668+08:00,2026-07-30T17:37:48.980754+08:00,1810.0801841908087
a5_d60,6,1682,2284,390,4647,5231,12,193,0.375,0.7124352331606217,2021-08-17T14:17:23.181023+08:00,2026-07-30T19:40:09.728118+08:00,1808.2241498506373
a5_d60,6,1682,3250,1701,4647,5231,50,32,0.43000000000000005,0.8125,2021-08-18T21:17:43.320974+08:00,2026-07-30T19:42:46.702521+08:00,1806.9340669160529
a5_d60,6,1682,3413,1392,4647,5231,18,68,0.33333333333333337,0.7647058823529411,2021-08-18T22:17:56.104233+08:00,2026-07-30T19:06:59.339771+08:00,1806.8673985594676
a5_d60,6,1682,3424,549,4647,5231,12,35,0.5833333333333333,0.9142857142857143,2021-08-18T22:17:53.290229+08:00,2026-07-30T17:43:12.820235+08:00,1806.809253819513
a5_d60,6,1682,3524,2132,4647,5231,34,38,0.5294117647058824,0.8421052631578947,2021-08-19T00:03:06.840775+08:00,2026-07-30T19:13:36.511585+08:00,1806.7989545232638
a5_d60,6,1682,4472,1510,4647,5231,12,409,0.33333333333333337,0.6540342298288508,2021-08-20T16:45:51.564650+08:00,2026-07-30T14:51:38.683662+08:00,1804.9206842478227
a3_d60,6,1682,1116,183,4647,5231,24,37,0.5416666666666667,0.9324324324324325,2021-08-07T11:40:38.203042+08:00,2026-07-30T19:24:20.270916+08:00,1818.322014674467
a3_d60,6,1682,1160,333,4647,5231,30,25,0.5166666666666666,0.9,2021-08-09T16:50:23.478009+08:00,2026-07-30T14:58:20.385303+08:00,1815.9221864270144
a3_d60,6,1682,1163,270,4647,5231,10,329,0.44999999999999996,0.6899696048632219,2021-08-09T17:10:24.760844+08:00,2026-07-30T18:16:37.789517+08:00,1816.045984128159
a3_d60,6,1682,1226,230,4647,5231,48,40,0.41666666666666663,0.8125,2021-08-10T10:40:30.470462+08:00,2026-07-30T19:16:26.983975+08:00,1815.3582929804727
a3_d60,6,1682,1333,1748,4647,5231,32,30,0.515625,0.75,2021-08-12T12:50:29.726091+08:00,2026-07-30T19:40:22.516484+08:00,1813.284638777698
a3_d60,6,1682,1364,1357,4647,5231,20,42,0.55,0.8333333333333334,2021-08-12T20:00:47.975043+08:00,2026-07-30T19:34:31.989272+08:00,1812.9817594239476
a3_d60,6,1682,1372,509,4647,5231,16,107,0.3125,0.8130841121495327,2021-08-12T20:50:54.164212+08:00,2026-07-30T17:31:28.333766+08:00,1812.86150659206
a3_d60,6,1682,1401,1184,4647,5231,28,32,0.5357142857142857,0.765625,2021-08-13T10:31:12.725943+08:00,2026-07-30T19:06:59.339771+08:00,1812.3581784007863
a3_d60,6,1682,1413,349,4647,5231,50,37,0.54,0.8378378378378378,2021-08-13T15:40:54.192247+08:00,2026-07-30T19:36:03.095993+08:00,1812.1632974970616
a3_d60,6,1682,1511,929,4647,5231,50,29,0.62,0.9482758620689655,2021-08-15T01:21:43.355933+08:00,2026-07-30T18:20:51.482212+08:00,1810.7077329430454
a3_d60,6,1682,1555,1349,4647,5231,12,61,0.5,0.680327868852459,2021-08-15T15:42:21.066668+08:00,2026-07-30T17:37:48.980754+08:00,1810.0801841908087
a3_d60,6,1682,2284,390,4647,5231,12,193,0.375,0.7124352331606217,2021-08-17T14:17:23.181023+08:00,2026-07-30T19:40:09.728118+08:00,1808.2241498506373
a3_d60,6,1682,3250,1701,4647,5231,50,32,0.43000000000000005,0.8125,2021-08-18T21:17:43.320974+08:00,2026-07-30T19:42:46.702521+08:00,1806.9340669160529
a3_d60,6,1682,3413,1392,4647,5231,18,68,0.33333333333333337,0.7647058823529411,2021-08-18T22:17:56.104233+08:00,2026-07-30T19:06:59.339771+08:00,1806.8673985594676
a3_d60,6,1682,3424,549,4647,5231,12,35,0.5833333333333333,0.9142857142857143,2021-08-18T22:17:53.290229+08:00,2026-07-30T17:43:12.820235+08:00,1806.809253819513
a3_d60,6,1682,3524,2132,4647,5231,34,38,0.5294117647058824,0.8421052631578947,2021-08-19T00:03:06.840775+08:00,2026-07-30T19:13:36.511585+08:00,1806.7989545232638
a3_d60,6,1682,4472,1510,4647,5231,12,409,0.33333333333333337,0.6540342298288508,2021-08-20T16:45:51.564650+08:00,2026-07-30T14:51:38.683662+08:00,1804.9206842478227
a5_d90,6,2068,1757,1090,3489,8434,18,41,0.3055555555555556,0.13414634146341464,2021-08-16T14:17:19.769483+08:00,2026-07-30T19:12:05.076504+08:00,1809.2046910534827
a5_d90,6,2068,1780,261,3489,8434,176,36,0.44318181818181823,0.20833333333333337,2021-08-16T17:47:49.092814+08:00,2026-07-30T18:01:33.969657+08:00,1809.0095471856825
a5_d90,6,2068,2222,296,3489,8434,62,23,0.717741935483871,0.4565217391304348,2021-08-17T10:03:33.124431+08:00,2026-07-30T07:01:19.427198+08:00,1807.8734525783223
a5_d90,6,2068,2329,572,3489,8434,656,32,0.5221036585365854,0.21875,2021-08-17T18:03:11.134026+08:00,2026-07-30T11:37:45.465664+08:00,1807.732341801364
a5_d90,6,2068,2475,2305,3489,8434,564,39,0.5585106382978724,0.2435897435897436,2021-08-17T21:18:20.681741+08:00,2026-07-30T19:28:41.118670+08:00,1807.923847649641
a5_d90,6,2068,2743,468,3489,8434,800,35,0.47687500000000005,0.08571428571428574,2021-08-18T04:31:47.552949+08:00,2026-07-30T19:13:36.511585+08:00,1807.6123722064358
a5_d90,6,2068,2804,1260,3489,8434,560,33,0.4482142857142857,0.2272727272727273,2021-08-18T11:02:38.172201+08:00,2026-07-30T19:30:55.573588+08:00,1807.3529791827195
a5_d90,6,2068,2862,1843,3489,8434,708,20,0.4378531073446328,0.125,2021-08-18T13:18:33.554769+08:00,2026-07-30T13:18:49.551572+08:00,1807.0001851481834
a5_d90,6,2068,2907,2163,3489,8434,28,34,0.3035714285714286,0.22058823529411764,2021-08-18T16:16:50.727967+08:00,2026-07-30T19:45:55.344437+08:00,1807.145192320253
a5_d90,6,2068,2914,2339,3489,8434,86,22,0.40697674418604646,0.09090909090909094,2021-08-18T16:16:43.466978+08:00,2026-07-30T19:08:19.433769+08:00,1807.1191662823023
a5_d90,6,2068,2995,1981,3489,8434,384,35,0.42708333333333337,0.18571428571428572,2021-08-18T18:17:10.175919+08:00,2026-07-30T17:31:01.505006+08:00,1806.9679551977665
a5_d90,6,2068,3172,361,3489,8434,40,31,0.44999999999999996,0.19354838709677424,2021-08-18T20:48:22.003171+08:00,2026-07-30T19:46:08.710725+08:00,1806.956790596691
a5_d90,6,2068,3277,1406,3489,8434,196,33,0.6352040816326531,0.2727272727272727,2021-08-18T21:31:28.205921+08:00,2026-07-30T17:31:14.039939+08:00,1806.8331693752082
a5_d90,6,2068,3420,168,3489,8434,810,43,0.5055555555555555,0.2093023255813954,2021-08-18T22:17:42.842751+08:00,2026-07-30T16:39:35.505976+08:00,1806.7651928613998
a3_d90,6,2068,1757,1090,3489,8434,18,41,0.3055555555555556,0.13414634146341464,2021-08-16T14:17:19.769483+08:00,2026-07-30T19:12:05.076504+08:00,1809.2046910534827
a3_d90,6,2068,1780,261,3489,8434,176,36,0.44318181818181823,0.20833333333333337,2021-08-16T17:47:49.092814+08:00,2026-07-30T18:01:33.969657+08:00,1809.0095471856825
a3_d90,6,2068,2222,296,3489,8434,62,23,0.717741935483871,0.4565217391304348,2021-08-17T10:03:33.124431+08:00,2026-07-30T07:01:19.427198+08:00,1807.8734525783223
a3_d90,6,2068,2329,572,3489,8434,656,32,0.5221036585365854,0.21875,2021-08-17T18:03:11.134026+08:00,2026-07-30T11:37:45.465664+08:00,1807.732341801364
a3_d90,6,2068,2475,2305,3489,8434,564,39,0.5585106382978724,0.2435897435897436,2021-08-17T21:18:20.681741+08:00,2026-07-30T19:28:41.118670+08:00,1807.923847649641
a3_d90,6,2068,2743,468,3489,8434,800,35,0.47687500000000005,0.08571428571428574,2021-08-18T04:31:47.552949+08:00,2026-07-30T19:13:36.511585+08:00,1807.6123722064358
a3_d90,6,2068,2804,1260,3489,8434,560,33,0.4482142857142857,0.2272727272727273,2021-08-18T11:02:38.172201+08:00,2026-07-30T19:30:55.573588+08:00,1807.3529791827195
a3_d90,6,2068,2862,1843,3489,8434,708,20,0.4378531073446328,0.125,2021-08-18T13:18:33.554769+08:00,2026-07-30T13:18:49.551572+08:00,1807.0001851481834
a3_d90,6,2068,2907,2163,3489,8434,28,34,0.3035714285714286,0.22058823529411764,2021-08-18T16:16:50.727967+08:00,2026-07-30T19:45:55.344437+08:00,1807.145192320253
a3_d90,6,2068,2914,2339,3489,8434,86,22,0.40697674418604646,0.09090909090909094,2021-08-18T16:16:43.466978+08:00,2026-07-30T19:08:19.433769+08:00,1807.1191662823023
a3_d90,6,2068,2995,1981,3489,8434,384,35,0.42708333333333337,0.18571428571428572,2021-08-18T18:17:10.175919+08:00,2026-07-30T17:31:01.505006+08:00,1806.9679551977665
a3_d90,6,2068,3172,361,3489,8434,40,31,0.44999999999999996,0.19354838709677424,2021-08-18T20:48:22.003171+08:00,2026-07-30T19:46:08.710725+08:00,1806.956790596691
a3_d90,6,2068,3277,1406,3489,8434,196,33,0.6352040816326531,0.2727272727272727,2021-08-18T21:31:28.205921+08:00,2026-07-30T17:31:14.039939+08:00,1806.8331693752082
a3_d90,6,2068,3420,168,3489,8434,810,43,0.5055555555555555,0.2093023255813954,2021-08-18T22:17:42.842751+08:00,2026-07-30T16:39:35.505976+08:00,1806.7651928613998
a5_d60,6,2068,1757,1090,3489,8434,18,41,0.3055555555555556,0.13414634146341464,2021-08-16T14:17:19.769483+08:00,2026-07-30T19:12:05.076504+08:00,1809.2046910534827
a5_d60,6,2068,1780,261,3489,8434,176,36,0.44318181818181823,0.20833333333333337,2021-08-16T17:47:49.092814+08:00,2026-07-30T18:01:33.969657+08:00,1809.0095471856825
a5_d60,6,2068,2222,296,3489,8434,62,23,0.717741935483871,0.4565217391304348,2021-08-17T10:03:33.124431+08:00,2026-07-30T07:01:19.427198+08:00,1807.8734525783223
a5_d60,6,2068,2329,572,3489,8434,656,32,0.5221036585365854,0.21875,2021-08-17T18:03:11.134026+08:00,2026-07-30T11:37:45.465664+08:00,1807.732341801364
a5_d60,6,2068,2475,2305,3489,8434,564,39,0.5585106382978724,0.2435897435897436,2021-08-17T21:18:20.681741+08:00,2026-07-30T19:28:41.118670+08:00,1807.923847649641
a5_d60,6,2068,2743,468,3489,8434,800,35,0.47687500000000005,0.08571428571428574,2021-08-18T04:31:47.552949+08:00,2026-07-30T19:13:36.511585+08:00,1807.6123722064358
a5_d60,6,2068,2804,1260,3489,8434,560,33,0.4482142857142857,0.2272727272727273,2021-08-18T11:02:38.172201+08:00,2026-07-30T19:30:55.573588+08:00,1807.3529791827195
a5_d60,6,2068,2862,1843,3489,8434,708,20,0.4378531073446328,0.125,2021-08-18T13:18:33.554769+08:00,2026-07-30T13:18:49.551572+08:00,1807.0001851481834
a5_d60,6,2068,2907,2163,3489,8434,28,34,0.3035714285714286,0.22058823529411764,2021-08-18T16:16:50.727967+08:00,2026-07-30T19:45:55.344437+08:00,1807.145192320253
a5_d60,6,2068,2914,2339,3489,8434,86,22,0.40697674418604646,0.09090909090909094,2021-08-18T16:16:43.466978+08:00,2026-07-30T19:08:19.433769+08:00,1807.1191662823023
a5_d60,6,2068,2995,1981,3489,8434,384,35,0.42708333333333337,0.18571428571428572,2021-08-18T18:17:10.175919+08:00,2026-07-30T17:31:01.505006+08:00,1806.9679551977665
a5_d60,6,2068,3172,361,3489,8434,40,31,0.44999999999999996,0.19354838709677424,2021-08-18T20:48:22.003171+08:00,2026-07-30T19:46:08.710725+08:00,1806.956790596691
a5_d60,6,2068,3277,1406,3489,8434,196,33,0.6352040816326531,0.2727272727272727,2021-08-18T21:31:28.205921+08:00,2026-07-30T17:31:14.039939+08:00,1806.8331693752082
a5_d60,6,2068,3420,168,3489,8434,810,43,0.5055555555555555,0.2093023255813954,2021-08-18T22:17:42.842751+08:00,2026-07-30T16:39:35.505976+08:00,1806.7651928613998
a3_d60,6,2068,1757,1090,3489,8434,18,41,0.3055555555555556,0.13414634146341464,2021-08-16T14:17:19.769483+08:00,2026-07-30T19:12:05.076504+08:00,1809.2046910534827
a3_d60,6,2068,1780,261,3489,8434,176,36,0.44318181818181823,0.20833333333333337,2021-08-16T17:47:49.092814+08:00,2026-07-30T18:01:33.969657+08:00,1809.0095471856825
a3_d60,6,2068,2222,296,3489,8434,62,23,0.717741935483871,0.4565217391304348,2021-08-17T10:03:33.124431+08:00,2026-07-30T07:01:19.427198+08:00,1807.8734525783223
a3_d60,6,2068,2329,572,3489,8434,656,32,0.5221036585365854,0.21875,2021-08-17T18:03:11.134026+08:00,2026-07-30T11:37:45.465664+08:00,1807.732341801364
a3_d60,6,2068,2475,2305,3489,8434,564,39,0.5585106382978724,0.2435897435897436,2021-08-17T21:18:20.681741+08:00,2026-07-30T19:28:41.118670+08:00,1807.923847649641
a3_d60,6,2068,2743,468,3489,8434,800,35,0.47687500000000005,0.08571428571428574,2021-08-18T04:31:47.552949+08:00,2026-07-30T19:13:36.511585+08:00,1807.6123722064358
a3_d60,6,2068,2804,1260,3489,8434,560,33,0.4482142857142857,0.2272727272727273,2021-08-18T11:02:38.172201+08:00,2026-07-30T19:30:55.573588+08:00,1807.3529791827195
a3_d60,6,2068,2862,1843,3489,8434,708,20,0.4378531073446328,0.125,2021-08-18T13:18:33.554769+08:00,2026-07-30T13:18:49.551572+08:00,1807.0001851481834
a3_d60,6,2068,2907,2163,3489,8434,28,34,0.3035714285714286,0.22058823529411764,2021-08-18T16:16:50.727967+08:00,2026-07-30T19:45:55.344437+08:00,1807.145192320253
a3_d60,6,2068,2914,2339,3489,8434,86,22,0.40697674418604646,0.09090909090909094,2021-08-18T16:16:43.466978+08:00,2026-07-30T19:08:19.433769+08:00,1807.1191662823023
a3_d60,6,2068,2995,1981,3489,8434,384,35,0.42708333333333337,0.18571428571428572,2021-08-18T18:17:10.175919+08:00,2026-07-30T17:31:01.505006+08:00,1806.9679551977665
a3_d60,6,2068,3172,361,3489,8434,40,31,0.44999999999999996,0.19354838709677424,2021-08-18T20:48:22.003171+08:00,2026-07-30T19:46:08.710725+08:00,1806.956790596691
a3_d60,6,2068,3277,1406,3489,8434,196,33,0.6352040816326531,0.2727272727272727,2021-08-18T21:31:28.205921+08:00,2026-07-30T17:31:14.039939+08:00,1806.8331693752082
a3_d60,6,2068,3420,168,3489,8434,810,43,0.5055555555555555,0.2093023255813954,2021-08-18T22:17:42.842751+08:00,2026-07-30T16:39:35.505976+08:00,1806.7651928613998
a3_d90,6,2320,1757,1090,2688,4727,96,648,0.46354166666666663,0.5154320987654322,2021-08-16T14:17:19.769483+08:00,2026-07-30T19:12:05.076504+08:00,1809.2046910534827
a3_d90,6,2320,1780,261,2688,4727,60,345,0.6166666666666667,0.572463768115942,2021-08-16T17:47:49.092814+08:00,2026-07-30T18:01:33.969657+08:00,1809.0095471856825
a3_d90,6,2320,2475,2305,2688,4727,10,31,0.7,0.6935483870967742,2021-08-17T21:18:20.681741+08:00,2026-07-30T19:28:41.118670+08:00,1807.923847649641
a3_d60,6,2320,1757,1090,2688,4727,96,648,0.46354166666666663,0.5154320987654322,2021-08-16T14:17:19.769483+08:00,2026-07-30T19:12:05.076504+08:00,1809.2046910534827
a3_d60,6,2320,1780,261,2688,4727,60,345,0.6166666666666667,0.572463768115942,2021-08-16T17:47:49.092814+08:00,2026-07-30T18:01:33.969657+08:00,1809.0095471856825
a3_d60,6,2320,2475,2305,2688,4727,10,31,0.7,0.6935483870967742,2021-08-17T21:18:20.681741+08:00,2026-07-30T19:28:41.118670+08:00,1807.923847649641
a3_d90,32,2951,935,62,9943,11254,42,437,0.38095238095238093,0.5068649885583524,2023-01-29T09:54:01.290176+08:00,2026-07-30T14:43:22.548256+08:00,1278.200940487037
a3_d90,32,2951,951,5,9943,11254,34,443,0.5294117647058824,0.49435665914221216,2023-01-29T11:34:44.889781+08:00,2026-07-30T14:46:40.829034+08:00,1278.1332863339478
a3_d90,32,2951,9637,59,9943,11254,35,444,0.5142857142857142,0.5484234234234234,2023-01-29T11:34:44.889781+08:00,2026-07-30T19:14:19.685748+08:00,1278.3191527311008
a3_d60,32,2951,935,62,9943,11254,42,437,0.38095238095238093,0.5068649885583524,2023-01-29T09:54:01.290176+08:00,2026-07-30T14:43:22.548256+08:00,1278.200940487037
a3_d60,32,2951,951,5,9943,11254,34,443,0.5294117647058824,0.49435665914221216,2023-01-29T11:34:44.889781+08:00,2026-07-30T14:46:40.829034+08:00,1278.1332863339478
a3_d60,32,2951,9637,59,9943,11254,35,444,0.5142857142857142,0.5484234234234234,2023-01-29T11:34:44.889781+08:00,2026-07-30T19:14:19.685748+08:00,1278.3191527311008
a3_d90,34,3191,937,62,13739,14783,14,101,0.5,0.905940594059406,2021-07-28T11:26:39.172176+08:00,2026-07-30T08:14:22.444624+08:00,1827.8664730607416
a3_d90,34,3191,11801,3139,13739,14783,11,87,0.5454545454545454,0.9310344827586207,2022-02-24T10:24:14.803656+08:00,2026-07-30T08:58:20.628910+08:00,1616.9403451996986
a3_d90,34,3191,12012,2475,13739,14783,11,77,0.0,0.025974025974025983,2022-03-29T00:01:03.955801+08:00,2026-07-30T16:28:20.563895+08:00,1584.6856088899765
a3_d90,34,3191,13509,3236,13739,14783,10,97,0.19999999999999996,0.015463917525773141,2022-06-17T15:39:21.353612+08:00,2026-07-30T00:34:59.405541+08:00,1503.3719681936227
a3_d60,34,3191,937,62,13739,14783,14,101,0.5,0.905940594059406,2021-07-28T11:26:39.172176+08:00,2026-07-30T08:14:22.444624+08:00,1827.8664730607416
a3_d60,34,3191,11801,3139,13739,14783,11,87,0.5454545454545454,0.9310344827586207,2022-02-24T10:24:14.803656+08:00,2026-07-30T08:58:20.628910+08:00,1616.9403451996986
a3_d60,34,3191,12012,2475,13739,14783,11,77,0.0,0.025974025974025983,2022-03-29T00:01:03.955801+08:00,2026-07-30T16:28:20.563895+08:00,1584.6856088899765
a3_d60,34,3191,13509,3236,13739,14783,10,97,0.19999999999999996,0.015463917525773141,2022-06-17T15:39:21.353612+08:00,2026-07-30T00:34:59.405541+08:00,1503.3719681936227
a3_d90,34,3310,937,62,13494,25821,18,51,1.0,1.0,2021-07-28T11:26:39.172176+08:00,2026-07-30T08:14:22.444624+08:00,1827.8664730607416
a3_d90,34,3310,11801,3139,13494,25821,15,45,1.0,1.0,2022-02-24T10:24:14.803656+08:00,2026-07-30T08:58:20.628910+08:00,1616.9403451996986
a3_d90,34,3310,12012,2475,13494,25821,19,55,1.0,1.0,2022-03-29T00:01:03.955801+08:00,2026-07-30T16:28:20.563895+08:00,1584.6856088899765
a3_d90,34,3310,12335,3227,13494,25821,19,50,0.9736842105263158,1.0,2022-04-24T21:50:33.836171+08:00,2026-07-30T14:34:28.749258+08:00,1557.697163345916
a3_d60,34,3310,937,62,13494,25821,18,51,1.0,1.0,2021-07-28T11:26:39.172176+08:00,2026-07-30T08:14:22.444624+08:00,1827.8664730607416
a3_d60,34,3310,11801,3139,13494,25821,15,45,1.0,1.0,2022-02-24T10:24:14.803656+08:00,2026-07-30T08:58:20.628910+08:00,1616.9403451996986
a3_d60,34,3310,12012,2475,13494,25821,19,55,1.0,1.0,2022-03-29T00:01:03.955801+08:00,2026-07-30T16:28:20.563895+08:00,1584.6856088899765
a3_d60,34,3310,12335,3227,13494,25821,19,50,0.9736842105263158,1.0,2022-04-24T21:50:33.836171+08:00,2026-07-30T14:34:28.749258+08:00,1557.697163345916
a5_d90,47,1062,8726,62,9591,13286,55,36,0.8090909090909091,0.7638888888888888,2021-10-20T17:10:21.120451+08:00,2026-07-30T19:35:50.431059+08:00,1744.1010336875916
a5_d90,47,1062,9079,2738,9591,13286,52,35,0.7788461538461539,0.7,2021-11-10T12:32:48.200546+08:00,2026-07-30T13:42:56.731392+08:00,1723.0487098477533
a5_d90,47,1062,9114,2720,9591,13286,52,34,0.8365384615384616,0.7794117647058824,2021-11-11T16:11:53.505573+08:00,2026-07-30T16:47:07.998718+08:00,1722.0244733002892
a5_d90,47,1062,9127,2752,9591,13286,49,28,0.846938775510204,0.6428571428571428,2021-11-11T18:12:32.228989+08:00,2026-07-30T19:17:57.695351+08:00,1722.0454336384491
a5_d90,47,1062,9321,2707,9591,13286,54,38,0.8240740740740741,0.6973684210526316,2021-11-17T15:21:22.220035+08:00,2026-07-30T15:39:41.331296+08:00,1716.0127211951492
a5_d90,47,1062,9421,1177,9591,13286,67,34,0.8432835820895522,0.7647058823529411,2021-11-18T13:27:35.602012+08:00,2026-07-30T18:47:58.268991+08:00,1715.222484571517
a5_d90,47,1062,9431,2717,9591,13286,48,24,0.875,0.8125,2021-11-18T14:34:28.557148+08:00,2026-07-30T17:53:03.483119+08:00,1715.1379042357757
a5_d90,47,1062,9453,1524,9591,13286,60,28,0.8083333333333333,0.7678571428571428,2021-11-18T19:11:37.478315+08:00,2026-07-30T10:08:53.283263+08:00,1714.6230995943038
a5_d90,47,1062,9454,2783,9591,13286,60,42,0.7833333333333333,0.6547619047619048,2021-11-18T20:05:19.747653+08:00,2026-07-30T17:13:42.800805+08:00,1714.8808223744454
a5_d90,47,1062,9474,2855,9591,13286,36,27,0.8194444444444444,0.6666666666666667,2021-11-19T15:50:57.682709+08:00,2026-07-30T13:42:56.731392+08:00,1713.911100100497
a5_d90,47,1062,9476,2524,9591,13286,66,29,0.8484848484848485,0.7586206896551724,2021-11-19T16:27:13.873610+08:00,2026-07-30T17:13:04.274344+08:00,1714.0318333418281
a5_d90,47,1062,9501,2462,9591,13286,49,41,0.7755102040816326,0.7560975609756098,2021-11-20T14:50:29.394886+08:00,2026-07-30T14:02:27.630938+08:00,1712.9666462506023
a5_d90,47,1062,9564,2736,9591,13286,58,28,0.8706896551724138,0.7857142857142857,2021-11-21T19:19:35.724092+08:00,2026-07-30T19:45:05.054950+08:00,1712.0177005886342
a5_d90,47,1062,9583,2730,9591,13286,59,29,0.7457627118644068,0.7931034482758621,2021-11-22T00:51:01.989965+08:00,2026-07-30T18:45:29.956593+08:00,1711.7461570211583
a3_d90,47,1062,8726,62,9591,13286,55,36,0.8090909090909091,0.7638888888888888,2021-10-20T17:10:21.120451+08:00,2026-07-30T19:35:50.431059+08:00,1744.1010336875916
a3_d90,47,1062,9079,2738,9591,13286,52,35,0.7788461538461539,0.7,2021-11-10T12:32:48.200546+08:00,2026-07-30T13:42:56.731392+08:00,1723.0487098477533
a3_d90,47,1062,9114,2720,9591,13286,52,34,0.8365384615384616,0.7794117647058824,2021-11-11T16:11:53.505573+08:00,2026-07-30T16:47:07.998718+08:00,1722.0244733002892
a3_d90,47,1062,9127,2752,9591,13286,49,28,0.846938775510204,0.6428571428571428,2021-11-11T18:12:32.228989+08:00,2026-07-30T19:17:57.695351+08:00,1722.0454336384491
a3_d90,47,1062,9321,2707,9591,13286,54,38,0.8240740740740741,0.6973684210526316,2021-11-17T15:21:22.220035+08:00,2026-07-30T15:39:41.331296+08:00,1716.0127211951492
a3_d90,47,1062,9421,1177,9591,13286,67,34,0.8432835820895522,0.7647058823529411,2021-11-18T13:27:35.602012+08:00,2026-07-30T18:47:58.268991+08:00,1715.222484571517
a3_d90,47,1062,9431,2717,9591,13286,48,24,0.875,0.8125,2021-11-18T14:34:28.557148+08:00,2026-07-30T17:53:03.483119+08:00,1715.1379042357757
a3_d90,47,1062,9453,1524,9591,13286,60,28,0.8083333333333333,0.7678571428571428,2021-11-18T19:11:37.478315+08:00,2026-07-30T10:08:53.283263+08:00,1714.6230995943038
a3_d90,47,1062,9454,2783,9591,13286,60,42,0.7833333333333333,0.6547619047619048,2021-11-18T20:05:19.747653+08:00,2026-07-30T17:13:42.800805+08:00,1714.8808223744454
a3_d90,47,1062,9474,2855,9591,13286,36,27,0.8194444444444444,0.6666666666666667,2021-11-19T15:50:57.682709+08:00,2026-07-30T13:42:56.731392+08:00,1713.911100100497
a3_d90,47,1062,9476,2524,9591,13286,66,29,0.8484848484848485,0.7586206896551724,2021-11-19T16:27:13.873610+08:00,2026-07-30T17:13:04.274344+08:00,1714.0318333418281
a3_d90,47,1062,9501,2462,9591,13286,49,41,0.7755102040816326,0.7560975609756098,2021-11-20T14:50:29.394886+08:00,2026-07-30T14:02:27.630938+08:00,1712.9666462506023
a3_d90,47,1062,9564,2736,9591,13286,58,28,0.8706896551724138,0.7857142857142857,2021-11-21T19:19:35.724092+08:00,2026-07-30T19:45:05.054950+08:00,1712.0177005886342
a3_d90,47,1062,9583,2730,9591,13286,59,29,0.7457627118644068,0.7931034482758621,2021-11-22T00:51:01.989965+08:00,2026-07-30T18:45:29.956593+08:00,1711.7461570211583
a5_d60,47,1062,8726,62,9591,13286,55,36,0.8090909090909091,0.7638888888888888,2021-10-20T17:10:21.120451+08:00,2026-07-30T19:35:50.431059+08:00,1744.1010336875916
a5_d60,47,1062,9079,2738,9591,13286,52,35,0.7788461538461539,0.7,2021-11-10T12:32:48.200546+08:00,2026-07-30T13:42:56.731392+08:00,1723.0487098477533
a5_d60,47,1062,9114,2720,9591,13286,52,34,0.8365384615384616,0.7794117647058824,2021-11-11T16:11:53.505573+08:00,2026-07-30T16:47:07.998718+08:00,1722.0244733002892
a5_d60,47,1062,9127,2752,9591,13286,49,28,0.846938775510204,0.6428571428571428,2021-11-11T18:12:32.228989+08:00,2026-07-30T19:17:57.695351+08:00,1722.0454336384491
a5_d60,47,1062,9321,2707,9591,13286,54,38,0.8240740740740741,0.6973684210526316,2021-11-17T15:21:22.220035+08:00,2026-07-30T15:39:41.331296+08:00,1716.0127211951492
a5_d60,47,1062,9421,1177,9591,13286,67,34,0.8432835820895522,0.7647058823529411,2021-11-18T13:27:35.602012+08:00,2026-07-30T18:47:58.268991+08:00,1715.222484571517
a5_d60,47,1062,9431,2717,9591,13286,48,24,0.875,0.8125,2021-11-18T14:34:28.557148+08:00,2026-07-30T17:53:03.483119+08:00,1715.1379042357757
a5_d60,47,1062,9453,1524,9591,13286,60,28,0.8083333333333333,0.7678571428571428,2021-11-18T19:11:37.478315+08:00,2026-07-30T10:08:53.283263+08:00,1714.6230995943038
a5_d60,47,1062,9454,2783,9591,13286,60,42,0.7833333333333333,0.6547619047619048,2021-11-18T20:05:19.747653+08:00,2026-07-30T17:13:42.800805+08:00,1714.8808223744454
a5_d60,47,1062,9474,2855,9591,13286,36,27,0.8194444444444444,0.6666666666666667,2021-11-19T15:50:57.682709+08:00,2026-07-30T13:42:56.731392+08:00,1713.911100100497
a5_d60,47,1062,9476,2524,9591,13286,66,29,0.8484848484848485,0.7586206896551724,2021-11-19T16:27:13.873610+08:00,2026-07-30T17:13:04.274344+08:00,1714.0318333418281
a5_d60,47,1062,9501,2462,9591,13286,49,41,0.7755102040816326,0.7560975609756098,2021-11-20T14:50:29.394886+08:00,2026-07-30T14:02:27.630938+08:00,1712.9666462506023
a5_d60,47,1062,9564,2736,9591,13286,58,28,0.8706896551724138,0.7857142857142857,2021-11-21T19:19:35.724092+08:00,2026-07-30T19:45:05.054950+08:00,1712.0177005886342
a5_d60,47,1062,9583,2730,9591,13286,59,29,0.7457627118644068,0.7931034482758621,2021-11-22T00:51:01.989965+08:00,2026-07-30T18:45:29.956593+08:00,1711.7461570211583
a3_d60,47,1062,8726,62,9591,13286,55,36,0.8090909090909091,0.7638888888888888,2021-10-20T17:10:21.120451+08:00,2026-07-30T19:35:50.431059+08:00,1744.1010336875916
a3_d60,47,1062,9079,2738,9591,13286,52,35,0.7788461538461539,0.7,2021-11-10T12:32:48.200546+08:00,2026-07-30T13:42:56.731392+08:00,1723.0487098477533
a3_d60,47,1062,9114,2720,9591,13286,52,34,0.8365384615384616,0.7794117647058824,2021-11-11T16:11:53.505573+08:00,2026-07-30T16:47:07.998718+08:00,1722.0244733002892
a3_d60,47,1062,9127,2752,9591,13286,49,28,0.846938775510204,0.6428571428571428,2021-11-11T18:12:32.228989+08:00,2026-07-30T19:17:57.695351+08:00,1722.0454336384491
a3_d60,47,1062,9321,2707,9591,13286,54,38,0.8240740740740741,0.6973684210526316,2021-11-17T15:21:22.220035+08:00,2026-07-30T15:39:41.331296+08:00,1716.0127211951492
a3_d60,47,1062,9421,1177,9591,13286,67,34,0.8432835820895522,0.7647058823529411,2021-11-18T13:27:35.602012+08:00,2026-07-30T18:47:58.268991+08:00,1715.222484571517
a3_d60,47,1062,9431,2717,9591,13286,48,24,0.875,0.8125,2021-11-18T14:34:28.557148+08:00,2026-07-30T17:53:03.483119+08:00,1715.1379042357757
a3_d60,47,1062,9453,1524,9591,13286,60,28,0.8083333333333333,0.7678571428571428,2021-11-18T19:11:37.478315+08:00,2026-07-30T10:08:53.283263+08:00,1714.6230995943038
a3_d60,47,1062,9454,2783,9591,13286,60,42,0.7833333333333333,0.6547619047619048,2021-11-18T20:05:19.747653+08:00,2026-07-30T17:13:42.800805+08:00,1714.8808223744454
a3_d60,47,1062,9474,2855,9591,13286,36,27,0.8194444444444444,0.6666666666666667,2021-11-19T15:50:57.682709+08:00,2026-07-30T13:42:56.731392+08:00,1713.911100100497
a3_d60,47,1062,9476,2524,9591,13286,66,29,0.8484848484848485,0.7586206896551724,2021-11-19T16:27:13.873610+08:00,2026-07-30T17:13:04.274344+08:00,1714.0318333418281
a3_d60,47,1062,9501,2462,9591,13286,49,41,0.7755102040816326,0.7560975609756098,2021-11-20T14:50:29.394886+08:00,2026-07-30T14:02:27.630938+08:00,1712.9666462506023
a3_d60,47,1062,9564,2736,9591,13286,58,28,0.8706896551724138,0.7857142857142857,2021-11-21T19:19:35.724092+08:00,2026-07-30T19:45:05.054950+08:00,1712.0177005886342
a3_d60,47,1062,9583,2730,9591,13286,59,29,0.7457627118644068,0.7931034482758621,2021-11-22T00:51:01.989965+08:00,2026-07-30T18:45:29.956593+08:00,1711.7461570211583
a5_d90,47,1563,8726,62,9459,11544,11,108,1.0,0.6712962962962963,2021-10-20T17:10:21.120451+08:00,2026-07-30T19:35:50.431059+08:00,1744.1010336875916
a5_d90,47,1563,9079,2738,9459,11544,14,134,0.7142857142857143,0.6902985074626866,2021-11-10T12:32:48.200546+08:00,2026-07-30T13:42:56.731392+08:00,1723.0487098477533
a5_d90,47,1563,9114,2720,9459,11544,10,87,0.7,0.6436781609195402,2021-11-11T16:11:53.505573+08:00,2026-07-30T16:47:07.998718+08:00,1722.0244733002892
a5_d90,47,1563,9321,2707,9459,11544,14,128,0.8928571428571429,0.62890625,2021-11-17T15:21:22.220035+08:00,2026-07-30T15:39:41.331296+08:00,1716.0127211951492
a5_d90,47,1563,9421,1177,9459,11544,14,134,0.8571428571428572,0.6417910447761195,2021-11-18T13:27:35.602012+08:00,2026-07-30T18:47:58.268991+08:00,1715.222484571517
a5_d90,47,1563,9431,2717,9459,11544,10,118,0.9,0.6694915254237288,2021-11-18T14:34:28.557148+08:00,2026-07-30T17:53:03.483119+08:00,1715.1379042357757
a5_d90,47,1563,9454,2783,9459,11544,10,94,1.0,0.601063829787234,2021-11-18T20:05:19.747653+08:00,2026-07-30T17:13:42.800805+08:00,1714.8808223744454
a3_d90,47,1563,8726,62,9459,11544,11,108,1.0,0.6712962962962963,2021-10-20T17:10:21.120451+08:00,2026-07-30T19:35:50.431059+08:00,1744.1010336875916
a3_d90,47,1563,9079,2738,9459,11544,14,134,0.7142857142857143,0.6902985074626866,2021-11-10T12:32:48.200546+08:00,2026-07-30T13:42:56.731392+08:00,1723.0487098477533
a3_d90,47,1563,9114,2720,9459,11544,10,87,0.7,0.6436781609195402,2021-11-11T16:11:53.505573+08:00,2026-07-30T16:47:07.998718+08:00,1722.0244733002892
a3_d90,47,1563,9321,2707,9459,11544,14,128,0.8928571428571429,0.62890625,2021-11-17T15:21:22.220035+08:00,2026-07-30T15:39:41.331296+08:00,1716.0127211951492
a3_d90,47,1563,9421,1177,9459,11544,14,134,0.8571428571428572,0.6417910447761195,2021-11-18T13:27:35.602012+08:00,2026-07-30T18:47:58.268991+08:00,1715.222484571517
a3_d90,47,1563,9431,2717,9459,11544,10,118,0.9,0.6694915254237288,2021-11-18T14:34:28.557148+08:00,2026-07-30T17:53:03.483119+08:00,1715.1379042357757
a3_d90,47,1563,9454,2783,9459,11544,10,94,1.0,0.601063829787234,2021-11-18T20:05:19.747653+08:00,2026-07-30T17:13:42.800805+08:00,1714.8808223744454
a5_d60,47,1563,8726,62,9459,11544,11,108,1.0,0.6712962962962963,2021-10-20T17:10:21.120451+08:00,2026-07-30T19:35:50.431059+08:00,1744.1010336875916
a5_d60,47,1563,9079,2738,9459,11544,14,134,0.7142857142857143,0.6902985074626866,2021-11-10T12:32:48.200546+08:00,2026-07-30T13:42:56.731392+08:00,1723.0487098477533
a5_d60,47,1563,9114,2720,9459,11544,10,87,0.7,0.6436781609195402,2021-11-11T16:11:53.505573+08:00,2026-07-30T16:47:07.998718+08:00,1722.0244733002892
a5_d60,47,1563,9321,2707,9459,11544,14,128,0.8928571428571429,0.62890625,2021-11-17T15:21:22.220035+08:00,2026-07-30T15:39:41.331296+08:00,1716.0127211951492
a5_d60,47,1563,9421,1177,9459,11544,14,134,0.8571428571428572,0.6417910447761195,2021-11-18T13:27:35.602012+08:00,2026-07-30T18:47:58.268991+08:00,1715.222484571517
a5_d60,47,1563,9431,2717,9459,11544,10,118,0.9,0.6694915254237288,2021-11-18T14:34:28.557148+08:00,2026-07-30T17:53:03.483119+08:00,1715.1379042357757
a5_d60,47,1563,9454,2783,9459,11544,10,94,1.0,0.601063829787234,2021-11-18T20:05:19.747653+08:00,2026-07-30T17:13:42.800805+08:00,1714.8808223744454
a3_d60,47,1563,8726,62,9459,11544,11,108,1.0,0.6712962962962963,2021-10-20T17:10:21.120451+08:00,2026-07-30T19:35:50.431059+08:00,1744.1010336875916
a3_d60,47,1563,9079,2738,9459,11544,14,134,0.7142857142857143,0.6902985074626866,2021-11-10T12:32:48.200546+08:00,2026-07-30T13:42:56.731392+08:00,1723.0487098477533
a3_d60,47,1563,9114,2720,9459,11544,10,87,0.7,0.6436781609195402,2021-11-11T16:11:53.505573+08:00,2026-07-30T16:47:07.998718+08:00,1722.0244733002892
a3_d60,47,1563,9321,2707,9459,11544,14,128,0.8928571428571429,0.62890625,2021-11-17T15:21:22.220035+08:00,2026-07-30T15:39:41.331296+08:00,1716.0127211951492
a3_d60,47,1563,9421,1177,9459,11544,14,134,0.8571428571428572,0.6417910447761195,2021-11-18T13:27:35.602012+08:00,2026-07-30T18:47:58.268991+08:00,1715.222484571517
a3_d60,47,1563,9431,2717,9459,11544,10,118,0.9,0.6694915254237288,2021-11-18T14:34:28.557148+08:00,2026-07-30T17:53:03.483119+08:00,1715.1379042357757
a3_d60,47,1563,9454,2783,9459,11544,10,94,1.0,0.601063829787234,2021-11-18T20:05:19.747653+08:00,2026-07-30T17:13:42.800805+08:00,1714.8808223744454
a5_d90,47,2514,8726,62,10136,10640,11,134,0.7727272727272727,0.6343283582089552,2021-10-20T17:10:21.120451+08:00,2026-07-30T19:35:50.431059+08:00,1744.1010336875916
a5_d90,47,2514,9079,2738,10136,10640,10,128,0.7,0.42578125,2021-11-10T12:32:48.200546+08:00,2026-07-30T13:42:56.731392+08:00,1723.0487098477533
a5_d90,47,2514,9114,2720,10136,10640,12,130,0.875,0.5653846153846154,2021-11-11T16:11:53.505573+08:00,2026-07-30T16:47:07.998718+08:00,1722.0244733002892
a5_d90,47,2514,9321,2707,10136,10640,12,144,0.6666666666666667,0.4722222222222222,2021-11-17T15:21:22.220035+08:00,2026-07-30T15:39:41.331296+08:00,1716.0127211951492
a5_d90,47,2514,9602,2816,10136,10640,10,121,0.7,0.3801652892561983,2021-11-22T15:01:51.867725+08:00,2026-07-30T18:32:04.942509+08:00,1711.1459846618523
a5_d90,47,2514,9747,2843,10136,10640,10,135,0.6,0.5333333333333333,2021-11-24T16:19:30.890026+08:00,2026-07-30T19:18:12.663623+08:00,1709.1240946018172
a5_d90,47,2514,9958,2931,10136,10640,17,128,0.7941176470588236,0.65234375,2021-12-02T12:24:32.893037+08:00,2026-07-30T06:53:21.489868+08:00,1700.7700069077644
a5_d90,47,2514,10087,2839,10136,10640,11,125,0.36363636363636365,0.42800000000000005,2021-12-05T23:39:54.798508+08:00,2026-07-30T14:54:13.405935+08:00,1697.634937585962
a3_d90,47,2514,8726,62,10136,10640,11,134,0.7727272727272727,0.6343283582089552,2021-10-20T17:10:21.120451+08:00,2026-07-30T19:35:50.431059+08:00,1744.1010336875916
a3_d90,47,2514,9079,2738,10136,10640,10,128,0.7,0.42578125,2021-11-10T12:32:48.200546+08:00,2026-07-30T13:42:56.731392+08:00,1723.0487098477533
a3_d90,47,2514,9114,2720,10136,10640,12,130,0.875,0.5653846153846154,2021-11-11T16:11:53.505573+08:00,2026-07-30T16:47:07.998718+08:00,1722.0244733002892
a3_d90,47,2514,9321,2707,10136,10640,12,144,0.6666666666666667,0.4722222222222222,2021-11-17T15:21:22.220035+08:00,2026-07-30T15:39:41.331296+08:00,1716.0127211951492
a3_d90,47,2514,9602,2816,10136,10640,10,121,0.7,0.3801652892561983,2021-11-22T15:01:51.867725+08:00,2026-07-30T18:32:04.942509+08:00,1711.1459846618523
a3_d90,47,2514,9747,2843,10136,10640,10,135,0.6,0.5333333333333333,2021-11-24T16:19:30.890026+08:00,2026-07-30T19:18:12.663623+08:00,1709.1240946018172
a3_d90,47,2514,9958,2931,10136,10640,17,128,0.7941176470588236,0.65234375,2021-12-02T12:24:32.893037+08:00,2026-07-30T06:53:21.489868+08:00,1700.7700069077644
a3_d90,47,2514,10087,2839,10136,10640,11,125,0.36363636363636365,0.42800000000000005,2021-12-05T23:39:54.798508+08:00,2026-07-30T14:54:13.405935+08:00,1697.634937585962
a5_d60,47,2514,8726,62,10136,10640,11,134,0.7727272727272727,0.6343283582089552,2021-10-20T17:10:21.120451+08:00,2026-07-30T19:35:50.431059+08:00,1744.1010336875916
a5_d60,47,2514,9079,2738,10136,10640,10,128,0.7,0.42578125,2021-11-10T12:32:48.200546+08:00,2026-07-30T13:42:56.731392+08:00,1723.0487098477533
a5_d60,47,2514,9114,2720,10136,10640,12,130,0.875,0.5653846153846154,2021-11-11T16:11:53.505573+08:00,2026-07-30T16:47:07.998718+08:00,1722.0244733002892
a5_d60,47,2514,9321,2707,10136,10640,12,144,0.6666666666666667,0.4722222222222222,2021-11-17T15:21:22.220035+08:00,2026-07-30T15:39:41.331296+08:00,1716.0127211951492
a5_d60,47,2514,9602,2816,10136,10640,10,121,0.7,0.3801652892561983,2021-11-22T15:01:51.867725+08:00,2026-07-30T18:32:04.942509+08:00,1711.1459846618523
a5_d60,47,2514,9747,2843,10136,10640,10,135,0.6,0.5333333333333333,2021-11-24T16:19:30.890026+08:00,2026-07-30T19:18:12.663623+08:00,1709.1240946018172
a5_d60,47,2514,9958,2931,10136,10640,17,128,0.7941176470588236,0.65234375,2021-12-02T12:24:32.893037+08:00,2026-07-30T06:53:21.489868+08:00,1700.7700069077644
a5_d60,47,2514,10087,2839,10136,10640,11,125,0.36363636363636365,0.42800000000000005,2021-12-05T23:39:54.798508+08:00,2026-07-30T14:54:13.405935+08:00,1697.634937585962
a3_d60,47,2514,8726,62,10136,10640,11,134,0.7727272727272727,0.6343283582089552,2021-10-20T17:10:21.120451+08:00,2026-07-30T19:35:50.431059+08:00,1744.1010336875916
a3_d60,47,2514,9079,2738,10136,10640,10,128,0.7,0.42578125,2021-11-10T12:32:48.200546+08:00,2026-07-30T13:42:56.731392+08:00,1723.0487098477533
a3_d60,47,2514,9114,2720,10136,10640,12,130,0.875,0.5653846153846154,2021-11-11T16:11:53.505573+08:00,2026-07-30T16:47:07.998718+08:00,1722.0244733002892
a3_d60,47,2514,9321,2707,10136,10640,12,144,0.6666666666666667,0.4722222222222222,2021-11-17T15:21:22.220035+08:00,2026-07-30T15:39:41.331296+08:00,1716.0127211951492
a3_d60,47,2514,9602,2816,10136,10640,10,121,0.7,0.3801652892561983,2021-11-22T15:01:51.867725+08:00,2026-07-30T18:32:04.942509+08:00,1711.1459846618523
a3_d60,47,2514,9747,2843,10136,10640,10,135,0.6,0.5333333333333333,2021-11-24T16:19:30.890026+08:00,2026-07-30T19:18:12.663623+08:00,1709.1240946018172
a3_d60,47,2514,9958,2931,10136,10640,17,128,0.7941176470588236,0.65234375,2021-12-02T12:24:32.893037+08:00,2026-07-30T06:53:21.489868+08:00,1700.7700069077644
a3_d60,47,2514,10087,2839,10136,10640,11,125,0.36363636363636365,0.42800000000000005,2021-12-05T23:39:54.798508+08:00,2026-07-30T14:54:13.405935+08:00,1697.634937585962
a3_d90,47,2750,8726,62,9212,11580,13,114,1.0,0.6666666666666667,2021-10-20T17:10:21.120451+08:00,2026-07-30T19:35:50.431059+08:00,1744.1010336875916
a3_d90,47,2750,9114,2720,9212,11580,14,97,0.4285714285714286,0.6597938144329897,2021-11-11T16:11:53.505573+08:00,2026-07-30T16:47:07.998718+08:00,1722.0244733002892
a3_d90,47,2750,9127,2752,9212,11580,17,114,0.4117647058823529,0.6447368421052632,2021-11-11T18:12:32.228989+08:00,2026-07-30T19:17:57.695351+08:00,1722.0454336384491
a3_d60,47,2750,8726,62,9212,11580,13,114,1.0,0.6666666666666667,2021-10-20T17:10:21.120451+08:00,2026-07-30T19:35:50.431059+08:00,1744.1010336875916
a3_d60,47,2750,9114,2720,9212,11580,14,97,0.4285714285714286,0.6597938144329897,2021-11-11T16:11:53.505573+08:00,2026-07-30T16:47:07.998718+08:00,1722.0244733002892
a3_d60,47,2750,9127,2752,9212,11580,17,114,0.4117647058823529,0.6447368421052632,2021-11-11T18:12:32.228989+08:00,2026-07-30T19:17:57.695351+08:00,1722.0454336384491
a5_d90,47,2756,8516,5,9356,11335,22,96,0.7045454545454546,0.59375,2021-09-30T11:48:00.130861+08:00,2022-06-02T03:14:10.828654+08:00,244.64317937260424
a5_d90,47,2756,8726,62,9356,11335,18,139,0.8611111111111112,0.5935251798561151,2021-10-20T17:10:21.120451+08:00,2026-07-30T19:35:50.431059+08:00,1744.1010336875916
a5_d90,47,2756,9079,2738,9356,11335,21,138,0.5,0.4782608695652174,2021-11-10T12:32:48.200546+08:00,2026-07-30T13:42:56.731392+08:00,1723.0487098477533
a5_d90,47,2756,9114,2720,9356,11335,18,121,0.11111111111111116,0.5454545454545454,2021-11-11T16:11:53.505573+08:00,2026-07-30T16:47:07.998718+08:00,1722.0244733002892
a5_d90,47,2756,9127,2752,9356,11335,15,102,0.6666666666666667,0.553921568627451,2021-11-11T18:12:32.228989+08:00,2026-07-30T19:17:57.695351+08:00,1722.0454336384491
a5_d90,47,2756,9321,2707,9356,11335,16,133,0.375,0.5150375939849624,2021-11-17T15:21:22.220035+08:00,2026-07-30T15:39:41.331296+08:00,1716.0127211951492
a3_d90,47,2756,8516,5,9356,11335,22,96,0.7045454545454546,0.59375,2021-09-30T11:48:00.130861+08:00,2022-06-02T03:14:10.828654+08:00,244.64317937260424
a3_d90,47,2756,8726,62,9356,11335,18,139,0.8611111111111112,0.5935251798561151,2021-10-20T17:10:21.120451+08:00,2026-07-30T19:35:50.431059+08:00,1744.1010336875916
a3_d90,47,2756,9079,2738,9356,11335,21,138,0.5,0.4782608695652174,2021-11-10T12:32:48.200546+08:00,2026-07-30T13:42:56.731392+08:00,1723.0487098477533
a3_d90,47,2756,9114,2720,9356,11335,18,121,0.11111111111111116,0.5454545454545454,2021-11-11T16:11:53.505573+08:00,2026-07-30T16:47:07.998718+08:00,1722.0244733002892
a3_d90,47,2756,9127,2752,9356,11335,15,102,0.6666666666666667,0.553921568627451,2021-11-11T18:12:32.228989+08:00,2026-07-30T19:17:57.695351+08:00,1722.0454336384491
a3_d90,47,2756,9321,2707,9356,11335,16,133,0.375,0.5150375939849624,2021-11-17T15:21:22.220035+08:00,2026-07-30T15:39:41.331296+08:00,1716.0127211951492
a5_d60,47,2756,8516,5,9356,11335,22,96,0.7045454545454546,0.59375,2021-09-30T11:48:00.130861+08:00,2022-06-02T03:14:10.828654+08:00,244.64317937260424
a5_d60,47,2756,8726,62,9356,11335,18,139,0.8611111111111112,0.5935251798561151,2021-10-20T17:10:21.120451+08:00,2026-07-30T19:35:50.431059+08:00,1744.1010336875916
a5_d60,47,2756,9079,2738,9356,11335,21,138,0.5,0.4782608695652174,2021-11-10T12:32:48.200546+08:00,2026-07-30T13:42:56.731392+08:00,1723.0487098477533
a5_d60,47,2756,9114,2720,9356,11335,18,121,0.11111111111111116,0.5454545454545454,2021-11-11T16:11:53.505573+08:00,2026-07-30T16:47:07.998718+08:00,1722.0244733002892
a5_d60,47,2756,9127,2752,9356,11335,15,102,0.6666666666666667,0.553921568627451,2021-11-11T18:12:32.228989+08:00,2026-07-30T19:17:57.695351+08:00,1722.0454336384491
a5_d60,47,2756,9321,2707,9356,11335,16,133,0.375,0.5150375939849624,2021-11-17T15:21:22.220035+08:00,2026-07-30T15:39:41.331296+08:00,1716.0127211951492
a3_d60,47,2756,8516,5,9356,11335,22,96,0.7045454545454546,0.59375,2021-09-30T11:48:00.130861+08:00,2022-06-02T03:14:10.828654+08:00,244.64317937260424
a3_d60,47,2756,8726,62,9356,11335,18,139,0.8611111111111112,0.5935251798561151,2021-10-20T17:10:21.120451+08:00,2026-07-30T19:35:50.431059+08:00,1744.1010336875916
a3_d60,47,2756,9079,2738,9356,11335,21,138,0.5,0.4782608695652174,2021-11-10T12:32:48.200546+08:00,2026-07-30T13:42:56.731392+08:00,1723.0487098477533
a3_d60,47,2756,9114,2720,9356,11335,18,121,0.11111111111111116,0.5454545454545454,2021-11-11T16:11:53.505573+08:00,2026-07-30T16:47:07.998718+08:00,1722.0244733002892
a3_d60,47,2756,9127,2752,9356,11335,15,102,0.6666666666666667,0.553921568627451,2021-11-11T18:12:32.228989+08:00,2026-07-30T19:17:57.695351+08:00,1722.0454336384491
a3_d60,47,2756,9321,2707,9356,11335,16,133,0.375,0.5150375939849624,2021-11-17T15:21:22.220035+08:00,2026-07-30T15:39:41.331296+08:00,1716.0127211951492
a5_d90,47,2813,8516,5,10252,11645,29,69,0.7413793103448276,0.6811594202898551,2021-09-30T11:48:00.130861+08:00,2022-06-02T03:14:10.828654+08:00,244.64317937260424
a5_d90,47,2813,8726,62,10252,11645,23,119,0.7173913043478262,0.6638655462184874,2021-10-20T17:10:21.120451+08:00,2026-07-30T19:35:50.431059+08:00,1744.1010336875916
a5_d90,47,2813,9079,2738,10252,11645,26,108,0.6153846153846154,0.6481481481481481,2021-11-10T12:32:48.200546+08:00,2026-07-30T13:42:56.731392+08:00,1723.0487098477533
a5_d90,47,2813,9114,2720,10252,11645,23,95,0.6086956521739131,0.6368421052631579,2021-11-11T16:11:53.505573+08:00,2026-07-30T16:47:07.998718+08:00,1722.0244733002892
a5_d90,47,2813,9127,2752,10252,11645,14,107,0.6428571428571428,0.5093457943925234,2021-11-11T18:12:32.228989+08:00,2026-07-30T19:17:57.695351+08:00,1722.0454336384491
a5_d90,47,2813,9321,2707,10252,11645,23,109,0.5434782608695652,0.573394495412844,2021-11-17T15:21:22.220035+08:00,2026-07-30T15:39:41.331296+08:00,1716.0127211951492
a5_d90,47,2813,9421,1177,10252,11645,18,102,0.8055555555555556,0.7009803921568627,2021-11-18T13:27:35.602012+08:00,2026-07-30T18:47:58.268991+08:00,1715.222484571517
a5_d90,47,2813,9431,2717,10252,11645,24,106,0.7083333333333333,0.7452830188679245,2021-11-18T14:34:28.557148+08:00,2026-07-30T17:53:03.483119+08:00,1715.1379042357757
a5_d90,47,2813,9453,1524,10252,11645,18,112,0.6666666666666667,0.6428571428571428,2021-11-18T19:11:37.478315+08:00,2026-07-30T10:08:53.283263+08:00,1714.6230995943038
a5_d90,47,2813,9454,2783,10252,11645,21,110,0.5,0.5,2021-11-18T20:05:19.747653+08:00,2026-07-30T17:13:42.800805+08:00,1714.8808223744454
a5_d90,47,2813,9474,2855,10252,11645,21,125,0.6666666666666667,0.72,2021-11-19T15:50:57.682709+08:00,2026-07-30T13:42:56.731392+08:00,1713.911100100497
a5_d90,47,2813,9476,2524,10252,11645,18,129,0.7222222222222222,0.7015503875968992,2021-11-19T16:27:13.873610+08:00,2026-07-30T17:13:04.274344+08:00,1714.0318333418281
a5_d90,47,2813,9501,2462,10252,11645,20,114,0.6,0.6798245614035088,2021-11-20T14:50:29.394886+08:00,2026-07-30T14:02:27.630938+08:00,1712.9666462506023
a5_d90,47,2813,9564,2736,10252,11645,17,103,0.5882352941176471,0.6553398058252426,2021-11-21T19:19:35.724092+08:00,2026-07-30T19:45:05.054950+08:00,1712.0177005886342
a5_d90,47,2813,9583,2730,10252,11645,24,95,0.375,0.5842105263157895,2021-11-22T00:51:01.989965+08:00,2026-07-30T18:45:29.956593+08:00,1711.7461570211583
a5_d90,47,2813,9602,2816,10252,11645,16,129,0.46875,0.6937984496124031,2021-11-22T15:01:51.867725+08:00,2026-07-30T18:32:04.942509+08:00,1711.1459846618523
a5_d90,47,2813,9747,2843,10252,11645,18,130,0.4444444444444444,0.5923076923076923,2021-11-24T16:19:30.890026+08:00,2026-07-30T19:18:12.663623+08:00,1709.1240946018172
a5_d90,47,2813,9753,2809,10252,11645,28,97,0.1428571428571429,0.5721649484536082,2021-11-24T18:25:31.142013+08:00,2026-07-30T19:24:00.663483+08:00,1709.0406194614563
a5_d90,47,2813,9770,2903,10252,11645,17,105,0.3529411764705882,0.5523809523809524,2021-11-25T09:31:39.468647+08:00,2026-07-30T15:03:25.491684+08:00,1708.23039378515
a5_d90,47,2813,9862,1422,10252,11645,24,108,0.5625,0.5972222222222222,2021-11-26T20:08:10.589596+08:00,2026-07-30T18:47:58.268991+08:00,1706.9443018448492
a5_d90,47,2813,9958,2931,10252,11645,29,118,0.8620689655172413,0.652542372881356,2021-12-02T12:24:32.893037+08:00,2026-07-30T06:53:21.489868+08:00,1700.7700069077644
a5_d90,47,2813,10087,2839,10252,11645,20,104,0.35,0.5721153846153846,2021-12-05T23:39:54.798508+08:00,2026-07-30T14:54:13.405935+08:00,1697.634937585962
a5_d90,47,2813,10135,358,10252,11645,26,111,0.1923076923076923,0.6576576576576576,2021-12-07T10:10:19.577335+08:00,2026-07-30T19:18:12.663623+08:00,1696.3804755357432
a5_d90,47,2813,10226,2986,10252,11645,27,103,0.03703703703703709,0.5194174757281553,2021-12-11T10:42:42.962812+08:00,2026-07-30T17:31:08.958941+08:00,1692.2836342144565
a5_d90,47,2813,10240,2994,10252,11645,17,86,0.47058823529411764,0.5232558139534884,2021-12-12T22:54:59.083629+08:00,2026-07-30T11:12:58.596729+08:00,1690.512494364585
a3_d90,47,2813,8516,5,10252,11645,29,69,0.7413793103448276,0.6811594202898551,2021-09-30T11:48:00.130861+08:00,2022-06-02T03:14:10.828654+08:00,244.64317937260424
a3_d90,47,2813,8726,62,10252,11645,23,119,0.7173913043478262,0.6638655462184874,2021-10-20T17:10:21.120451+08:00,2026-07-30T19:35:50.431059+08:00,1744.1010336875916
a3_d90,47,2813,9079,2738,10252,11645,26,108,0.6153846153846154,0.6481481481481481,2021-11-10T12:32:48.200546+08:00,2026-07-30T13:42:56.731392+08:00,1723.0487098477533
a3_d90,47,2813,9114,2720,10252,11645,23,95,0.6086956521739131,0.6368421052631579,2021-11-11T16:11:53.505573+08:00,2026-07-30T16:47:07.998718+08:00,1722.0244733002892
a3_d90,47,2813,9127,2752,10252,11645,14,107,0.6428571428571428,0.5093457943925234,2021-11-11T18:12:32.228989+08:00,2026-07-30T19:17:57.695351+08:00,1722.0454336384491
a3_d90,47,2813,9321,2707,10252,11645,23,109,0.5434782608695652,0.573394495412844,2021-11-17T15:21:22.220035+08:00,2026-07-30T15:39:41.331296+08:00,1716.0127211951492
a3_d90,47,2813,9421,1177,10252,11645,18,102,0.8055555555555556,0.7009803921568627,2021-11-18T13:27:35.602012+08:00,2026-07-30T18:47:58.268991+08:00,1715.222484571517
a3_d90,47,2813,9431,2717,10252,11645,24,106,0.7083333333333333,0.7452830188679245,2021-11-18T14:34:28.557148+08:00,2026-07-30T17:53:03.483119+08:00,1715.1379042357757
a3_d90,47,2813,9453,1524,10252,11645,18,112,0.6666666666666667,0.6428571428571428,2021-11-18T19:11:37.478315+08:00,2026-07-30T10:08:53.283263+08:00,1714.6230995943038
a3_d90,47,2813,9454,2783,10252,11645,21,110,0.5,0.5,2021-11-18T20:05:19.747653+08:00,2026-07-30T17:13:42.800805+08:00,1714.8808223744454
a3_d90,47,2813,9474,2855,10252,11645,21,125,0.6666666666666667,0.72,2021-11-19T15:50:57.682709+08:00,2026-07-30T13:42:56.731392+08:00,1713.911100100497
a3_d90,47,2813,9476,2524,10252,11645,18,129,0.7222222222222222,0.7015503875968992,2021-11-19T16:27:13.873610+08:00,2026-07-30T17:13:04.274344+08:00,1714.0318333418281
a3_d90,47,2813,9501,2462,10252,11645,20,114,0.6,0.6798245614035088,2021-11-20T14:50:29.394886+08:00,2026-07-30T14:02:27.630938+08:00,1712.9666462506023
a3_d90,47,2813,9564,2736,10252,11645,17,103,0.5882352941176471,0.6553398058252426,2021-11-21T19:19:35.724092+08:00,2026-07-30T19:45:05.054950+08:00,1712.0177005886342
a3_d90,47,2813,9583,2730,10252,11645,24,95,0.375,0.5842105263157895,2021-11-22T00:51:01.989965+08:00,2026-07-30T18:45:29.956593+08:00,1711.7461570211583
a3_d90,47,2813,9602,2816,10252,11645,16,129,0.46875,0.6937984496124031,2021-11-22T15:01:51.867725+08:00,2026-07-30T18:32:04.942509+08:00,1711.1459846618523
a3_d90,47,2813,9747,2843,10252,11645,18,130,0.4444444444444444,0.5923076923076923,2021-11-24T16:19:30.890026+08:00,2026-07-30T19:18:12.663623+08:00,1709.1240946018172
a3_d90,47,2813,9753,2809,10252,11645,28,97,0.1428571428571429,0.5721649484536082,2021-11-24T18:25:31.142013+08:00,2026-07-30T19:24:00.663483+08:00,1709.0406194614563
a3_d90,47,2813,9770,2903,10252,11645,17,105,0.3529411764705882,0.5523809523809524,2021-11-25T09:31:39.468647+08:00,2026-07-30T15:03:25.491684+08:00,1708.23039378515
a3_d90,47,2813,9862,1422,10252,11645,24,108,0.5625,0.5972222222222222,2021-11-26T20:08:10.589596+08:00,2026-07-30T18:47:58.268991+08:00,1706.9443018448492
a3_d90,47,2813,9958,2931,10252,11645,29,118,0.8620689655172413,0.652542372881356,2021-12-02T12:24:32.893037+08:00,2026-07-30T06:53:21.489868+08:00,1700.7700069077644
a3_d90,47,2813,10087,2839,10252,11645,20,104,0.35,0.5721153846153846,2021-12-05T23:39:54.798508+08:00,2026-07-30T14:54:13.405935+08:00,1697.634937585962
a3_d90,47,2813,10135,358,10252,11645,26,111,0.1923076923076923,0.6576576576576576,2021-12-07T10:10:19.577335+08:00,2026-07-30T19:18:12.663623+08:00,1696.3804755357432
a3_d90,47,2813,10226,2986,10252,11645,27,103,0.03703703703703709,0.5194174757281553,2021-12-11T10:42:42.962812+08:00,2026-07-30T17:31:08.958941+08:00,1692.2836342144565
a3_d90,47,2813,10240,2994,10252,11645,17,86,0.47058823529411764,0.5232558139534884,2021-12-12T22:54:59.083629+08:00,2026-07-30T11:12:58.596729+08:00,1690.512494364585
a5_d60,47,2813,8516,5,10252,11645,29,69,0.7413793103448276,0.6811594202898551,2021-09-30T11:48:00.130861+08:00,2022-06-02T03:14:10.828654+08:00,244.64317937260424
a5_d60,47,2813,8726,62,10252,11645,23,119,0.7173913043478262,0.6638655462184874,2021-10-20T17:10:21.120451+08:00,2026-07-30T19:35:50.431059+08:00,1744.1010336875916
a5_d60,47,2813,9079,2738,10252,11645,26,108,0.6153846153846154,0.6481481481481481,2021-11-10T12:32:48.200546+08:00,2026-07-30T13:42:56.731392+08:00,1723.0487098477533
a5_d60,47,2813,9114,2720,10252,11645,23,95,0.6086956521739131,0.6368421052631579,2021-11-11T16:11:53.505573+08:00,2026-07-30T16:47:07.998718+08:00,1722.0244733002892
a5_d60,47,2813,9127,2752,10252,11645,14,107,0.6428571428571428,0.5093457943925234,2021-11-11T18:12:32.228989+08:00,2026-07-30T19:17:57.695351+08:00,1722.0454336384491
a5_d60,47,2813,9321,2707,10252,11645,23,109,0.5434782608695652,0.573394495412844,2021-11-17T15:21:22.220035+08:00,2026-07-30T15:39:41.331296+08:00,1716.0127211951492
a5_d60,47,2813,9421,1177,10252,11645,18,102,0.8055555555555556,0.7009803921568627,2021-11-18T13:27:35.602012+08:00,2026-07-30T18:47:58.268991+08:00,1715.222484571517
a5_d60,47,2813,9431,2717,10252,11645,24,106,0.7083333333333333,0.7452830188679245,2021-11-18T14:34:28.557148+08:00,2026-07-30T17:53:03.483119+08:00,1715.1379042357757
a5_d60,47,2813,9453,1524,10252,11645,18,112,0.6666666666666667,0.6428571428571428,2021-11-18T19:11:37.478315+08:00,2026-07-30T10:08:53.283263+08:00,1714.6230995943038
a5_d60,47,2813,9454,2783,10252,11645,21,110,0.5,0.5,2021-11-18T20:05:19.747653+08:00,2026-07-30T17:13:42.800805+08:00,1714.8808223744454
a5_d60,47,2813,9474,2855,10252,11645,21,125,0.6666666666666667,0.72,2021-11-19T15:50:57.682709+08:00,2026-07-30T13:42:56.731392+08:00,1713.911100100497
a5_d60,47,2813,9476,2524,10252,11645,18,129,0.7222222222222222,0.7015503875968992,2021-11-19T16:27:13.873610+08:00,2026-07-30T17:13:04.274344+08:00,1714.0318333418281
a5_d60,47,2813,9501,2462,10252,11645,20,114,0.6,0.6798245614035088,2021-11-20T14:50:29.394886+08:00,2026-07-30T14:02:27.630938+08:00,1712.9666462506023
a5_d60,47,2813,9564,2736,10252,11645,17,103,0.5882352941176471,0.6553398058252426,2021-11-21T19:19:35.724092+08:00,2026-07-30T19:45:05.054950+08:00,1712.0177005886342
a5_d60,47,2813,9583,2730,10252,11645,24,95,0.375,0.5842105263157895,2021-11-22T00:51:01.989965+08:00,2026-07-30T18:45:29.956593+08:00,1711.7461570211583
a5_d60,47,2813,9602,2816,10252,11645,16,129,0.46875,0.6937984496124031,2021-11-22T15:01:51.867725+08:00,2026-07-30T18:32:04.942509+08:00,1711.1459846618523
a5_d60,47,2813,9747,2843,10252,11645,18,130,0.4444444444444444,0.5923076923076923,2021-11-24T16:19:30.890026+08:00,2026-07-30T19:18:12.663623+08:00,1709.1240946018172
a5_d60,47,2813,9753,2809,10252,11645,28,97,0.1428571428571429,0.5721649484536082,2021-11-24T18:25:31.142013+08:00,2026-07-30T19:24:00.663483+08:00,1709.0406194614563
a5_d60,47,2813,9770,2903,10252,11645,17,105,0.3529411764705882,0.5523809523809524,2021-11-25T09:31:39.468647+08:00,2026-07-30T15:03:25.491684+08:00,1708.23039378515
a5_d60,47,2813,9862,1422,10252,11645,24,108,0.5625,0.5972222222222222,2021-11-26T20:08:10.589596+08:00,2026-07-30T18:47:58.268991+08:00,1706.9443018448492
a5_d60,47,2813,9958,2931,10252,11645,29,118,0.8620689655172413,0.652542372881356,2021-12-02T12:24:32.893037+08:00,2026-07-30T06:53:21.489868+08:00,1700.7700069077644
a5_d60,47,2813,10087,2839,10252,11645,20,104,0.35,0.5721153846153846,2021-12-05T23:39:54.798508+08:00,2026-07-30T14:54:13.405935+08:00,1697.634937585962
a5_d60,47,2813,10135,358,10252,11645,26,111,0.1923076923076923,0.6576576576576576,2021-12-07T10:10:19.577335+08:00,2026-07-30T19:18:12.663623+08:00,1696.3804755357432
a5_d60,47,2813,10226,2986,10252,11645,27,103,0.03703703703703709,0.5194174757281553,2021-12-11T10:42:42.962812+08:00,2026-07-30T17:31:08.958941+08:00,1692.2836342144565
a5_d60,47,2813,10240,2994,10252,11645,17,86,0.47058823529411764,0.5232558139534884,2021-12-12T22:54:59.083629+08:00,2026-07-30T11:12:58.596729+08:00,1690.512494364585
a3_d60,47,2813,8516,5,10252,11645,29,69,0.7413793103448276,0.6811594202898551,2021-09-30T11:48:00.130861+08:00,2022-06-02T03:14:10.828654+08:00,244.64317937260424
a3_d60,47,2813,8726,62,10252,11645,23,119,0.7173913043478262,0.6638655462184874,2021-10-20T17:10:21.120451+08:00,2026-07-30T19:35:50.431059+08:00,1744.1010336875916
a3_d60,47,2813,9079,2738,10252,11645,26,108,0.6153846153846154,0.6481481481481481,2021-11-10T12:32:48.200546+08:00,2026-07-30T13:42:56.731392+08:00,1723.0487098477533
a3_d60,47,2813,9114,2720,10252,11645,23,95,0.6086956521739131,0.6368421052631579,2021-11-11T16:11:53.505573+08:00,2026-07-30T16:47:07.998718+08:00,1722.0244733002892
a3_d60,47,2813,9127,2752,10252,11645,14,107,0.6428571428571428,0.5093457943925234,2021-11-11T18:12:32.228989+08:00,2026-07-30T19:17:57.695351+08:00,1722.0454336384491
a3_d60,47,2813,9321,2707,10252,11645,23,109,0.5434782608695652,0.573394495412844,2021-11-17T15:21:22.220035+08:00,2026-07-30T15:39:41.331296+08:00,1716.0127211951492
a3_d60,47,2813,9421,1177,10252,11645,18,102,0.8055555555555556,0.7009803921568627,2021-11-18T13:27:35.602012+08:00,2026-07-30T18:47:58.268991+08:00,1715.222484571517
a3_d60,47,2813,9431,2717,10252,11645,24,106,0.7083333333333333,0.7452830188679245,2021-11-18T14:34:28.557148+08:00,2026-07-30T17:53:03.483119+08:00,1715.1379042357757
a3_d60,47,2813,9453,1524,10252,11645,18,112,0.6666666666666667,0.6428571428571428,2021-11-18T19:11:37.478315+08:00,2026-07-30T10:08:53.283263+08:00,1714.6230995943038
a3_d60,47,2813,9454,2783,10252,11645,21,110,0.5,0.5,2021-11-18T20:05:19.747653+08:00,2026-07-30T17:13:42.800805+08:00,1714.8808223744454
a3_d60,47,2813,9474,2855,10252,11645,21,125,0.6666666666666667,0.72,2021-11-19T15:50:57.682709+08:00,2026-07-30T13:42:56.731392+08:00,1713.911100100497
a3_d60,47,2813,9476,2524,10252,11645,18,129,0.7222222222222222,0.7015503875968992,2021-11-19T16:27:13.873610+08:00,2026-07-30T17:13:04.274344+08:00,1714.0318333418281
a3_d60,47,2813,9501,2462,10252,11645,20,114,0.6,0.6798245614035088,2021-11-20T14:50:29.394886+08:00,2026-07-30T14:02:27.630938+08:00,1712.9666462506023
a3_d60,47,2813,9564,2736,10252,11645,17,103,0.5882352941176471,0.6553398058252426,2021-11-21T19:19:35.724092+08:00,2026-07-30T19:45:05.054950+08:00,1712.0177005886342
a3_d60,47,2813,9583,2730,10252,11645,24,95,0.375,0.5842105263157895,2021-11-22T00:51:01.989965+08:00,2026-07-30T18:45:29.956593+08:00,1711.7461570211583
a3_d60,47,2813,9602,2816,10252,11645,16,129,0.46875,0.6937984496124031,2021-11-22T15:01:51.867725+08:00,2026-07-30T18:32:04.942509+08:00,1711.1459846618523
a3_d60,47,2813,9747,2843,10252,11645,18,130,0.4444444444444444,0.5923076923076923,2021-11-24T16:19:30.890026+08:00,2026-07-30T19:18:12.663623+08:00,1709.1240946018172
a3_d60,47,2813,9753,2809,10252,11645,28,97,0.1428571428571429,0.5721649484536082,2021-11-24T18:25:31.142013+08:00,2026-07-30T19:24:00.663483+08:00,1709.0406194614563
a3_d60,47,2813,9770,2903,10252,11645,17,105,0.3529411764705882,0.5523809523809524,2021-11-25T09:31:39.468647+08:00,2026-07-30T15:03:25.491684+08:00,1708.23039378515
a3_d60,47,2813,9862,1422,10252,11645,24,108,0.5625,0.5972222222222222,2021-11-26T20:08:10.589596+08:00,2026-07-30T18:47:58.268991+08:00,1706.9443018448492
a3_d60,47,2813,9958,2931,10252,11645,29,118,0.8620689655172413,0.652542372881356,2021-12-02T12:24:32.893037+08:00,2026-07-30T06:53:21.489868+08:00,1700.7700069077644
a3_d60,47,2813,10087,2839,10252,11645,20,104,0.35,0.5721153846153846,2021-12-05T23:39:54.798508+08:00,2026-07-30T14:54:13.405935+08:00,1697.634937585962
a3_d60,47,2813,10135,358,10252,11645,26,111,0.1923076923076923,0.6576576576576576,2021-12-07T10:10:19.577335+08:00,2026-07-30T19:18:12.663623+08:00,1696.3804755357432
a3_d60,47,2813,10226,2986,10252,11645,27,103,0.03703703703703709,0.5194174757281553,2021-12-11T10:42:42.962812+08:00,2026-07-30T17:31:08.958941+08:00,1692.2836342144565
a3_d60,47,2813,10240,2994,10252,11645,17,86,0.47058823529411764,0.5232558139534884,2021-12-12T22:54:59.083629+08:00,2026-07-30T11:12:58.596729+08:00,1690.512494364585
a5_d90,47,2980,9079,2738,10175,11671,14,99,0.5714285714285714,0.7272727272727273,2021-11-10T12:32:48.200546+08:00,2026-07-30T13:42:56.731392+08:00,1723.0487098477533
a5_d90,47,2980,9114,2720,10175,11671,10,101,0.30000000000000004,0.6039603960396039,2021-11-11T16:11:53.505573+08:00,2026-07-30T16:47:07.998718+08:00,1722.0244733002892
a5_d90,47,2980,9321,2707,10175,11671,14,99,0.4285714285714286,0.595959595959596,2021-11-17T15:21:22.220035+08:00,2026-07-30T15:39:41.331296+08:00,1716.0127211951492
a5_d90,47,2980,9421,1177,10175,11671,13,102,0.5769230769230769,0.75,2021-11-18T13:27:35.602012+08:00,2026-07-30T18:47:58.268991+08:00,1715.222484571517
a5_d90,47,2980,9454,2783,10175,11671,10,99,0.4,0.6111111111111112,2021-11-18T20:05:19.747653+08:00,2026-07-30T17:13:42.800805+08:00,1714.8808223744454
a5_d90,47,2980,9474,2855,10175,11671,12,108,0.7916666666666666,0.7037037037037037,2021-11-19T15:50:57.682709+08:00,2026-07-30T13:42:56.731392+08:00,1713.911100100497
a5_d90,47,2980,9583,2730,10175,11671,12,114,0.25,0.6271929824561404,2021-11-22T00:51:01.989965+08:00,2026-07-30T18:45:29.956593+08:00,1711.7461570211583
a5_d90,47,2980,9602,2816,10175,11671,11,102,0.31818181818181823,0.6911764705882353,2021-11-22T15:01:51.867725+08:00,2026-07-30T18:32:04.942509+08:00,1711.1459846618523
a5_d90,47,2980,9747,2843,10175,11671,12,106,0.16666666666666663,0.6320754716981132,2021-11-24T16:19:30.890026+08:00,2026-07-30T19:18:12.663623+08:00,1709.1240946018172
a5_d90,47,2980,9753,2809,10175,11671,17,102,0.05882352941176472,0.5833333333333333,2021-11-24T18:25:31.142013+08:00,2026-07-30T19:24:00.663483+08:00,1709.0406194614563
a5_d90,47,2980,9958,2931,10175,11671,10,97,0.65,0.6958762886597938,2021-12-02T12:24:32.893037+08:00,2026-07-30T06:53:21.489868+08:00,1700.7700069077644
a5_d90,47,2980,10135,358,10175,11671,11,115,0.5909090909090908,0.5869565217391304,2021-12-07T10:10:19.577335+08:00,2026-07-30T19:18:12.663623+08:00,1696.3804755357432
a3_d90,47,2980,9079,2738,10175,11671,14,99,0.5714285714285714,0.7272727272727273,2021-11-10T12:32:48.200546+08:00,2026-07-30T13:42:56.731392+08:00,1723.0487098477533
a3_d90,47,2980,9114,2720,10175,11671,10,101,0.30000000000000004,0.6039603960396039,2021-11-11T16:11:53.505573+08:00,2026-07-30T16:47:07.998718+08:00,1722.0244733002892
a3_d90,47,2980,9321,2707,10175,11671,14,99,0.4285714285714286,0.595959595959596,2021-11-17T15:21:22.220035+08:00,2026-07-30T15:39:41.331296+08:00,1716.0127211951492
a3_d90,47,2980,9421,1177,10175,11671,13,102,0.5769230769230769,0.75,2021-11-18T13:27:35.602012+08:00,2026-07-30T18:47:58.268991+08:00,1715.222484571517
a3_d90,47,2980,9454,2783,10175,11671,10,99,0.4,0.6111111111111112,2021-11-18T20:05:19.747653+08:00,2026-07-30T17:13:42.800805+08:00,1714.8808223744454
a3_d90,47,2980,9474,2855,10175,11671,12,108,0.7916666666666666,0.7037037037037037,2021-11-19T15:50:57.682709+08:00,2026-07-30T13:42:56.731392+08:00,1713.911100100497
a3_d90,47,2980,9583,2730,10175,11671,12,114,0.25,0.6271929824561404,2021-11-22T00:51:01.989965+08:00,2026-07-30T18:45:29.956593+08:00,1711.7461570211583
a3_d90,47,2980,9602,2816,10175,11671,11,102,0.31818181818181823,0.6911764705882353,2021-11-22T15:01:51.867725+08:00,2026-07-30T18:32:04.942509+08:00,1711.1459846618523
a3_d90,47,2980,9747,2843,10175,11671,12,106,0.16666666666666663,0.6320754716981132,2021-11-24T16:19:30.890026+08:00,2026-07-30T19:18:12.663623+08:00,1709.1240946018172
a3_d90,47,2980,9753,2809,10175,11671,17,102,0.05882352941176472,0.5833333333333333,2021-11-24T18:25:31.142013+08:00,2026-07-30T19:24:00.663483+08:00,1709.0406194614563
a3_d90,47,2980,9958,2931,10175,11671,10,97,0.65,0.6958762886597938,2021-12-02T12:24:32.893037+08:00,2026-07-30T06:53:21.489868+08:00,1700.7700069077644
a3_d90,47,2980,10135,358,10175,11671,11,115,0.5909090909090908,0.5869565217391304,2021-12-07T10:10:19.577335+08:00,2026-07-30T19:18:12.663623+08:00,1696.3804755357432
a5_d60,47,2980,9079,2738,10175,11671,14,99,0.5714285714285714,0.7272727272727273,2021-11-10T12:32:48.200546+08:00,2026-07-30T13:42:56.731392+08:00,1723.0487098477533
a5_d60,47,2980,9114,2720,10175,11671,10,101,0.30000000000000004,0.6039603960396039,2021-11-11T16:11:53.505573+08:00,2026-07-30T16:47:07.998718+08:00,1722.0244733002892
a5_d60,47,2980,9321,2707,10175,11671,14,99,0.4285714285714286,0.595959595959596,2021-11-17T15:21:22.220035+08:00,2026-07-30T15:39:41.331296+08:00,1716.0127211951492
a5_d60,47,2980,9421,1177,10175,11671,13,102,0.5769230769230769,0.75,2021-11-18T13:27:35.602012+08:00,2026-07-30T18:47:58.268991+08:00,1715.222484571517
a5_d60,47,2980,9454,2783,10175,11671,10,99,0.4,0.6111111111111112,2021-11-18T20:05:19.747653+08:00,2026-07-30T17:13:42.800805+08:00,1714.8808223744454
a5_d60,47,2980,9474,2855,10175,11671,12,108,0.7916666666666666,0.7037037037037037,2021-11-19T15:50:57.682709+08:00,2026-07-30T13:42:56.731392+08:00,1713.911100100497
a5_d60,47,2980,9583,2730,10175,11671,12,114,0.25,0.6271929824561404,2021-11-22T00:51:01.989965+08:00,2026-07-30T18:45:29.956593+08:00,1711.7461570211583
a5_d60,47,2980,9602,2816,10175,11671,11,102,0.31818181818181823,0.6911764705882353,2021-11-22T15:01:51.867725+08:00,2026-07-30T18:32:04.942509+08:00,1711.1459846618523
a5_d60,47,2980,9747,2843,10175,11671,12,106,0.16666666666666663,0.6320754716981132,2021-11-24T16:19:30.890026+08:00,2026-07-30T19:18:12.663623+08:00,1709.1240946018172
a5_d60,47,2980,9753,2809,10175,11671,17,102,0.05882352941176472,0.5833333333333333,2021-11-24T18:25:31.142013+08:00,2026-07-30T19:24:00.663483+08:00,1709.0406194614563
a5_d60,47,2980,9958,2931,10175,11671,10,97,0.65,0.6958762886597938,2021-12-02T12:24:32.893037+08:00,2026-07-30T06:53:21.489868+08:00,1700.7700069077644
a5_d60,47,2980,10135,358,10175,11671,11,115,0.5909090909090908,0.5869565217391304,2021-12-07T10:10:19.577335+08:00,2026-07-30T19:18:12.663623+08:00,1696.3804755357432
a3_d60,47,2980,9079,2738,10175,11671,14,99,0.5714285714285714,0.7272727272727273,2021-11-10T12:32:48.200546+08:00,2026-07-30T13:42:56.731392+08:00,1723.0487098477533
a3_d60,47,2980,9114,2720,10175,11671,10,101,0.30000000000000004,0.6039603960396039,2021-11-11T16:11:53.505573+08:00,2026-07-30T16:47:07.998718+08:00,1722.0244733002892
a3_d60,47,2980,9321,2707,10175,11671,14,99,0.4285714285714286,0.595959595959596,2021-11-17T15:21:22.220035+08:00,2026-07-30T15:39:41.331296+08:00,1716.0127211951492
a3_d60,47,2980,9421,1177,10175,11671,13,102,0.5769230769230769,0.75,2021-11-18T13:27:35.602012+08:00,2026-07-30T18:47:58.268991+08:00,1715.222484571517
a3_d60,47,2980,9454,2783,10175,11671,10,99,0.4,0.6111111111111112,2021-11-18T20:05:19.747653+08:00,2026-07-30T17:13:42.800805+08:00,1714.8808223744454
a3_d60,47,2980,9474,2855,10175,11671,12,108,0.7916666666666666,0.7037037037037037,2021-11-19T15:50:57.682709+08:00,2026-07-30T13:42:56.731392+08:00,1713.911100100497
a3_d60,47,2980,9583,2730,10175,11671,12,114,0.25,0.6271929824561404,2021-11-22T00:51:01.989965+08:00,2026-07-30T18:45:29.956593+08:00,1711.7461570211583
a3_d60,47,2980,9602,2816,10175,11671,11,102,0.31818181818181823,0.6911764705882353,2021-11-22T15:01:51.867725+08:00,2026-07-30T18:32:04.942509+08:00,1711.1459846618523
a3_d60,47,2980,9747,2843,10175,11671,12,106,0.16666666666666663,0.6320754716981132,2021-11-24T16:19:30.890026+08:00,2026-07-30T19:18:12.663623+08:00,1709.1240946018172
a3_d60,47,2980,9753,2809,10175,11671,17,102,0.05882352941176472,0.5833333333333333,2021-11-24T18:25:31.142013+08:00,2026-07-30T19:24:00.663483+08:00,1709.0406194614563
a3_d60,47,2980,9958,2931,10175,11671,10,97,0.65,0.6958762886597938,2021-12-02T12:24:32.893037+08:00,2026-07-30T06:53:21.489868+08:00,1700.7700069077644
a3_d60,47,2980,10135,358,10175,11671,11,115,0.5909090909090908,0.5869565217391304,2021-12-07T10:10:19.577335+08:00,2026-07-30T19:18:12.663623+08:00,1696.3804755357432
a3_d90,71,3236,10165,66,12003,12342,10,172,0.5,1.0,2021-12-09T10:49:56.832399+08:00,2026-07-30T15:28:26.545216+08:00,1694.1933994539027
a3_d90,71,3236,10166,62,12003,12342,13,161,0.46153846153846156,0.9937888198757764,2021-12-09T10:49:56.832399+08:00,2026-07-30T17:26:37.784218+08:00,1694.2754739793886
a3_d90,71,3236,11976,261,12003,12342,12,143,0.0,0.958041958041958,2022-03-24T15:27:52.977939+08:00,2026-07-30T17:26:37.784218+08:00,1589.0824630356387
a3_d90,71,3236,11978,3228,12003,12342,18,156,0.5555555555555556,0.9935897435897436,2022-03-24T15:15:50.340956+08:00,2026-07-30T11:22:47.128261+08:00,1588.8381572604758
a3_d60,71,3236,10165,66,12003,12342,10,172,0.5,1.0,2021-12-09T10:49:56.832399+08:00,2026-07-30T15:28:26.545216+08:00,1694.1933994539027
a3_d60,71,3236,10166,62,12003,12342,13,161,0.46153846153846156,0.9937888198757764,2021-12-09T10:49:56.832399+08:00,2026-07-30T17:26:37.784218+08:00,1694.2754739793886
a3_d60,71,3236,11976,261,12003,12342,12,143,0.0,0.958041958041958,2022-03-24T15:27:52.977939+08:00,2026-07-30T17:26:37.784218+08:00,1589.0824630356387
a3_d60,71,3236,11978,3228,12003,12342,18,156,0.5555555555555556,0.9935897435897436,2022-03-24T15:15:50.340956+08:00,2026-07-30T11:22:47.128261+08:00,1588.8381572604758
a5_d90,71,3322,10165,66,13556,14793,24,93,1.0,0.5483870967741935,2021-12-09T10:49:56.832399+08:00,2026-07-30T15:28:26.545216+08:00,1694.1933994539027
a5_d90,71,3322,10166,62,13556,14793,20,83,1.0,0.6325301204819277,2021-12-09T10:49:56.832399+08:00,2026-07-30T17:26:37.784218+08:00,1694.2754739793886
a5_d90,71,3322,11976,261,13556,14793,18,84,1.0,0.005952380952380931,2022-03-24T15:27:52.977939+08:00,2026-07-30T17:26:37.784218+08:00,1589.0824630356387
a5_d90,71,3322,11978,3228,13556,14793,16,88,1.0,0.4375,2022-03-24T15:15:50.340956+08:00,2026-07-30T11:22:47.128261+08:00,1588.8381572604758
a5_d90,71,3322,12006,3058,13556,14793,17,93,1.0,0.0,2022-03-26T18:28:53.173482+08:00,2026-07-30T08:49:59.917227+08:00,1586.5979947192718
a5_d90,71,3322,12114,3281,13556,14793,20,87,1.0,0.011494252873563204,2022-04-11T21:34:58.804409+08:00,2026-07-30T14:09:33.418850+08:00,1570.690678407881
a5_d90,71,3322,12128,3141,13556,14793,16,72,1.0,0.00694444444444442,2022-04-12T17:32:34.537811+08:00,2026-07-30T17:40:10.541101+08:00,1570.0052778158558
a5_d90,71,3322,12340,3039,13556,14793,24,75,1.0,0.013333333333333308,2022-04-26T20:25:16.150256+08:00,2026-07-30T16:57:57.906399+08:00,1555.8560388442488
a5_d90,71,3322,12342,3236,13556,14793,22,79,0.15909090909090906,0.012658227848101222,2022-04-29T17:13:37.869446+08:00,2026-07-30T16:57:57.906399+08:00,1552.9891207980668
a5_d90,71,3322,13350,2688,13556,14793,15,85,1.0,0.4764705882352941,2022-06-14T11:58:08.863593+08:00,2026-07-30T17:37:36.933196+08:00,1507.2357415463307
a3_d90,71,3322,10165,66,13556,14793,24,93,1.0,0.5483870967741935,2021-12-09T10:49:56.832399+08:00,2026-07-30T15:28:26.545216+08:00,1694.1933994539027
a3_d90,71,3322,10166,62,13556,14793,20,83,1.0,0.6325301204819277,2021-12-09T10:49:56.832399+08:00,2026-07-30T17:26:37.784218+08:00,1694.2754739793886
a3_d90,71,3322,11976,261,13556,14793,18,84,1.0,0.005952380952380931,2022-03-24T15:27:52.977939+08:00,2026-07-30T17:26:37.784218+08:00,1589.0824630356387
a3_d90,71,3322,11978,3228,13556,14793,16,88,1.0,0.4375,2022-03-24T15:15:50.340956+08:00,2026-07-30T11:22:47.128261+08:00,1588.8381572604758
a3_d90,71,3322,12006,3058,13556,14793,17,93,1.0,0.0,2022-03-26T18:28:53.173482+08:00,2026-07-30T08:49:59.917227+08:00,1586.5979947192718
a3_d90,71,3322,12114,3281,13556,14793,20,87,1.0,0.011494252873563204,2022-04-11T21:34:58.804409+08:00,2026-07-30T14:09:33.418850+08:00,1570.690678407881
a3_d90,71,3322,12128,3141,13556,14793,16,72,1.0,0.00694444444444442,2022-04-12T17:32:34.537811+08:00,2026-07-30T17:40:10.541101+08:00,1570.0052778158558
a3_d90,71,3322,12340,3039,13556,14793,24,75,1.0,0.013333333333333308,2022-04-26T20:25:16.150256+08:00,2026-07-30T16:57:57.906399+08:00,1555.8560388442488
a3_d90,71,3322,12342,3236,13556,14793,22,79,0.15909090909090906,0.012658227848101222,2022-04-29T17:13:37.869446+08:00,2026-07-30T16:57:57.906399+08:00,1552.9891207980668
a3_d90,71,3322,13350,2688,13556,14793,15,85,1.0,0.4764705882352941,2022-06-14T11:58:08.863593+08:00,2026-07-30T17:37:36.933196+08:00,1507.2357415463307
a5_d60,71,3322,10165,66,13556,14793,24,93,1.0,0.5483870967741935,2021-12-09T10:49:56.832399+08:00,2026-07-30T15:28:26.545216+08:00,1694.1933994539027
a5_d60,71,3322,10166,62,13556,14793,20,83,1.0,0.6325301204819277,2021-12-09T10:49:56.832399+08:00,2026-07-30T17:26:37.784218+08:00,1694.2754739793886
a5_d60,71,3322,11976,261,13556,14793,18,84,1.0,0.005952380952380931,2022-03-24T15:27:52.977939+08:00,2026-07-30T17:26:37.784218+08:00,1589.0824630356387
a5_d60,71,3322,11978,3228,13556,14793,16,88,1.0,0.4375,2022-03-24T15:15:50.340956+08:00,2026-07-30T11:22:47.128261+08:00,1588.8381572604758
a5_d60,71,3322,12006,3058,13556,14793,17,93,1.0,0.0,2022-03-26T18:28:53.173482+08:00,2026-07-30T08:49:59.917227+08:00,1586.5979947192718
a5_d60,71,3322,12114,3281,13556,14793,20,87,1.0,0.011494252873563204,2022-04-11T21:34:58.804409+08:00,2026-07-30T14:09:33.418850+08:00,1570.690678407881
a5_d60,71,3322,12128,3141,13556,14793,16,72,1.0,0.00694444444444442,2022-04-12T17:32:34.537811+08:00,2026-07-30T17:40:10.541101+08:00,1570.0052778158558
a5_d60,71,3322,12340,3039,13556,14793,24,75,1.0,0.013333333333333308,2022-04-26T20:25:16.150256+08:00,2026-07-30T16:57:57.906399+08:00,1555.8560388442488
a5_d60,71,3322,12342,3236,13556,14793,22,79,0.15909090909090906,0.012658227848101222,2022-04-29T17:13:37.869446+08:00,2026-07-30T16:57:57.906399+08:00,1552.9891207980668
a5_d60,71,3322,13350,2688,13556,14793,15,85,1.0,0.4764705882352941,2022-06-14T11:58:08.863593+08:00,2026-07-30T17:37:36.933196+08:00,1507.2357415463307
a3_d60,71,3322,10165,66,13556,14793,24,93,1.0,0.5483870967741935,2021-12-09T10:49:56.832399+08:00,2026-07-30T15:28:26.545216+08:00,1694.1933994539027
a3_d60,71,3322,10166,62,13556,14793,20,83,1.0,0.6325301204819277,2021-12-09T10:49:56.832399+08:00,2026-07-30T17:26:37.784218+08:00,1694.2754739793886
a3_d60,71,3322,11976,261,13556,14793,18,84,1.0,0.005952380952380931,2022-03-24T15:27:52.977939+08:00,2026-07-30T17:26:37.784218+08:00,1589.0824630356387
a3_d60,71,3322,11978,3228,13556,14793,16,88,1.0,0.4375,2022-03-24T15:15:50.340956+08:00,2026-07-30T11:22:47.128261+08:00,1588.8381572604758
a3_d60,71,3322,12006,3058,13556,14793,17,93,1.0,0.0,2022-03-26T18:28:53.173482+08:00,2026-07-30T08:49:59.917227+08:00,1586.5979947192718
a3_d60,71,3322,12114,3281,13556,14793,20,87,1.0,0.011494252873563204,2022-04-11T21:34:58.804409+08:00,2026-07-30T14:09:33.418850+08:00,1570.690678407881
a3_d60,71,3322,12128,3141,13556,14793,16,72,1.0,0.00694444444444442,2022-04-12T17:32:34.537811+08:00,2026-07-30T17:40:10.541101+08:00,1570.0052778158558
a3_d60,71,3322,12340,3039,13556,14793,24,75,1.0,0.013333333333333308,2022-04-26T20:25:16.150256+08:00,2026-07-30T16:57:57.906399+08:00,1555.8560388442488
a3_d60,71,3322,12342,3236,13556,14793,22,79,0.15909090909090906,0.012658227848101222,2022-04-29T17:13:37.869446+08:00,2026-07-30T16:57:57.906399+08:00,1552.9891207980668
a3_d60,71,3322,13350,2688,13556,14793,15,85,1.0,0.4764705882352941,2022-06-14T11:58:08.863593+08:00,2026-07-30T17:37:36.933196+08:00,1507.2357415463307
a3_d90,73,3443,10358,66,13143,13617,15,69,0.5333333333333333,0.5217391304347826,2021-12-17T14:52:20.599858+08:00,2026-07-30T18:55:09.844453+08:00,1686.1686255161464
a3_d90,73,3443,12465,3390,13143,13617,11,63,0.5,0.4841269841269841,2022-05-08T13:40:34.605633+08:00,2026-07-30T12:52:27.198681+08:00,1543.9665809380567
a3_d90,73,3443,13109,3432,13143,13617,12,67,0.41666666666666663,0.5,2022-06-03T18:03:53.888305+08:00,2026-07-30T19:37:29.978491+08:00,1518.0650010438208
a3_d90,73,3443,13127,3517,13143,13617,11,63,0.5,0.4920634920634921,2022-06-03T22:31:35.667608+08:00,2026-07-30T18:20:46.355954+08:00,1517.8258181521517
a3_d60,73,3443,10358,66,13143,13617,15,69,0.5333333333333333,0.5217391304347826,2021-12-17T14:52:20.599858+08:00,2026-07-30T18:55:09.844453+08:00,1686.1686255161464
a3_d60,73,3443,12465,3390,13143,13617,11,63,0.5,0.4841269841269841,2022-05-08T13:40:34.605633+08:00,2026-07-30T12:52:27.198681+08:00,1543.9665809380567
a3_d60,73,3443,13109,3432,13143,13617,12,67,0.41666666666666663,0.5,2022-06-03T18:03:53.888305+08:00,2026-07-30T19:37:29.978491+08:00,1518.0650010438208
a3_d60,73,3443,13127,3517,13143,13617,11,63,0.5,0.4920634920634921,2022-06-03T22:31:35.667608+08:00,2026-07-30T18:20:46.355954+08:00,1517.8258181521517
a5_d90,74,5,10350,66,12961,21861,72,18,0.5416666666666667,0.4722222222222222,2021-12-17T14:19:48.674115+08:00,2026-07-30T19:29:25.872160+08:00,1686.2150138662616
a5_d90,74,5,10353,62,12961,21861,74,13,0.5743243243243243,0.3076923076923077,2021-12-17T14:19:48.674115+08:00,2026-07-30T19:43:02.117106+08:00,1686.2244611457293
a5_d90,74,5,12461,3364,12961,21861,51,17,0.0,0.0,2022-05-07T23:43:37.625506+08:00,2026-07-30T19:42:38.759224+08:00,1544.8326520106252
a5_d90,74,5,12483,3380,12961,21861,66,15,0.0757575757575758,0.06666666666666665,2022-05-09T16:37:53.907532+08:00,2026-07-30T19:12:19.220340+08:00,1543.1072374167597
a5_d90,74,5,12648,2756,12961,21861,54,22,0.8611111111111112,0.8409090909090909,2022-05-23T12:20:35.418072+08:00,2026-07-30T19:34:35.742013+08:00,1529.301392638206
a3_d90,74,5,10350,66,12961,21861,72,18,0.5416666666666667,0.4722222222222222,2021-12-17T14:19:48.674115+08:00,2026-07-30T19:29:25.872160+08:00,1686.2150138662616
a3_d90,74,5,10353,62,12961,21861,74,13,0.5743243243243243,0.3076923076923077,2021-12-17T14:19:48.674115+08:00,2026-07-30T19:43:02.117106+08:00,1686.2244611457293
a3_d90,74,5,12461,3364,12961,21861,51,17,0.0,0.0,2022-05-07T23:43:37.625506+08:00,2026-07-30T19:42:38.759224+08:00,1544.8326520106252
a3_d90,74,5,12483,3380,12961,21861,66,15,0.0757575757575758,0.06666666666666665,2022-05-09T16:37:53.907532+08:00,2026-07-30T19:12:19.220340+08:00,1543.1072374167597
a3_d90,74,5,12648,2756,12961,21861,54,22,0.8611111111111112,0.8409090909090909,2022-05-23T12:20:35.418072+08:00,2026-07-30T19:34:35.742013+08:00,1529.301392638206
a5_d60,74,5,10350,66,12961,21861,72,18,0.5416666666666667,0.4722222222222222,2021-12-17T14:19:48.674115+08:00,2026-07-30T19:29:25.872160+08:00,1686.2150138662616
a5_d60,74,5,10353,62,12961,21861,74,13,0.5743243243243243,0.3076923076923077,2021-12-17T14:19:48.674115+08:00,2026-07-30T19:43:02.117106+08:00,1686.2244611457293
a5_d60,74,5,12461,3364,12961,21861,51,17,0.0,0.0,2022-05-07T23:43:37.625506+08:00,2026-07-30T19:42:38.759224+08:00,1544.8326520106252
a5_d60,74,5,12483,3380,12961,21861,66,15,0.0757575757575758,0.06666666666666665,2022-05-09T16:37:53.907532+08:00,2026-07-30T19:12:19.220340+08:00,1543.1072374167597
a5_d60,74,5,12648,2756,12961,21861,54,22,0.8611111111111112,0.8409090909090909,2022-05-23T12:20:35.418072+08:00,2026-07-30T19:34:35.742013+08:00,1529.301392638206
a3_d60,74,5,10350,66,12961,21861,72,18,0.5416666666666667,0.4722222222222222,2021-12-17T14:19:48.674115+08:00,2026-07-30T19:29:25.872160+08:00,1686.2150138662616
a3_d60,74,5,10353,62,12961,21861,74,13,0.5743243243243243,0.3076923076923077,2021-12-17T14:19:48.674115+08:00,2026-07-30T19:43:02.117106+08:00,1686.2244611457293
a3_d60,74,5,12461,3364,12961,21861,51,17,0.0,0.0,2022-05-07T23:43:37.625506+08:00,2026-07-30T19:42:38.759224+08:00,1544.8326520106252
a3_d60,74,5,12483,3380,12961,21861,66,15,0.0757575757575758,0.06666666666666665,2022-05-09T16:37:53.907532+08:00,2026-07-30T19:12:19.220340+08:00,1543.1072374167597
a3_d60,74,5,12648,2756,12961,21861,54,22,0.8611111111111112,0.8409090909090909,2022-05-23T12:20:35.418072+08:00,2026-07-30T19:34:35.742013+08:00,1529.301392638206
a3_d90,85,2708,11552,5,11807,12237,11,89,0.9545454545454546,0.1966292134831461,2022-01-07T16:49:10.765457+08:00,2026-07-30T09:40:00.096999+08:00,1664.7019598558104
a3_d90,85,2708,11682,2987,11807,12237,14,79,0.0,0.20253164556962022,2022-02-02T13:11:21.404071+08:00,2026-07-30T17:37:06.523985+08:00,1639.1845499990025
a3_d90,85,2708,11749,3053,11807,12237,10,79,0.5,0.15189873417721522,2022-02-16T14:39:09.722936+08:00,2026-07-30T11:35:42.801449+08:00,1624.8726050753837
a3_d90,85,2708,11791,2980,11807,12237,13,59,0.5384615384615384,0.5084745762711864,2022-02-22T09:45:30.264140+08:00,2026-07-30T10:50:10.706753+08:00,1619.0449125302446
a3_d60,85,2708,11552,5,11807,12237,11,89,0.9545454545454546,0.1966292134831461,2022-01-07T16:49:10.765457+08:00,2026-07-30T09:40:00.096999+08:00,1664.7019598558104
a3_d60,85,2708,11682,2987,11807,12237,14,79,0.0,0.20253164556962022,2022-02-02T13:11:21.404071+08:00,2026-07-30T17:37:06.523985+08:00,1639.1845499990025
a3_d60,85,2708,11749,3053,11807,12237,10,79,0.5,0.15189873417721522,2022-02-16T14:39:09.722936+08:00,2026-07-30T11:35:42.801449+08:00,1624.8726050753837
a3_d60,85,2708,11791,2980,11807,12237,13,59,0.5384615384615384,0.5084745762711864,2022-02-22T09:45:30.264140+08:00,2026-07-30T10:50:10.706753+08:00,1619.0449125302446
a3_d90,88,3364,12257,3299,12466,13488,19,50,0.7105263157894737,0.94,2022-04-21T18:08:43.580980+08:00,2026-07-30T11:52:14.673183+08:00,1560.738554307904
a3_d90,88,3364,12352,2688,12466,13488,14,45,0.7142857142857143,0.9555555555555556,2022-05-01T15:16:09.273179+08:00,2026-07-30T19:39:35.831481+08:00,1551.1829462766427
a3_d90,88,3364,12403,1563,12466,13488,15,46,0.7333333333333334,0.9891304347826086,2022-05-05T12:15:37.348113+08:00,2026-07-30T18:34:50.941001+08:00,1547.2633517695356
a3_d90,88,3364,12463,2987,12466,13488,17,38,0.7058823529411764,0.9342105263157895,2022-05-08T09:24:58.640027+08:00,2026-07-30T16:36:20.833217+08:00,1544.299562421179
a3_d60,88,3364,12257,3299,12466,13488,19,50,0.7105263157894737,0.94,2022-04-21T18:08:43.580980+08:00,2026-07-30T11:52:14.673183+08:00,1560.738554307904
a3_d60,88,3364,12352,2688,12466,13488,14,45,0.7142857142857143,0.9555555555555556,2022-05-01T15:16:09.273179+08:00,2026-07-30T19:39:35.831481+08:00,1551.1829462766427
a3_d60,88,3364,12403,1563,12466,13488,15,46,0.7333333333333334,0.9891304347826086,2022-05-05T12:15:37.348113+08:00,2026-07-30T18:34:50.941001+08:00,1547.2633517695356
a3_d60,88,3364,12463,2987,12466,13488,17,38,0.7058823529411764,0.9342105263157895,2022-05-08T09:24:58.640027+08:00,2026-07-30T16:36:20.833217+08:00,1544.299562421179
