env_id,target_submission,opponent_submission,n_games,win_score
1,5601,1276,10,0.4
1,5601,2302,20,0.44999999999999996
1,5601,4500,10,0.65
1,5601,5407,10,0.30000000000000004
1,5601,5490,16,0.71875
1,5601,5527,12,0.33333333333333337
1,5601,5603,14,0.5357142857142857
1,5601,5613,10,0.65
1,5601,5630,18,0.3333333333333333
1,5982,917,14,0.9642857142857143
1,5982,940,17,0.9705882352941176
1,5982,975,17,0.8529411764705882
1,5982,978,62,0.5161290322580645
1,5982,1093,12,0.9583333333333334
1,5982,1276,52,0.5288461538461539
1,5982,1397,21,0.30952380952380953
1,5982,1722,24,0.16666666666666663
1,5982,2302,40,0.48750000000000004
1,5982,3505,18,0.25
1,5982,4694,16,0.09375
1,5982,4775,25,0.88
1,5982,5235,265,0.5169811320754717
1,5982,5259,22,0.7045454545454546
1,5982,5310,23,0.7608695652173914
1,5982,5336,17,0.8823529411764706
1,5982,5407,65,0.5384615384615384
1,5982,5437,72,0.4722222222222222
1,5982,5479,22,0.9545454545454546
1,5982,5490,14,0.7142857142857143
1,5982,5491,24,0.6458333333333333
1,5982,5509,20,0.85
1,5982,5563,44,0.5681818181818181
1,5982,5571,12,0.45833333333333337
1,5982,5603,31,0.532258064516129
1,5982,5613,43,0.5116279069767442
1,5982,5630,14,0.6428571428571428
1,5982,5705,162,0.4691358024691358
1,5982,5715,25,0.64
1,5982,5744,21,0.19047619047619047
1,5982,5766,30,0.65
1,5982,5771,16,0.96875
1,5982,5775,162,0.49382716049382713
1,5982,5868,25,0.88
1,5982,5869,23,0.7173913043478262
1,5982,5878,19,0.9210526315789473
1,5982,5913,27,0.6481481481481481
1,5982,5941,10,0.65
1,5982,5961,27,0.6851851851851851
1,5982,5980,24,0.9375
1,5982,6008,93,0.5
1,5982,6054,14,0.14285714285714285
1,5982,6079,24,0.4583333333333333
1,5982,6087,51,0.5098039215686274
1,5982,6097,64,0.5
1,5982,6100,18,0.5
1,5982,6113,15,0.8
1,5982,6141,23,0.9347826086956522
1,5982,6163,20,0.55
1,5982,6221,20,0.55
1,5982,6223,110,0.509090909090909
1,5982,6265,16,0.84375
1,5982,6273,10,0.6
1,5982,6283,151,0.5397350993377483
1,5982,6285,19,0.9736842105263158
1,5982,6301,46,0.43478260869565216
1,5982,6303,21,0.9761904761904762
1,5982,6317,16,0.875
1,5982,6322,22,0.9090909090909091
1,5982,6327,21,0.7142857142857143
1,5982,6359,22,0.6818181818181818
1,5982,6363,175,0.5142857142857142
1,5982,6372,10,0.45
1,5982,6409,14,0.5714285714285714
1,5982,6430,11,0.6818181818181818
1,5982,6438,10,0.6
1,5982,6443,22,0.1590909090909091
1,5982,6455,94,0.5691489361702128
1,5982,6459,35,0.5
1,5982,6463,10,0.25
1,5982,6467,122,0.4672131147540984
1,5982,6472,112,0.4375
1,5982,6473,12,0.4166666666666667
1,5982,6476,66,0.5681818181818182
1,5982,6489,22,0.7272727272727273
1,5982,6495,139,0.46402877697841727
1,5982,6505,30,0.8333333333333334
1,5982,6508,112,0.5089285714285714
1,5982,6570,43,0.46511627906976744
1,5982,6578,21,0.6904761904761905
1,5982,6599,91,0.6098901098901099
1,5982,6601,20,0.775
1,5982,6632,15,0.8333333333333334
1,5982,6633,24,0.6875
1,5982,6653,31,0.43548387096774194
1,5982,6682,149,0.47315436241610737
1,5982,6703,44,0.4431818181818182
1,5982,6715,10,0.5
1,5982,6744,66,0.48484848484848486
1,5982,6753,25,0.98
1,5982,6775,21,0.7857142857142857
1,5982,6812,53,0.6132075471698113
1,5982,6816,10,0.7
1,5982,6872,99,0.5454545454545454
1,5982,6883,25,0.76
1,5982,6890,184,0.483695652173913
1,5982,6897,79,0.3924050632911392
1,5982,6898,124,0.45564516129032256
1,5982,6931,29,0.5517241379310345
1,5982,6942,39,0.5641025641025641
1,5982,6961,16,0.65625
1,5982,6964,15,0.6333333333333333
1,5982,6972,113,0.4823008849557522
1,5982,6975,73,0.5
1,5982,6987,47,0.43617021276595747
1,5982,7005,89,0.38202247191011235
1,5982,7010,122,0.48360655737704916
1,5982,7014,27,0.4444444444444444
1,5982,7026,25,0.66
1,5982,7030,16,0.53125
1,5982,7047,24,0.8333333333333334
1,5982,7080,15,0.4666666666666667
1,5982,7083,39,0.44871794871794873
1,5982,7084,16,0.9375
1,5982,7100,15,0.7
1,5982,7110,31,0.6451612903225806
1,5982,7127,81,0.4444444444444444
1,5982,7130,32,0.5625
1,5982,7143,47,0.5
1,5982,7155,184,0.5461956521739131
1,5982,7156,61,0.6065573770491803
1,5982,7170,19,0.7105263157894737
1,5982,7179,15,0.0
1,5982,7187,22,0.6590909090909091
1,5982,7189,34,0.4264705882352941
1,5982,7191,89,0.46629213483146065
1,5982,7193,18,0.5277777777777778
1,5982,7202,22,0.45454545454545453
1,5982,7237,21,0.5714285714285714
1,5982,7251,67,0.5149253731343284
1,5982,7254,47,0.6170212765957447
1,5982,7263,70,0.5428571428571428
1,5982,7268,25,0.36
1,5982,7289,23,0.5869565217391305
1,5982,7330,12,0.5
1,5982,7331,14,0.6071428571428571
1,5982,7332,44,0.5113636363636364
1,5982,7346,20,0.525
1,5982,7351,19,0.6578947368421053
1,5982,7358,58,0.6293103448275862
1,5982,7403,77,0.6103896103896104
1,5982,7405,94,0.4734042553191489
1,5982,7415,27,0.5185185185185185
1,5982,7425,42,0.36904761904761907
1,5982,7452,43,0.5348837209302325
1,5982,7470,73,0.5821917808219178
1,5982,7490,24,0.5833333333333334
1,5982,7498,27,0.42592592592592593
1,5982,7501,20,0.475
1,5982,7507,15,0.9
1,5982,7511,52,0.5673076923076923
1,5982,7525,22,0.4318181818181818
1,5982,7533,14,0.2857142857142857
1,5982,7583,117,0.4230769230769231
1,5982,7591,132,0.5606060606060606
1,5982,7601,26,0.6153846153846154
1,5982,7603,39,0.6410256410256411
1,5982,7606,21,0.6904761904761905
1,5982,7608,38,0.5
1,5982,7617,10,0.25
1,5982,7622,16,0.53125
1,5982,7661,30,0.5
1,5982,7677,35,0.45714285714285713
1,5982,7678,18,0.8611111111111112
1,5982,7683,27,0.4074074074074074
1,5982,7694,38,0.6578947368421053
1,5982,7728,15,0.43333333333333335
1,5982,7814,22,0.6590909090909091
1,5982,7824,133,0.4849624060150376
1,5982,7837,12,0.7916666666666666
1,5982,7842,161,0.45652173913043476
1,5982,7847,20,0.875
1,5982,7855,71,0.5422535211267606
1,5982,7885,229,0.5021834061135371
1,5982,7896,13,0.6923076923076923
1,5982,7914,132,0.5606060606060606
1,5982,7931,44,0.6590909090909091
1,5982,7953,136,0.4117647058823529
1,5982,7954,29,0.46551724137931033
1,5982,7969,15,0.4
1,5982,7981,19,0.6052631578947368
1,5982,7984,13,0.6153846153846154
1,5982,8010,13,0.8076923076923077
1,5982,8012,18,0.8888888888888888
1,5982,8032,15,0.7666666666666667
1,5982,8045,199,0.4321608040201005
1,5982,8048,90,0.4444444444444444
1,5982,8049,144,0.4791666666666667
1,5982,8050,103,0.470873786407767
1,5982,8060,30,0.4
1,5982,8062,89,0.43258426966292135
1,5982,8073,23,0.3695652173913043
1,5982,8079,30,0.43333333333333335
1,5982,8080,18,0.3333333333333333
1,5982,8082,171,0.49707602339181284
1,5982,8083,192,0.4817708333333333
1,5982,8084,168,0.4642857142857143
1,5982,8086,17,0.29411764705882354
1,5982,8088,94,0.5797872340425532
1,5982,8105,21,0.40476190476190477
1,5982,8108,27,0.37037037037037035
1,5982,8117,16,0.59375
1,5982,8148,23,0.2608695652173913
1,5982,8150,15,0.4666666666666667
1,5982,8151,27,0.5185185185185185
1,5982,8172,47,0.5638297872340425
1,5982,8180,12,0.7083333333333334
1,5982,8264,12,0.6666666666666666
1,5982,8265,25,0.9
1,5982,8289,20,0.55
1,5982,8375,19,0.42105263157894735
1,5982,8442,26,0.34615384615384615
1,5982,8561,19,0.39473684210526316
1,5982,8619,12,0.8333333333333334
1,5982,8842,14,0.10714285714285714
1,5982,8963,10,0.5
1,5982,9004,21,0.9285714285714286
1,5982,9061,15,0.8333333333333334
1,5982,9128,15,0.5666666666666667
1,5982,9207,13,0.6538461538461539
1,5982,9211,10,0.5
1,5982,9412,19,0.47368421052631576
1,5982,9483,18,0.4444444444444444
1,5982,9529,10,0.45
1,5982,9551,20,0.375
1,5982,9555,12,0.75
1,5982,9589,14,0.7857142857142857
1,5982,9611,13,0.9230769230769231
1,5982,9664,14,0.6785714285714286
1,5982,9736,21,0.35714285714285715
1,5982,9739,14,0.5357142857142857
1,5982,9789,18,0.8055555555555556
1,5982,9819,16,0.625
1,5982,10287,11,0.22727272727272727
1,5982,10328,18,0.9166666666666666
1,5982,10933,18,0.5277777777777778
1,5982,11311,17,0.7352941176470589
1,5982,11670,12,0.5
1,5982,11699,17,0.6176470588235294
1,5982,12102,11,1.0
1,5982,14287,13,0.7307692307692307
1,5982,19664,14,0.42857142857142855
1,5982,19959,11,0.5
1,5575,975,32,0.453125
1,5575,4467,26,0.7307692307692308
1,5575,5259,14,0.4642857142857143
1,5575,5310,14,0.3928571428571429
1,5575,5336,10,0.55
1,5575,5341,28,0.4107142857142857
1,5575,5490,12,0.7083333333333333
1,5575,5491,12,0.20833333333333337
1,5575,5500,12,0.5416666666666667
1,5575,5636,14,0.39285714285714285
1,5575,5678,20,0.6
1,5575,5771,10,0.8
1,7661,917,21,0.9523809523809523
1,7661,940,12,0.875
1,7661,975,19,0.631578947368421
1,7661,978,24,0.6875
1,7661,1093,25,0.92
1,7661,1276,26,0.5769230769230769
1,7661,1397,551,0.44464609800362975
1,7661,1722,13,0.23076923076923073
1,7661,2302,10,0.65
1,7661,3505,24,0.20833333333333337
1,7661,4694,22,0.40909090909090906
1,7661,4775,25,0.84
1,7661,5235,33,0.5606060606060606
1,7661,5259,18,0.6666666666666667
1,7661,5310,18,0.8055555555555556
1,7661,5336,19,0.9736842105263158
1,7661,5407,25,0.54
1,7661,5437,12,0.5416666666666667
1,7661,5479,22,0.9772727272727273
1,7661,5490,22,0.6363636363636364
1,7661,5491,17,0.5294117647058824
1,7661,5509,15,0.9
1,7661,5603,20,0.55
1,7661,5613,21,0.47619047619047616
1,7661,5705,243,0.5185185185185186
1,7661,5715,21,0.6190476190476191
1,7661,5744,76,0.4144736842105263
1,7661,5771,20,0.975
1,7661,5775,10,0.55
1,7661,5868,22,0.9090909090909091
1,7661,5869,23,0.5652173913043479
1,7661,5878,17,0.8529411764705882
1,7661,5913,29,0.6379310344827587
1,7661,5961,23,0.5434782608695652
1,7661,5980,28,0.8214285714285714
1,7661,5982,30,0.5
1,7661,6008,22,0.4772727272727273
1,7661,6054,73,0.36986301369863017
1,7661,6087,13,0.46153846153846156
1,7661,6097,345,0.5304347826086957
1,7661,6113,19,0.736842105263158
1,7661,6141,30,0.8333333333333334
1,7661,6163,19,0.5
1,7661,6223,18,0.36111111111111116
1,7661,6265,16,0.9375
1,7661,6283,73,0.5616438356164384
1,7661,6285,25,0.9
1,7661,6301,18,0.5833333333333333
1,7661,6303,18,0.9166666666666666
1,7661,6317,15,0.8666666666666667
1,7661,6322,17,0.7941176470588236
1,7661,6327,16,0.8125
1,7661,6359,16,0.65625
1,7661,6363,22,0.5
1,7661,6430,17,0.7058823529411764
1,7661,6443,57,0.368421052631579
1,7661,6455,16,0.46875
1,7661,6459,20,0.42500000000000004
1,7661,6467,18,0.4722222222222222
1,7661,6472,23,0.5434782608695652
1,7661,6476,17,0.6176470588235294
1,7661,6489,14,0.8571428571428572
1,7661,6495,22,0.6590909090909092
1,7661,6505,24,0.7083333333333333
1,7661,6508,21,0.4285714285714286
1,7661,6570,13,0.5769230769230769
1,7661,6578,30,0.7333333333333334
1,7661,6599,20,0.475
1,7661,6601,22,0.8409090909090909
1,7661,6632,24,0.9583333333333334
1,7661,6633,27,0.6851851851851851
1,7661,6653,18,0.5277777777777778
1,7661,6682,29,0.5517241379310345
1,7661,6703,20,0.575
1,7661,6744,19,0.5263157894736843
1,7661,6753,20,0.925
1,7661,6775,24,0.8333333333333334
1,7661,6812,53,0.4811320754716981
1,7661,6872,21,0.45238095238095233
1,7661,6883,14,0.8214285714285714
1,7661,6890,131,0.4961832061068703
1,7661,6897,68,0.5588235294117647
1,7661,6898,286,0.5821678321678322
1,7661,6931,37,0.5945945945945945
1,7661,6942,22,0.5227272727272727
1,7661,6964,19,0.7894736842105263
1,7661,6972,214,0.5630841121495327
1,7661,6975,250,0.536
1,7661,6987,19,0.4736842105263158
1,7661,7005,40,0.5875
1,7661,7010,62,0.5887096774193548
1,7661,7014,11,0.31818181818181823
1,7661,7026,14,0.5714285714285714
1,7661,7030,21,0.6428571428571428
1,7661,7047,14,0.7857142857142857
1,7661,7080,19,0.5
1,7661,7083,12,0.5
1,7661,7084,14,0.8571428571428572
1,7661,7100,24,0.9791666666666666
1,7661,7110,15,0.5333333333333333
1,7661,7127,453,0.4955849889624724
1,7661,7130,16,0.6875
1,7661,7143,16,0.5
1,7661,7155,80,0.51875
1,7661,7156,30,0.5666666666666667
1,7661,7170,19,0.7894736842105263
1,7661,7179,21,0.2142857142857143
1,7661,7187,13,0.5384615384615384
1,7661,7191,18,0.5277777777777778
1,7661,7202,23,0.5869565217391304
1,7661,7237,21,0.6666666666666667
1,7661,7251,10,0.30000000000000004
1,7661,7263,19,0.4736842105263158
1,7661,7268,23,0.6086956521739131
1,7661,7289,64,0.3671875
1,7661,7332,20,0.575
1,7661,7346,21,0.6904761904761905
1,7661,7351,14,0.8214285714285714
1,7661,7358,18,0.5833333333333333
1,7661,7403,10,0.7
1,7661,7405,90,0.5111111111111111
1,7661,7415,17,0.6176470588235294
1,7661,7452,23,0.5217391304347826
1,7661,7470,15,0.5666666666666667
1,7661,7490,58,0.4913793103448276
1,7661,7498,14,0.3571428571428571
1,7661,7501,141,0.4078014184397163
1,7661,7507,17,0.9117647058823529
1,7661,7511,22,0.6363636363636364
1,7661,7525,15,0.5333333333333333
1,7661,7533,88,0.3125
1,7661,7583,148,0.527027027027027
1,7661,7591,30,0.65
1,7661,7601,13,0.46153846153846156
1,7661,7603,18,0.6388888888888888
1,7661,7606,14,0.6428571428571428
1,7661,7608,30,0.7333333333333334
1,7661,7622,17,0.5882352941176471
1,7661,7677,14,0.6071428571428571
1,7661,7678,19,0.6842105263157895
1,7661,7683,339,0.523598820058997
1,7661,7694,12,0.4583333333333333
1,7661,7728,18,0.8611111111111112
1,7661,7814,20,0.875
1,7661,7824,13,0.6538461538461539
1,7661,7837,20,0.95
1,7661,7842,38,0.631578947368421
1,7661,7847,25,0.82
1,7661,7855,24,0.375
1,7661,7885,24,0.5625
1,7661,7896,22,0.6363636363636364
1,7661,7914,29,0.6896551724137931
1,7661,7931,29,0.5172413793103449
1,7661,7953,181,0.5441988950276243
1,7661,7954,21,0.6904761904761905
1,7661,7969,22,0.7045454545454546
1,7661,7981,30,0.6833333333333333
1,7661,7984,28,0.5892857142857143
1,7661,8010,26,0.9615384615384616
1,7661,8012,23,0.9130434782608695
1,7661,8032,17,0.6176470588235294
1,7661,8045,156,0.5128205128205128
1,7661,8048,22,0.6363636363636364
1,7661,8049,159,0.5628930817610063
1,7661,8050,128,0.5859375
1,7661,8060,22,0.6136363636363636
1,7661,8062,253,0.5276679841897233
1,7661,8073,17,0.5294117647058824
1,7661,8074,66,0.36363636363636365
1,7661,8079,18,0.7222222222222222
1,7661,8080,106,0.4386792452830189
1,7661,8082,126,0.5238095238095238
1,7661,8083,99,0.4444444444444444
1,7661,8084,48,0.46875
1,7661,8086,57,0.47368421052631576
1,7661,8088,16,0.5
1,7661,8105,23,0.5869565217391305
1,7661,8108,465,0.47956989247311826
1,7661,8117,22,0.8181818181818182
1,7661,8148,33,0.3181818181818182
1,7661,8150,19,0.6052631578947368
1,7661,8151,14,0.75
1,7661,8172,11,0.4090909090909091
1,7661,8179,18,0.5833333333333334
1,7661,8180,21,0.7857142857142857
1,7661,8181,20,0.5
1,7661,8264,17,0.7647058823529411
1,7661,8265,22,0.8636363636363636
1,7661,8289,16,0.625
1,7661,8375,15,0.6
1,7661,8442,20,0.425
1,7661,8561,20,0.55
1,7661,8619,13,0.9230769230769231
1,7661,8842,12,0.375
1,7661,8963,16,0.59375
1,7661,9004,14,0.8928571428571429
1,7661,9061,16,0.96875
1,7661,9207,21,0.5476190476190477
1,7661,9211,11,0.5
1,7661,9412,13,0.6538461538461539
1,7661,9483,16,0.59375
1,7661,9529,17,0.4411764705882353
1,7661,9551,20,0.55
1,7661,9555,14,0.6428571428571429
1,7661,9611,13,0.8461538461538461
1,7661,9664,18,0.7222222222222222
1,7661,9736,14,0.5714285714285714
1,7661,9739,11,0.3181818181818182
1,7661,9789,14,0.8571428571428571
1,7661,9819,20,0.55
1,7661,10287,14,0.39285714285714285
1,7661,10328,11,0.8636363636363636
1,7661,11670,10,0.5
1,7661,11699,12,0.4166666666666667
1,7661,12102,14,0.9642857142857143
1,7661,17455,13,0.6538461538461539
1,7661,19464,10,0.6
1,7661,19570,10,0.35
1,6691,1397,18,0.6944444444444444
1,6691,1722,74,0.31756756756756754
1,6691,3505,10,0.35
1,6691,4694,36,0.38888888888888884
1,6691,5055,22,0.7727272727272727
1,6691,5265,10,0.8
1,6691,5744,88,0.5397727272727273
1,6691,6054,92,0.4945652173913043
1,6691,6443,124,0.532258064516129
1,6691,7289,10,0.4
1,7501,917,21,0.9761904761904762
1,7501,940,20,0.9
1,7501,975,20,0.875
1,7501,978,26,0.7115384615384616
1,7501,1093,18,0.9444444444444444
1,7501,1276,19,0.6842105263157895
1,7501,1397,216,0.6226851851851851
1,7501,1722,292,0.4811643835616438
1,7501,2302,24,0.5625
1,7501,3505,138,0.35507246376811596
1,7501,4694,238,0.3970588235294118
1,7501,4775,24,0.9583333333333334
1,7501,5235,22,0.4545454545454546
1,7501,5259,14,0.75
1,7501,5310,16,0.96875
1,7501,5336,20,0.925
1,7501,5407,22,0.5
1,7501,5437,19,0.5789473684210527
1,7501,5479,18,0.9722222222222222
1,7501,5490,20,0.775
1,7501,5491,26,0.8269230769230769
1,7501,5509,18,0.9722222222222222
1,7501,5603,23,0.8695652173913043
1,7501,5613,22,0.8181818181818181
1,7501,5705,14,0.7142857142857143
1,7501,5715,23,0.8043478260869565
1,7501,5744,329,0.4635258358662614
1,7501,5771,17,0.8235294117647058
1,7501,5775,15,0.8333333333333334
1,7501,5868,16,0.90625
1,7501,5869,12,0.875
1,7501,5878,21,0.8095238095238095
1,7501,5913,15,0.6666666666666667
1,7501,5961,18,0.75
1,7501,5980,18,0.9166666666666666
1,7501,5982,20,0.525
1,7501,6008,20,0.5
1,7501,6054,572,0.5
1,7501,6087,15,0.5333333333333333
1,7501,6097,41,0.6707317073170731
1,7501,6113,14,0.8214285714285714
1,7501,6141,20,0.85
1,7501,6163,14,0.6071428571428572
1,7501,6223,18,0.6388888888888888
1,7501,6265,15,0.9
1,7501,6283,34,0.5735294117647058
1,7501,6285,17,0.9411764705882353
1,7501,6301,18,0.6388888888888888
1,7501,6303,10,1.0
1,7501,6317,23,0.9347826086956522
1,7501,6322,18,0.8055555555555556
1,7501,6327,24,0.8333333333333334
1,7501,6359,23,0.7391304347826086
1,7501,6363,14,0.7142857142857143
1,7501,6430,19,0.736842105263158
1,7501,6443,488,0.48975409836065575
1,7501,6455,24,0.5416666666666667
1,7501,6459,13,0.8461538461538461
1,7501,6467,26,0.75
1,7501,6472,19,0.5789473684210527
1,7501,6476,14,0.5357142857142857
1,7501,6489,19,0.868421052631579
1,7501,6495,17,0.6176470588235294
1,7501,6505,21,0.6904761904761905
1,7501,6508,20,0.75
1,7501,6570,27,0.7037037037037037
1,7501,6578,22,0.7045454545454546
1,7501,6599,22,0.6818181818181819
1,7501,6601,20,0.875
1,7501,6632,18,0.8888888888888888
1,7501,6633,23,0.782608695652174
1,7501,6653,20,0.575
1,7501,6682,23,0.6521739130434783
1,7501,6703,14,0.75
1,7501,6744,21,0.7142857142857143
1,7501,6753,20,0.85
1,7501,6775,19,0.8157894736842105
1,7501,6812,18,0.6111111111111112
1,7501,6872,27,0.8148148148148149
1,7501,6883,26,0.8269230769230769
1,7501,6890,32,0.671875
1,7501,6897,50,0.64
1,7501,6898,25,0.6799999999999999
1,7501,6931,23,0.6304347826086957
1,7501,6942,14,0.7857142857142857
1,7501,6964,23,0.8695652173913043
1,7501,6972,48,0.5520833333333333
1,7501,6975,41,0.524390243902439
1,7501,6987,18,0.5
1,7501,7005,14,0.7142857142857143
1,7501,7010,17,0.6470588235294117
1,7501,7014,22,0.6363636363636364
1,7501,7026,20,0.85
1,7501,7030,16,0.75
1,7501,7047,18,0.9444444444444444
1,7501,7080,23,0.6739130434782609
1,7501,7083,21,0.7142857142857143
1,7501,7084,22,0.9090909090909091
1,7501,7100,17,0.8529411764705882
1,7501,7110,22,0.6363636363636364
1,7501,7127,66,0.696969696969697
1,7501,7130,19,0.8157894736842105
1,7501,7143,22,0.6818181818181819
1,7501,7155,39,0.6794871794871795
1,7501,7156,21,0.6428571428571428
1,7501,7170,21,0.8571428571428572
1,7501,7179,87,0.24137931034482762
1,7501,7187,28,0.625
1,7501,7191,21,0.6904761904761905
1,7501,7202,14,0.8214285714285714
1,7501,7237,12,0.6666666666666667
1,7501,7251,25,0.6
1,7501,7254,19,0.5789473684210527
1,7501,7263,15,0.6333333333333333
1,7501,7268,21,0.7142857142857143
1,7501,7289,588,0.47619047619047616
1,7501,7332,23,0.5869565217391304
1,7501,7346,17,0.7647058823529411
1,7501,7351,16,0.75
1,7501,7358,16,0.5
1,7501,7403,19,0.5789473684210527
1,7501,7405,38,0.5263157894736843
1,7501,7415,16,0.65625
1,7501,7452,17,0.8235294117647058
1,7501,7470,21,0.7142857142857143
1,7501,7490,24,0.4375
1,7501,7498,21,0.5714285714285714
1,7501,7507,24,0.9166666666666666
1,7501,7511,24,0.6458333333333334
1,7501,7525,20,0.675
1,7501,7533,494,0.5091093117408907
1,7501,7583,22,0.6363636363636364
1,7501,7591,20,0.45
1,7501,7601,17,0.7352941176470589
1,7501,7603,17,0.6176470588235294
1,7501,7606,16,0.8125
1,7501,7608,26,0.7115384615384616
1,7501,7622,17,0.47058823529411764
1,7501,7661,141,0.5921985815602837
1,7501,7677,22,0.6136363636363636
1,7501,7678,18,0.9444444444444444
1,7501,7683,64,0.59375
1,7501,7694,26,0.7115384615384616
1,7501,7728,22,0.7954545454545454
1,7501,7814,24,0.6875
1,7501,7824,23,0.7391304347826086
1,7501,7837,23,0.9347826086956522
1,7501,7842,21,0.6904761904761905
1,7501,7847,14,0.9642857142857143
1,7501,7855,16,0.75
1,7501,7885,23,0.5
1,7501,7896,22,0.7954545454545454
1,7501,7914,13,0.5384615384615384
1,7501,7931,16,0.8125
1,7501,7953,26,0.5961538461538461
1,7501,7954,18,0.75
1,7501,7969,15,0.5333333333333333
1,7501,7981,27,0.6111111111111112
1,7501,7984,24,0.7291666666666666
1,7501,8010,17,0.8235294117647058
1,7501,8012,18,0.8055555555555556
1,7501,8032,19,0.8947368421052632
1,7501,8045,22,0.5681818181818182
1,7501,8048,16,0.6875
1,7501,8049,24,0.7083333333333334
1,7501,8050,23,0.45652173913043476
1,7501,8060,24,0.6458333333333334
1,7501,8062,21,0.6666666666666666
1,7501,8073,16,0.75
1,7501,8074,541,0.5064695009242144
1,7501,8079,21,0.6904761904761905
1,7501,8080,409,0.5073349633251834
1,7501,8082,17,0.5294117647058824
1,7501,8083,10,0.55
1,7501,8084,16,0.59375
1,7501,8086,481,0.5280665280665281
1,7501,8088,30,0.7
1,7501,8105,16,0.5625
1,7501,8108,190,0.5736842105263158
1,7501,8117,12,0.875
1,7501,8148,407,0.5012285012285013
1,7501,8150,23,0.5217391304347826
1,7501,8151,25,0.8
1,7501,8172,21,0.7619047619047619
1,7501,8180,23,0.9130434782608695
1,7501,8264,20,0.8
1,7501,8265,22,0.9318181818181818
1,7501,8289,19,0.631578947368421
1,7501,8375,21,0.5952380952380952
1,7501,8442,21,0.7142857142857143
1,7501,8561,21,0.2857142857142857
1,7501,8619,14,0.9285714285714286
1,7501,8963,14,0.6785714285714286
1,7501,9004,12,0.875
1,7501,9061,19,0.9473684210526315
1,7501,9128,12,0.9166666666666666
1,7501,9207,17,0.5588235294117647
1,7501,9211,16,0.65625
1,7501,9412,23,0.717391304347826
1,7501,9529,15,0.6333333333333333
1,7501,9551,14,0.8571428571428571
1,7501,9555,13,0.6538461538461539
1,7501,9589,18,0.8055555555555556
1,7501,9611,22,0.8181818181818182
1,7501,9664,19,0.7894736842105263
1,7501,9736,16,0.75
1,7501,9739,14,0.8214285714285714
1,7501,9789,10,0.65
1,7501,9819,14,0.6785714285714286
1,7501,10287,13,0.6923076923076923
1,7501,11311,12,1.0
1,7501,11670,10,0.9
1,7501,11699,16,0.6875
1,7501,11764,14,0.5714285714285714
1,7501,12102,12,0.9166666666666666
1,7501,19239,10,0.9
1,7501,19664,12,0.625
1,7501,19676,11,0.6363636363636364
1,7501,20174,12,0.875
1,7501,20542,10,0.75
1,7501,20546,10,0.85
1,7501,20579,11,0.6818181818181818
1,1334,975,12,0.9166666666666666
1,1334,977,70,0.8785714285714286
1,1334,978,860,0.7
1,1334,1276,668,0.7455089820359282
1,1334,1397,1770,0.5788135593220339
1,1334,1722,856,0.2838785046728972
1,1334,2302,124,0.6370967741935484
1,1334,2341,92,0.45652173913043476
1,1334,2842,52,0.2692307692307692
1,1334,3505,378,0.2447089947089947
1,1334,4694,52,0.3173076923076923
1,8086,917,22,1.0
1,8086,975,20,0.825
1,8086,978,24,0.7291666666666667
1,8086,1093,12,1.0
1,8086,1276,12,0.75
1,8086,1397,46,0.7065217391304348
1,8086,1722,558,0.41577060931899645
1,8086,2302,21,0.8809523809523809
1,8086,3505,182,0.30494505494505497
1,8086,4694,268,0.3619402985074627
1,8086,4775,16,0.96875
1,8086,5235,14,0.4642857142857143
1,8086,5259,13,0.8076923076923077
1,8086,5310,21,0.9523809523809523
1,8086,5336,11,1.0
1,8086,5407,26,0.75
1,8086,5437,14,0.5357142857142857
1,8086,5479,18,1.0
1,8086,5490,22,0.75
1,8086,5491,23,0.8043478260869565
1,8086,5509,18,0.9722222222222222
1,8086,5603,18,0.7777777777777778
1,8086,5613,17,0.6176470588235294
1,8086,5705,23,0.782608695652174
1,8086,5715,19,0.9473684210526316
1,8086,5744,328,0.5533536585365854
1,8086,5771,13,1.0
1,8086,5775,22,0.6818181818181819
1,8086,5868,24,0.9791666666666666
1,8086,5869,19,0.8421052631578947
1,8086,5878,18,1.0
1,8086,5913,17,0.7058823529411764
1,8086,5961,21,0.47619047619047616
1,8086,5980,25,0.96
1,8086,5982,17,0.7058823529411764
1,8086,6008,22,0.6136363636363636
1,8086,6054,516,0.5290697674418605
1,8086,6087,18,0.6944444444444444
1,8086,6097,26,0.6923076923076923
1,8086,6113,19,0.8421052631578947
1,8086,6141,22,1.0
1,8086,6163,18,0.8333333333333334
1,8086,6223,19,0.7631578947368421
1,8086,6265,19,1.0
1,8086,6283,29,0.7586206896551724
1,8086,6285,24,0.9791666666666666
1,8086,6301,13,0.7692307692307692
1,8086,6303,11,1.0
1,8086,6317,16,1.0
1,8086,6322,16,1.0
1,8086,6327,16,0.78125
1,8086,6359,20,0.725
1,8086,6363,24,0.6041666666666667
1,8086,6430,15,0.6333333333333333
1,8086,6443,457,0.5382932166301969
1,8086,6455,17,0.7647058823529411
1,8086,6459,19,0.7631578947368421
1,8086,6472,15,0.5666666666666667
1,8086,6476,17,0.8529411764705882
1,8086,6489,12,0.875
1,8086,6495,15,0.8666666666666667
1,8086,6505,13,0.8076923076923077
1,8086,6508,22,0.6818181818181819
1,8086,6570,24,0.625
1,8086,6578,22,0.8409090909090909
1,8086,6599,20,0.8
1,8086,6601,13,0.9615384615384616
1,8086,6632,17,0.9411764705882353
1,8086,6633,13,0.8846153846153846
1,8086,6653,14,0.7857142857142857
1,8086,6682,27,0.7222222222222222
1,8086,6703,20,0.6
1,8086,6744,18,0.7222222222222222
1,8086,6753,21,0.9761904761904762
1,8086,6775,18,0.8888888888888888
1,8086,6812,11,0.8636363636363636
1,8086,6883,20,0.85
1,8086,6890,25,0.48
1,8086,6897,28,0.6428571428571428
1,8086,6898,33,0.6515151515151515
1,8086,6931,21,0.8333333333333334
1,8086,6942,19,0.8947368421052632
1,8086,6964,20,0.85
1,8086,6972,29,0.6551724137931034
1,8086,6975,19,0.3421052631578947
1,8086,6987,17,0.7941176470588236
1,8086,7005,21,0.8333333333333334
1,8086,7010,26,0.7115384615384616
1,8086,7014,18,0.6111111111111112
1,8086,7026,22,0.8181818181818181
1,8086,7030,18,0.7222222222222222
1,8086,7047,22,1.0
1,8086,7080,20,0.7
1,8086,7083,18,0.7777777777777778
1,8086,7084,25,1.0
1,8086,7100,15,0.9333333333333333
1,8086,7110,19,0.5789473684210527
1,8086,7127,33,0.6515151515151515
1,8086,7130,21,0.6666666666666667
1,8086,7143,13,0.6153846153846154
1,8086,7155,21,0.8333333333333334
1,8086,7156,22,0.9090909090909091
1,8086,7170,20,0.625
1,8086,7179,54,0.2129629629629629
1,8086,7187,16,0.9375
1,8086,7191,28,0.6785714285714286
1,8086,7202,24,0.8125
1,8086,7237,28,0.875
1,8086,7251,17,0.6764705882352942
1,8086,7254,19,0.5789473684210527
1,8086,7263,10,0.7
1,8086,7268,23,0.8695652173913043
1,8086,7289,342,0.5248538011695907
1,8086,7332,14,0.6428571428571428
1,8086,7346,20,0.825
1,8086,7351,26,0.75
1,8086,7358,22,0.6363636363636364
1,8086,7403,23,0.6304347826086957
1,8086,7405,19,0.7894736842105263
1,8086,7415,10,0.7
1,8086,7452,12,0.7083333333333333
1,8086,7470,27,0.6296296296296297
1,8086,7490,18,0.6388888888888888
1,8086,7498,22,0.7727272727272727
1,8086,7501,481,0.4719334719334719
1,8086,7507,23,0.9782608695652174
1,8086,7511,20,0.675
1,8086,7525,15,0.6333333333333333
1,8086,7533,420,0.5666666666666667
1,8086,7583,20,0.55
1,8086,7591,26,0.6153846153846154
1,8086,7601,15,0.7333333333333334
1,8086,7603,17,0.6764705882352942
1,8086,7606,28,0.6607142857142857
1,8086,7608,16,0.6875
1,8086,7622,14,0.7142857142857143
1,8086,7661,57,0.5263157894736843
1,8086,7677,15,0.5666666666666667
1,8086,7678,18,0.9722222222222222
1,8086,7683,21,0.6904761904761905
1,8086,7694,13,0.8076923076923077
1,8086,7728,14,0.9285714285714286
1,8086,7814,20,0.75
1,8086,7824,17,0.6764705882352942
1,8086,7837,29,0.9827586206896551
1,8086,7842,24,0.5833333333333333
1,8086,7847,21,0.9523809523809523
1,8086,7855,19,0.5789473684210527
1,8086,7885,22,0.6363636363636364
1,8086,7896,22,0.7954545454545454
1,8086,7914,18,0.8055555555555556
1,8086,7931,22,0.8409090909090909
1,8086,7953,19,0.5263157894736843
1,8086,7954,21,0.8571428571428572
1,8086,7969,20,0.775
1,8086,7981,11,0.5454545454545454
1,8086,7984,17,0.7647058823529411
1,8086,8010,24,0.9375
1,8086,8012,12,1.0
1,8086,8032,23,0.8913043478260869
1,8086,8045,16,0.6875
1,8086,8048,12,0.5
1,8086,8049,23,0.6521739130434783
1,8086,8050,22,0.75
1,8086,8060,12,0.5833333333333333
1,8086,8062,27,0.7777777777777778
1,8086,8073,22,0.5227272727272727
1,8086,8074,402,0.5634328358208955
1,8086,8079,18,0.6111111111111112
1,8086,8080,458,0.537117903930131
1,8086,8082,23,0.6739130434782609
1,8086,8083,24,0.8333333333333334
1,8086,8084,18,0.5833333333333333
1,8086,8088,21,0.8809523809523809
1,8086,8105,24,0.6458333333333334
1,8086,8108,59,0.652542372881356
1,8086,8117,18,0.8611111111111112
1,8086,8148,553,0.515370705244123
1,8086,8150,29,0.7068965517241379
1,8086,8151,21,0.6666666666666666
1,8086,8172,20,0.75
1,8086,8180,17,0.9411764705882353
1,8086,8264,23,0.9130434782608695
1,8086,8265,16,0.9375
1,8086,8289,18,0.6388888888888888
1,8086,8375,19,0.7368421052631579
1,8086,8442,14,0.6428571428571429
1,8086,8561,19,0.42105263157894735
1,8086,8619,18,0.9444444444444444
1,8086,8842,15,0.5666666666666667
1,8086,8963,19,0.7105263157894737
1,8086,9004,15,0.9
1,8086,9128,14,0.7857142857142857
1,8086,9207,18,0.7777777777777778
1,8086,9211,19,0.7368421052631579
1,8086,9412,14,0.7142857142857143
1,8086,9483,15,0.6333333333333333
1,8086,9529,11,0.9090909090909091
1,8086,9551,15,0.7
1,8086,9555,10,0.75
1,8086,9589,18,0.6666666666666666
1,8086,9611,17,0.9411764705882353
1,8086,9664,15,0.9
1,8086,9736,26,0.6153846153846154
1,8086,9739,21,0.6428571428571429
1,8086,9789,16,0.90625
1,8086,9819,11,0.9090909090909091
1,8086,10287,20,0.525
1,8086,10328,14,0.9285714285714286
1,8086,10933,18,0.5555555555555556
1,8086,11311,15,0.9333333333333333
1,8086,11670,17,0.9117647058823529
1,8086,11699,11,0.8181818181818182
1,8086,11764,12,0.75
1,8086,14290,11,0.8636363636363636
1,8086,19065,10,1.0
1,8086,19596,11,0.7727272727272727
1,8086,19664,11,0.8181818181818182
1,8086,19806,12,0.625
1,8086,19944,11,0.7272727272727273
1,8086,20042,10,0.6
1,8086,20567,13,0.8846153846153846
1,8086,20712,11,0.7272727272727273
1,4606,917,202,0.49504950495049505
1,4606,940,266,0.5
1,4606,1093,192,0.48177083333333337
1,4606,3683,224,0.5848214285714286
1,4606,4463,10,0.25
1,4606,4467,12,0.375
1,4606,4537,56,0.2946428571428571
1,4606,4728,50,0.47
1,4606,4775,88,0.4602272727272727
1,4606,5261,98,0.5357142857142857
1,4606,5336,18,0.4444444444444444
1,4606,5374,10,0.5
1,4606,5479,46,0.4891304347826087
1,4606,5672,34,0.6764705882352942
1,4606,5725,16,0.3125
1,8375,917,25,0.96
1,8375,940,12,0.9583333333333334
1,8375,975,22,0.7272727272727273
1,8375,978,71,0.49295774647887325
1,8375,1093,19,0.868421052631579
1,8375,1276,80,0.56875
1,8375,1397,13,0.6538461538461539
1,8375,1722,22,0.09090909090909094
1,8375,2302,97,0.47938144329896903
1,8375,3505,24,0.20833333333333337
1,8375,4694,21,0.09523809523809523
1,8375,4775,17,0.8823529411764706
1,8375,5235,17,0.5882352941176471
1,8375,5259,27,0.6851851851851851
1,8375,5310,22,0.7045454545454546
1,8375,5336,16,0.71875
1,8375,5407,29,0.43103448275862066
1,8375,5437,21,0.5714285714285714
1,8375,5479,16,0.90625
1,8375,5490,17,0.6470588235294117
1,8375,5491,19,0.7105263157894737
1,8375,5509,24,0.8125
1,8375,5603,20,0.475
1,8375,5613,58,0.5344827586206897
1,8375,5705,21,0.26190476190476186
1,8375,5715,64,0.5859375
1,8375,5744,21,0.30952380952380953
1,8375,5771,28,0.9285714285714286
1,8375,5775,18,0.5
1,8375,5868,25,0.7
1,8375,5869,84,0.5833333333333333
1,8375,5878,21,0.7857142857142857
1,8375,5913,36,0.5833333333333333
1,8375,5961,91,0.4945054945054945
1,8375,5980,11,1.0
1,8375,5982,19,0.5789473684210527
1,8375,6008,22,0.5227272727272727
1,8375,6054,23,0.4347826086956522
1,8375,6087,83,0.5120481927710843
1,8375,6097,18,0.33333333333333337
1,8375,6113,25,0.72
1,8375,6141,14,0.8571428571428572
1,8375,6163,97,0.5670103092783505
1,8375,6223,19,0.368421052631579
1,8375,6265,20,0.95
1,8375,6283,20,0.44999999999999996
1,8375,6285,13,0.9230769230769231
1,8375,6301,33,0.40909090909090906
1,8375,6303,17,0.7352941176470589
1,8375,6317,17,0.9411764705882353
1,8375,6322,14,0.8214285714285714
1,8375,6327,23,0.8043478260869565
1,8375,6359,35,0.5285714285714286
1,8375,6363,25,0.62
1,8375,6430,40,0.5875
1,8375,6443,18,0.08333333333333337
1,8375,6455,19,0.4736842105263158
1,8375,6459,94,0.5957446808510638
1,8375,6467,20,0.6
1,8375,6472,23,0.28260869565217395
1,8375,6476,22,0.40909090909090906
1,8375,6489,31,0.6612903225806452
1,8375,6495,20,0.4
1,8375,6505,18,0.4722222222222222
1,8375,6508,11,0.6363636363636364
1,8375,6570,17,0.4117647058823529
1,8375,6578,35,0.4714285714285714
1,8375,6599,17,0.47058823529411764
1,8375,6601,14,0.9285714285714286
1,8375,6632,20,0.825
1,8375,6633,17,0.6176470588235294
1,8375,6653,28,0.3928571428571429
1,8375,6682,17,0.5294117647058824
1,8375,6703,17,0.5882352941176471
1,8375,6744,19,0.42105263157894735
1,8375,6753,22,0.7727272727272727
1,8375,6775,20,0.925
1,8375,6812,18,0.5277777777777778
1,8375,6872,18,0.5
1,8375,6883,19,0.9210526315789473
1,8375,6890,17,0.5588235294117647
1,8375,6897,21,0.45238095238095233
1,8375,6898,16,0.625
1,8375,6931,18,0.4722222222222222
1,8375,6942,18,0.4722222222222222
1,8375,6964,25,0.43999999999999995
1,8375,6972,22,0.5909090909090908
1,8375,6975,14,0.5357142857142857
1,8375,6987,34,0.4411764705882353
1,8375,7005,33,0.4242424242424242
1,8375,7010,19,0.3157894736842105
1,8375,7014,62,0.49193548387096775
1,8375,7026,21,0.5
1,8375,7030,15,0.6333333333333333
1,8375,7047,12,0.8333333333333334
1,8375,7080,87,0.5747126436781609
1,8375,7083,50,0.49
1,8375,7084,24,0.75
1,8375,7100,17,0.9117647058823529
1,8375,7110,17,0.4117647058823529
1,8375,7127,19,0.368421052631579
1,8375,7130,20,0.4
1,8375,7143,20,0.525
1,8375,7155,10,0.44999999999999996
1,8375,7156,26,0.40384615384615385
1,8375,7170,22,0.6363636363636364
1,8375,7179,28,0.0
1,8375,7187,51,0.5980392156862745
1,8375,7191,22,0.5
1,8375,7202,93,0.4139784946236559
1,8375,7237,39,0.6923076923076923
1,8375,7251,23,0.5
1,8375,7254,16,0.1875
1,8375,7263,19,0.5526315789473684
1,8375,7268,16,0.40625
1,8375,7289,15,0.19999999999999996
1,8375,7332,20,0.30000000000000004
1,8375,7346,32,0.546875
1,8375,7351,18,0.4444444444444444
1,8375,7358,22,0.6590909090909092
1,8375,7403,21,0.47619047619047616
1,8375,7405,18,0.5277777777777778
1,8375,7415,15,0.5
1,8375,7452,10,0.44999999999999996
1,8375,7470,19,0.42105263157894735
1,8375,7490,54,0.4907407407407407
1,8375,7498,24,0.375
1,8375,7501,21,0.40476190476190477
1,8375,7507,23,0.7608695652173914
1,8375,7511,26,0.3846153846153846
1,8375,7525,31,0.5
1,8375,7533,13,0.07692307692307687
1,8375,7583,17,0.38235294117647056
1,8375,7591,18,0.38888888888888884
1,8375,7601,73,0.5273972602739726
1,8375,7603,30,0.5166666666666666
1,8375,7606,32,0.5625
1,8375,7608,40,0.5125
1,8375,7622,41,0.3902439024390244
1,8375,7661,15,0.4
1,8375,7677,15,0.4666666666666667
1,8375,7678,23,0.9130434782608696
1,8375,7683,20,0.525
1,8375,7694,28,0.5357142857142857
1,8375,7728,68,0.625
1,8375,7814,53,0.4528301886792453
1,8375,7824,22,0.5
1,8375,7837,23,0.7608695652173914
1,8375,7842,15,0.33333333333333337
1,8375,7847,17,0.8235294117647058
1,8375,7855,27,0.4629629629629629
1,8375,7885,19,0.368421052631579
1,8375,7896,16,0.5625
1,8375,7914,21,0.5238095238095238
1,8375,7931,15,0.6
1,8375,7953,23,0.4347826086956522
1,8375,7954,14,0.5357142857142857
1,8375,7969,42,0.5119047619047619
1,8375,7981,67,0.4104477611940298
1,8375,7984,84,0.42261904761904767
1,8375,8010,12,0.8333333333333334
1,8375,8012,17,0.6764705882352942
1,8375,8032,19,0.631578947368421
1,8375,8045,28,0.4107142857142857
1,8375,8048,27,0.4629629629629629
1,8375,8049,16,0.5625
1,8375,8050,18,0.4444444444444444
1,8375,8060,87,0.5229885057471264
1,8375,8062,17,0.38235294117647056
1,8375,8073,33,0.4242424242424242
1,8375,8079,69,0.4492753623188406
1,8375,8080,24,0.27083333333333337
1,8375,8082,18,0.3055555555555556
1,8375,8083,21,0.38095238095238093
1,8375,8084,25,0.54
1,8375,8086,19,0.26315789473684215
1,8375,8088,33,0.48484848484848486
1,8375,8105,66,0.43939393939393945
1,8375,8108,20,0.275
1,8375,8117,18,0.5833333333333333
1,8375,8148,19,0.21052631578947367
1,8375,8150,57,0.5087719298245614
1,8375,8151,76,0.5592105263157895
1,8375,8172,28,0.4642857142857143
1,8375,8180,24,0.6666666666666667
1,8375,8264,13,0.5384615384615384
1,8375,8265,19,0.9210526315789473
1,8375,8275,76,0.6447368421052632
1,8375,8289,112,0.4732142857142857
1,8375,8442,26,0.34615384615384615
1,8375,8561,27,0.07407407407407407
1,8375,8619,20,0.775
1,8375,8842,19,0.15789473684210525
1,8375,8963,12,0.4166666666666667
1,8375,9061,11,1.0
1,8375,9128,15,0.5666666666666667
1,8375,9207,18,0.5
1,8375,9211,14,0.4642857142857143
1,8375,9412,23,0.2608695652173913
1,8375,9483,15,0.3333333333333333
1,8375,9529,14,0.5357142857142857
1,8375,9551,12,0.375
1,8375,9555,14,0.4642857142857143
1,8375,9589,16,0.71875
1,8375,9611,13,0.9615384615384616
1,8375,9664,15,0.8333333333333334
1,8375,9736,13,0.6153846153846154
1,8375,9739,14,0.6785714285714286
1,8375,9789,11,0.7272727272727273
1,8375,9819,17,0.6764705882352942
1,8375,10287,12,0.375
1,8375,10328,14,0.9285714285714286
1,8375,10933,14,0.42857142857142855
1,8375,11311,21,0.8571428571428571
1,8375,11670,13,0.5769230769230769
1,8375,11699,12,0.2916666666666667
1,8375,11764,17,0.4411764705882353
1,8375,12102,10,1.0
1,8375,19756,10,0.45
1,8375,20000,11,0.7272727272727273
1,8375,20138,10,0.45
1,8375,20401,11,0.45454545454545453
1,6272,975,22,0.6363636363636364
1,6272,4500,12,0.29166666666666663
1,6272,5259,14,0.4642857142857143
1,6272,5341,12,0.6666666666666667
1,6272,5490,20,0.475
1,6272,5678,16,0.59375
1,6272,5716,14,0.4642857142857143
1,6272,6113,20,0.575
1,6272,6359,24,0.6041666666666666
1,6272,6379,10,0.35
1,6272,6430,10,0.4
1,8049,917,25,0.84
1,8049,940,12,0.9166666666666666
1,8049,975,12,0.75
1,8049,978,15,0.5666666666666667
1,8049,1093,19,0.9473684210526316
1,8049,1276,26,0.75
1,8049,1397,113,0.504424778761062
1,8049,1722,21,0.26190476190476186
1,8049,2302,18,0.6111111111111112
1,8049,3505,12,0.16666666666666663
1,8049,4694,16,0.3125
1,8049,4775,19,0.736842105263158
1,8049,5235,73,0.6027397260273972
1,8049,5259,13,0.7307692307692308
1,8049,5310,20,0.825
1,8049,5336,18,0.9166666666666666
1,8049,5407,23,0.6304347826086957
1,8049,5437,24,0.47916666666666663
1,8049,5479,25,0.94
1,8049,5490,22,0.6818181818181819
1,8049,5491,25,0.62
1,8049,5509,18,0.9166666666666666
1,8049,5603,18,0.75
1,8049,5613,23,0.4565217391304348
1,8049,5705,190,0.5026315789473684
1,8049,5715,24,0.6666666666666667
1,8049,5744,18,0.3055555555555556
1,8049,5771,16,0.96875
1,8049,5775,40,0.48750000000000004
1,8049,5868,27,0.8333333333333334
1,8049,5869,22,0.5909090909090908
1,8049,5878,21,0.7857142857142857
1,8049,5913,15,0.5666666666666667
1,8049,5961,21,0.5714285714285714
1,8049,5980,16,0.9375
1,8049,5982,144,0.5208333333333333
1,8049,6008,100,0.575
1,8049,6054,28,0.1964285714285714
1,8049,6087,16,0.78125
1,8049,6097,108,0.4814814814814815
1,8049,6113,24,0.7708333333333334
1,8049,6141,19,0.8157894736842105
1,8049,6163,18,0.5555555555555556
1,8049,6223,49,0.5510204081632653
1,8049,6265,25,0.92
1,8049,6283,178,0.4887640449438202
1,8049,6285,26,0.8653846153846154
1,8049,6301,14,0.5
1,8049,6303,16,0.8125
1,8049,6317,21,0.7619047619047619
1,8049,6322,28,0.8392857142857143
1,8049,6327,16,0.78125
1,8049,6359,21,0.8095238095238095
1,8049,6363,154,0.5357142857142857
1,8049,6430,16,0.625
1,8049,6443,19,0.5526315789473684
1,8049,6455,49,0.5714285714285714
1,8049,6459,22,0.43181818181818177
1,8049,6467,41,0.5731707317073171
1,8049,6472,90,0.5166666666666666
1,8049,6476,29,0.5862068965517242
1,8049,6489,33,0.803030303030303
1,8049,6495,54,0.6296296296296297
1,8049,6505,28,0.5357142857142857
1,8049,6508,44,0.43181818181818177
1,8049,6570,28,0.5714285714285714
1,8049,6578,22,0.6363636363636364
1,8049,6599,25,0.6
1,8049,6601,22,0.8409090909090909
1,8049,6632,22,0.7954545454545454
1,8049,6633,18,0.8333333333333334
1,8049,6653,18,0.5833333333333333
1,8049,6682,70,0.6071428571428572
1,8049,6703,18,0.6944444444444444
1,8049,6744,59,0.5847457627118644
1,8049,6753,21,0.9047619047619048
1,8049,6812,38,0.5921052631578947
1,8049,6872,40,0.5125
1,8049,6883,22,0.7954545454545454
1,8049,6890,203,0.5369458128078818
1,8049,6897,137,0.5328467153284672
1,8049,6898,208,0.47596153846153844
1,8049,6931,31,0.6451612903225806
1,8049,6942,27,0.4629629629629629
1,8049,6964,26,0.7692307692307692
1,8049,6972,186,0.5080645161290323
1,8049,6975,220,0.4772727272727273
1,8049,6987,17,0.5882352941176471
1,8049,7005,53,0.5660377358490566
1,8049,7010,102,0.5441176470588236
1,8049,7014,22,0.6590909090909092
1,8049,7026,20,0.42500000000000004
1,8049,7030,29,0.43103448275862066
1,8049,7047,28,0.9107142857142857
1,8049,7080,15,0.6333333333333333
1,8049,7083,30,0.6166666666666667
1,8049,7084,15,0.9
1,8049,7100,17,0.7941176470588236
1,8049,7110,25,0.6
1,8049,7127,155,0.5064516129032258
1,8049,7130,19,0.6842105263157895
1,8049,7143,24,0.41666666666666663
1,8049,7155,73,0.40410958904109584
1,8049,7156,37,0.5
1,8049,7170,21,0.7619047619047619
1,8049,7179,15,0.2666666666666667
1,8049,7187,14,0.6428571428571428
1,8049,7189,32,0.65625
1,8049,7191,38,0.5789473684210527
1,8049,7202,17,0.5294117647058824
1,8049,7237,18,0.5
1,8049,7251,45,0.47777777777777775
1,8049,7254,27,0.6851851851851851
1,8049,7263,35,0.5428571428571429
1,8049,7268,22,0.6363636363636364
1,8049,7289,24,0.22916666666666663
1,8049,7332,17,0.5588235294117647
1,8049,7346,22,0.8181818181818181
1,8049,7351,21,0.7142857142857143
1,8049,7358,19,0.5789473684210527
1,8049,7403,36,0.5
1,8049,7405,130,0.5423076923076924
1,8049,7415,20,0.55
1,8049,7452,28,0.5
1,8049,7470,25,0.52
1,8049,7490,49,0.5306122448979591
1,8049,7498,18,0.5833333333333333
1,8049,7501,24,0.29166666666666663
1,8049,7507,23,0.8260869565217391
1,8049,7511,51,0.5294117647058824
1,8049,7525,19,0.4736842105263158
1,8049,7533,21,0.40476190476190477
1,8049,7583,239,0.5376569037656904
1,8049,7591,69,0.5942028985507246
1,8049,7601,15,0.6
1,8049,7603,17,0.5294117647058824
1,8049,7606,22,0.5454545454545454
1,8049,7608,16,0.4375
1,8049,7622,32,0.5625
1,8049,7661,159,0.4371069182389937
1,8049,7677,30,0.5833333333333333
1,8049,7678,18,0.7777777777777778
1,8049,7683,193,0.5025906735751295
1,8049,7694,41,0.5
1,8049,7728,18,0.5277777777777778
1,8049,7814,12,0.625
1,8049,7824,54,0.5648148148148149
1,8049,7837,17,1.0
1,8049,7842,159,0.4968553459119497
1,8049,7847,22,0.8863636363636364
1,8049,7855,26,0.5
1,8049,7885,111,0.5765765765765766
1,8049,7896,33,0.6515151515151515
1,8049,7914,55,0.509090909090909
1,8049,7931,17,0.4411764705882353
1,8049,7953,110,0.5590909090909091
1,8049,7954,26,0.5961538461538461
1,8049,7969,14,0.6785714285714286
1,8049,7981,16,0.5625
1,8049,7984,17,0.4411764705882353
1,8049,8010,17,0.8823529411764706
1,8049,8012,17,0.9117647058823529
1,8049,8032,15,0.9333333333333333
1,8049,8045,149,0.4832214765100671
1,8049,8048,80,0.48124999999999996
1,8049,8050,152,0.45723684210526316
1,8049,8060,15,0.5666666666666667
1,8049,8062,382,0.49476439790575916
1,8049,8073,20,0.675
1,8049,8074,15,0.23333333333333334
1,8049,8079,12,0.625
1,8049,8080,19,0.2894736842105263
1,8049,8082,78,0.4423076923076923
1,8049,8083,135,0.5
1,8049,8084,154,0.5422077922077922
1,8049,8086,23,0.34782608695652173
1,8049,8088,13,0.5
1,8049,8105,31,0.46774193548387094
1,8049,8108,124,0.43548387096774194
1,8049,8117,20,0.5
1,8049,8148,17,0.08823529411764706
1,8049,8150,24,0.5416666666666666
1,8049,8151,29,0.603448275862069
1,8049,8172,14,0.5
1,8049,8180,25,0.76
1,8049,8264,17,0.7647058823529411
1,8049,8265,18,0.9166666666666666
1,8049,8271,10,0.9
1,8049,8289,25,0.72
1,8049,8375,16,0.4375
1,8049,8442,13,0.3076923076923077
1,8049,8561,31,0.3064516129032258
1,8049,8619,17,0.8529411764705882
1,8049,8842,17,0.23529411764705882
1,8049,8963,10,0.45
1,8049,9061,22,0.9318181818181818
1,8049,9128,14,0.75
1,8049,9207,17,0.6470588235294118
1,8049,9211,11,0.4090909090909091
1,8049,9412,10,0.55
1,8049,9483,15,0.6333333333333333
1,8049,9529,23,0.6304347826086957
1,8049,9551,13,0.4230769230769231
1,8049,9555,16,0.40625
1,8049,9589,12,0.6666666666666666
1,8049,9611,10,0.85
1,8049,9664,11,0.7727272727272727
1,8049,9736,13,0.5384615384615384
1,8049,9739,14,0.5357142857142857
1,8049,9789,13,0.6538461538461539
1,8049,9819,15,0.9333333333333333
1,8049,10328,19,0.7894736842105263
1,8049,11670,18,0.6944444444444444
1,8049,11699,10,0.45
1,8049,12102,16,0.96875
1,8049,17455,10,0.5
1,8049,19126,11,0.6363636363636364
1,8049,19769,10,0.55
1,8049,20546,10,0.6
1,4463,940,16,0.59375
1,4463,975,164,0.41158536585365857
1,4463,1093,12,0.7916666666666666
1,4463,1276,10,0.15000000000000002
1,4463,4344,16,0.65625
1,4463,4467,326,0.5
1,4463,4500,40,0.3875
1,4463,4537,122,0.5655737704918032
1,4463,4606,10,0.75
1,4463,4679,30,0.18333333333333332
1,4463,4775,108,0.5833333333333334
1,4463,5204,14,0.17857142857142858
1,4463,5241,10,0.35
1,4463,5259,10,0.6
1,4463,5310,14,0.42857142857142855
1,4463,5315,30,0.6
1,4463,5336,44,0.5113636363636364
1,4463,5341,12,0.3333333333333333
1,4463,5349,10,0.6
1,4463,5479,10,0.4
1,4463,5500,44,0.5340909090909091
1,4463,5509,12,0.7083333333333334
1,4463,5678,10,0.65
1,8082,940,17,0.9705882352941176
1,8082,975,18,0.8055555555555556
1,8082,978,37,0.472972972972973
1,8082,1093,22,0.9318181818181819
1,8082,1276,25,0.6799999999999999
1,8082,1397,81,0.43827160493827155
1,8082,1722,28,0.25
1,8082,2302,15,0.5
1,8082,3505,13,0.15384615384615385
1,8082,4694,16,0.1875
1,8082,4775,23,0.8043478260869565
1,8082,5235,155,0.5096774193548388
1,8082,5259,15,0.5333333333333333
1,8082,5310,24,0.6875
1,8082,5336,31,0.8709677419354839
1,8082,5407,26,0.5
1,8082,5437,16,0.53125
1,8082,5479,16,0.84375
1,8082,5490,26,0.6730769230769231
1,8082,5491,26,0.7115384615384616
1,8082,5509,17,0.8529411764705882
1,8082,5603,17,0.5588235294117647
1,8082,5613,17,0.47058823529411764
1,8082,5705,208,0.45192307692307687
1,8082,5715,11,0.6363636363636364
1,8082,5744,43,0.40697674418604646
1,8082,5771,20,0.875
1,8082,5775,47,0.5638297872340425
1,8082,5868,19,0.7894736842105263
1,8082,5869,24,0.5
1,8082,5878,24,0.875
1,8082,5913,23,0.6521739130434783
1,8082,5961,19,0.8421052631578947
1,8082,5980,21,0.9523809523809523
1,8082,5982,171,0.5029239766081872
1,8082,6008,88,0.44318181818181823
1,8082,6054,19,0.42105263157894735
1,8082,6087,15,0.5333333333333333
1,8082,6097,147,0.5680272108843538
1,8082,6113,23,0.8695652173913043
1,8082,6141,21,0.9285714285714286
1,8082,6163,18,0.6111111111111112
1,8082,6223,71,0.4295774647887324
1,8082,6265,12,0.9583333333333334
1,8082,6283,60,0.4666666666666667
1,8082,6285,19,0.8947368421052632
1,8082,6301,18,0.6666666666666667
1,8082,6303,21,0.9047619047619048
1,8082,6317,16,0.78125
1,8082,6322,25,0.96
1,8082,6327,26,0.7692307692307692
1,8082,6359,27,0.6481481481481481
1,8082,6363,69,0.6521739130434783
1,8082,6430,17,0.5294117647058824
1,8082,6443,30,0.4
1,8082,6455,57,0.4736842105263158
1,8082,6459,19,0.5263157894736843
1,8082,6467,46,0.6630434782608696
1,8082,6472,83,0.5903614457831325
1,8082,6476,45,0.48888888888888893
1,8082,6489,17,0.7058823529411764
1,8082,6495,30,0.5166666666666666
1,8082,6505,20,0.725
1,8082,6508,73,0.547945205479452
1,8082,6570,30,0.4666666666666667
1,8082,6578,17,0.8823529411764706
1,8082,6599,69,0.44202898550724634
1,8082,6601,22,0.9772727272727273
1,8082,6632,26,0.9230769230769231
1,8082,6633,15,0.5333333333333333
1,8082,6653,22,0.6136363636363636
1,8082,6682,49,0.5612244897959184
1,8082,6703,13,0.5384615384615384
1,8082,6744,33,0.5909090909090908
1,8082,6753,24,0.8333333333333334
1,8082,6775,20,0.85
1,8082,6812,29,0.4137931034482759
1,8082,6872,20,0.575
1,8082,6883,22,0.7045454545454546
1,8082,6890,96,0.49479166666666663
1,8082,6897,120,0.5041666666666667
1,8082,6898,191,0.5157068062827226
1,8082,6931,20,0.475
1,8082,6942,21,0.5
1,8082,6964,20,0.75
1,8082,6972,172,0.45058139534883723
1,8082,6975,110,0.46818181818181814
1,8082,6987,31,0.4838709677419355
1,8082,7005,55,0.4636363636363636
1,8082,7010,113,0.3849557522123894
1,8082,7014,36,0.4027777777777778
1,8082,7026,15,0.6666666666666667
1,8082,7030,24,0.625
1,8082,7047,13,0.6923076923076923
1,8082,7080,21,0.4285714285714286
1,8082,7083,27,0.6111111111111112
1,8082,7084,16,0.71875
1,8082,7100,21,0.9285714285714286
1,8082,7110,39,0.4871794871794872
1,8082,7127,137,0.45255474452554745
1,8082,7130,25,0.62
1,8082,7143,26,0.6153846153846154
1,8082,7155,56,0.5446428571428572
1,8082,7156,17,0.6470588235294117
1,8082,7170,15,0.6666666666666667
1,8082,7179,17,0.2647058823529411
1,8082,7187,19,0.6842105263157895
1,8082,7191,32,0.6875
1,8082,7202,17,0.5294117647058824
1,8082,7237,19,0.7631578947368421
1,8082,7251,41,0.47560975609756095
1,8082,7254,28,0.625
1,8082,7263,57,0.4649122807017544
1,8082,7268,30,0.5666666666666667
1,8082,7289,26,0.32692307692307687
1,8082,7332,29,0.603448275862069
1,8082,7346,19,0.5789473684210527
1,8082,7351,22,0.7045454545454546
1,8082,7358,24,0.5
1,8082,7403,28,0.5714285714285714
1,8082,7405,119,0.4873949579831933
1,8082,7415,23,0.6086956521739131
1,8082,7452,35,0.6285714285714286
1,8082,7470,24,0.6041666666666667
1,8082,7490,33,0.4696969696969697
1,8082,7498,39,0.5769230769230769
1,8082,7501,17,0.47058823529411764
1,8082,7507,17,0.9117647058823529
1,8082,7511,37,0.5945945945945945
1,8082,7525,18,0.5
1,8082,7533,15,0.4666666666666667
1,8082,7583,130,0.4538461538461539
1,8082,7591,114,0.5526315789473684
1,8082,7601,18,0.5
1,8082,7603,35,0.5
1,8082,7606,30,0.5166666666666666
1,8082,7608,19,0.39473684210526316
1,8082,7622,18,0.6666666666666667
1,8082,7661,126,0.47619047619047616
1,8082,7677,36,0.5972222222222222
1,8082,7678,15,0.9333333333333333
1,8082,7683,91,0.532967032967033
1,8082,7694,28,0.5714285714285714
1,8082,7728,21,0.5476190476190477
1,8082,7814,23,0.6739130434782609
1,8082,7824,66,0.5909090909090908
1,8082,7837,21,0.9285714285714286
1,8082,7842,106,0.5471698113207547
1,8082,7847,24,0.9583333333333334
1,8082,7855,79,0.5443037974683544
1,8082,7885,88,0.5738636363636364
1,8082,7896,22,0.6363636363636364
1,8082,7914,51,0.6176470588235294
1,8082,7931,56,0.5803571428571428
1,8082,7953,251,0.4661354581673307
1,8082,7954,32,0.640625
1,8082,7969,19,0.5263157894736843
1,8082,7981,18,0.6388888888888888
1,8082,7984,32,0.46875
1,8082,8010,25,0.78
1,8082,8012,19,0.868421052631579
1,8082,8032,12,0.5833333333333333
1,8082,8045,166,0.4879518072289156
1,8082,8048,70,0.5142857142857142
1,8082,8049,78,0.5576923076923077
1,8082,8050,214,0.4789719626168224
1,8082,8060,31,0.4516129032258065
1,8082,8062,147,0.4965986394557823
1,8082,8073,28,0.5357142857142857
1,8082,8074,10,0.09999999999999998
1,8082,8079,30,0.4
1,8082,8080,15,0.30000000000000004
1,8082,8083,357,0.5182072829131653
1,8082,8084,333,0.4984984984984985
1,8082,8086,23,0.32608695652173914
1,8082,8088,72,0.5416666666666666
1,8082,8105,19,0.4473684210526316
1,8082,8108,54,0.4166666666666667
1,8082,8117,17,0.5294117647058824
1,8082,8148,21,0.42857142857142855
1,8082,8150,28,0.6428571428571429
1,8082,8151,14,0.5357142857142857
1,8082,8172,33,0.45454545454545453
1,8082,8180,24,0.8333333333333334
1,8082,8264,21,0.7142857142857143
1,8082,8265,12,0.875
1,8082,8289,13,0.5384615384615384
1,8082,8375,18,0.6944444444444444
1,8082,8442,18,0.6111111111111112
1,8082,8561,19,0.34210526315789475
1,8082,8619,19,0.8421052631578947
1,8082,8842,14,0.2857142857142857
1,8082,8963,17,0.5588235294117647
1,8082,9061,19,0.868421052631579
1,8082,9128,19,0.631578947368421
1,8082,9207,23,0.5652173913043478
1,8082,9211,12,0.4583333333333333
1,8082,9412,17,0.4411764705882353
1,8082,9483,15,0.7666666666666667
1,8082,9529,24,0.6666666666666666
1,8082,9551,17,0.4411764705882353
1,8082,9555,16,0.59375
1,8082,9589,11,0.6363636363636364
1,8082,9611,19,0.9736842105263158
1,8082,9664,17,0.6176470588235294
1,8082,9736,18,0.4722222222222222
1,8082,9739,13,0.5384615384615384
1,8082,9789,18,0.75
1,8082,9819,15,0.5666666666666667
1,8082,10287,14,0.39285714285714285
1,8082,10328,12,0.9166666666666666
1,8082,10933,12,0.4583333333333333
1,8082,11311,13,0.9230769230769231
1,8082,11670,11,0.7727272727272727
1,8082,11764,11,0.7272727272727273
1,8082,12102,12,0.875
1,8082,14287,10,0.8
1,8082,19505,11,0.36363636363636365
1,8082,19652,10,0.55
1,8082,19759,11,0.8181818181818182
1,8082,19944,11,0.7727272727272727
1,8082,19998,13,0.2692307692307692
1,8082,20128,11,0.5
1,8082,20610,11,0.5454545454545454
1,4467,917,32,0.640625
1,4467,940,34,0.6617647058823529
1,4467,975,152,0.4144736842105263
1,4467,1093,34,0.5294117647058824
1,4467,4344,20,0.42500000000000004
1,4467,4463,326,0.5
1,4467,4500,16,0.1875
1,4467,4537,174,0.5632183908045977
1,4467,4606,12,0.625
1,4467,4679,48,0.34375
1,4467,4728,28,0.4642857142857143
1,4467,4775,72,0.5833333333333334
1,4467,5310,12,0.2916666666666667
1,4467,5315,14,0.42857142857142855
1,4467,5336,82,0.5914634146341463
1,4467,5341,24,0.20833333333333334
1,4467,5461,12,0.3333333333333333
1,4467,5479,10,0.8
1,4467,5490,22,0.2727272727272727
1,4467,5500,76,0.4868421052631579
1,4467,5509,42,0.5952380952380952
1,4467,5575,26,0.2692307692307692
1,4467,5597,28,0.5892857142857143
1,4467,5678,34,0.4411764705882353
1,4467,5696,10,0.3
1,4467,5725,16,0.5
1,4467,5771,28,0.6071428571428571
1,4467,5814,26,0.3269230769230769
1,4467,5820,30,0.5
1,4467,5878,40,0.575
1,4467,5980,26,0.5384615384615384
1,4467,5991,24,0.3125
1,4467,6141,20,0.625
1,4467,6303,12,0.625
1,4467,6317,14,0.42857142857142855
1,4467,6344,10,0.35
1,4467,6399,10,0.25
1,8083,917,21,0.9047619047619048
1,8083,940,11,0.8181818181818181
1,8083,975,18,0.8333333333333334
1,8083,978,21,0.5714285714285714
1,8083,1093,18,0.9722222222222222
1,8083,1276,13,0.6153846153846154
1,8083,1397,86,0.41279069767441856
1,8083,1722,21,0.2857142857142857
1,8083,2302,20,0.475
1,8083,3505,25,0.14
1,8083,4694,28,0.1607142857142857
1,8083,5235,214,0.48831775700934577
1,8083,5259,15,0.7333333333333334
1,8083,5310,14,0.8214285714285714
1,8083,5336,20,0.8
1,8083,5407,18,0.5277777777777778
1,8083,5437,14,0.6428571428571428
1,8083,5479,16,0.90625
1,8083,5490,18,0.7777777777777778
1,8083,5491,14,0.5357142857142857
1,8083,5509,20,0.975
1,8083,5603,24,0.625
1,8083,5613,22,0.6818181818181819
1,8083,5705,197,0.4441624365482234
1,8083,5715,25,0.7
1,8083,5744,21,0.2857142857142857
1,8083,5771,17,0.7352941176470589
1,8083,5775,94,0.44680851063829785
1,8083,5868,24,0.875
1,8083,5869,21,0.8095238095238095
1,8083,5878,27,0.9074074074074074
1,8083,5913,29,0.8103448275862069
1,8083,5961,10,0.6
1,8083,5980,25,0.86
1,8083,5982,192,0.5182291666666667
1,8083,6008,68,0.5367647058823529
1,8083,6054,19,0.21052631578947367
1,8083,6087,12,0.5
1,8083,6097,174,0.47126436781609193
1,8083,6113,13,0.7692307692307692
1,8083,6141,14,0.8214285714285714
1,8083,6163,11,0.2727272727272727
1,8083,6223,91,0.5659340659340659
1,8083,6265,16,0.84375
1,8083,6283,164,0.5182926829268293
1,8083,6285,26,0.9423076923076923
1,8083,6301,25,0.43999999999999995
1,8083,6303,22,0.9545454545454546
1,8083,6317,12,0.9583333333333334
1,8083,6322,18,1.0
1,8083,6327,22,0.8409090909090909
1,8083,6359,21,0.7619047619047619
1,8083,6363,138,0.5579710144927537
1,8083,6430,16,0.5625
1,8083,6443,27,0.2777777777777778
1,8083,6455,50,0.5
1,8083,6459,20,0.7
1,8083,6467,42,0.5119047619047619
1,8083,6472,93,0.5053763440860215
1,8083,6476,41,0.6951219512195121
1,8083,6489,10,0.7
1,8083,6495,62,0.5403225806451613
1,8083,6505,29,0.6551724137931034
1,8083,6508,101,0.4900990099009901
1,8083,6570,24,0.5416666666666667
1,8083,6578,29,0.7413793103448276
1,8083,6599,38,0.5921052631578947
1,8083,6601,23,0.8695652173913043
1,8083,6632,17,0.8823529411764706
1,8083,6633,16,0.71875
1,8083,6653,12,0.6666666666666667
1,8083,6682,30,0.4
1,8083,6703,20,0.55
1,8083,6744,22,0.5454545454545454
1,8083,6753,23,0.8695652173913043
1,8083,6775,25,0.72
1,8083,6812,22,0.5909090909090908
1,8083,6872,21,0.47619047619047616
1,8083,6883,17,0.7058823529411764
1,8083,6890,110,0.6045454545454545
1,8083,6897,137,0.551094890510949
1,8083,6898,161,0.4347826086956522
1,8083,6931,27,0.5555555555555556
1,8083,6942,13,0.42307692307692313
1,8083,6972,85,0.47058823529411764
1,8083,6975,157,0.44904458598726116
1,8083,6987,20,0.625
1,8083,7005,60,0.6166666666666667
1,8083,7010,102,0.446078431372549
1,8083,7014,16,0.46875
1,8083,7026,12,0.5
1,8083,7030,20,0.6
1,8083,7047,21,0.9523809523809523
1,8083,7080,19,0.6052631578947368
1,8083,7083,22,0.5454545454545454
1,8083,7084,19,0.868421052631579
1,8083,7100,16,0.84375
1,8083,7110,17,0.6764705882352942
1,8083,7127,139,0.4316546762589928
1,8083,7130,21,0.47619047619047616
1,8083,7143,24,0.6666666666666667
1,8083,7155,67,0.5522388059701493
1,8083,7156,17,0.47058823529411764
1,8083,7170,18,0.6388888888888888
1,8083,7179,24,0.10416666666666663
1,8083,7187,13,0.5769230769230769
1,8083,7189,14,0.3571428571428571
1,8083,7191,35,0.5428571428571429
1,8083,7202,24,0.5625
1,8083,7237,12,0.75
1,8083,7251,40,0.44999999999999996
1,8083,7254,22,0.5454545454545454
1,8083,7263,33,0.6060606060606061
1,8083,7268,24,0.625
1,8083,7289,25,0.31999999999999995
1,8083,7332,31,0.5
1,8083,7346,20,0.625
1,8083,7351,24,0.6875
1,8083,7358,11,0.40909090909090906
1,8083,7403,37,0.6621621621621622
1,8083,7405,138,0.5253623188405797
1,8083,7415,31,0.4838709677419355
1,8083,7452,36,0.6388888888888888
1,8083,7470,41,0.4878048780487805
1,8083,7490,38,0.5921052631578947
1,8083,7498,29,0.6551724137931034
1,8083,7501,10,0.44999999999999996
1,8083,7507,18,0.8055555555555556
1,8083,7511,20,0.42500000000000004
1,8083,7525,15,0.4666666666666667
1,8083,7533,26,0.3076923076923077
1,8083,7583,144,0.4652777777777778
1,8083,7591,113,0.5973451327433628
1,8083,7601,17,0.5294117647058824
1,8083,7603,21,0.5476190476190477
1,8083,7606,11,0.4545454545454546
1,8083,7608,22,0.5681818181818181
1,8083,7622,17,0.5294117647058824
1,8083,7661,99,0.5555555555555556
1,8083,7677,25,0.64
1,8083,7678,32,0.921875
1,8083,7683,92,0.46739130434782605
1,8083,7694,25,0.52
1,8083,7728,16,0.65625
1,8083,7814,19,0.7894736842105263
1,8083,7824,78,0.6025641025641026
1,8083,7837,22,0.8181818181818181
1,8083,7842,148,0.4966216216216216
1,8083,7847,25,0.74
1,8083,7855,26,0.7115384615384616
1,8083,7885,146,0.523972602739726
1,8083,7896,22,0.5681818181818181
1,8083,7914,67,0.5597014925373134
1,8083,7931,24,0.5
1,8083,7953,189,0.4920634920634921
1,8083,7954,15,0.6666666666666667
1,8083,7969,17,0.5
1,8083,7981,21,0.5714285714285714
1,8083,7984,12,0.7916666666666666
1,8083,8010,11,0.7272727272727273
1,8083,8012,19,0.8157894736842105
1,8083,8032,16,0.59375
1,8083,8045,183,0.4672131147540983
1,8083,8048,59,0.5423728813559322
1,8083,8049,135,0.5
1,8083,8050,174,0.5287356321839081
1,8083,8060,28,0.4464285714285714
1,8083,8062,140,0.5464285714285715
1,8083,8073,18,0.36111111111111116
1,8083,8074,10,0.25
1,8083,8079,42,0.6309523809523809
1,8083,8080,30,0.2666666666666667
1,8083,8082,357,0.4817927170868347
1,8083,8084,211,0.518957345971564
1,8083,8086,24,0.16666666666666666
1,8083,8088,36,0.4861111111111111
1,8083,8105,29,0.5172413793103449
1,8083,8108,86,0.4186046511627907
1,8083,8117,19,0.7631578947368421
1,8083,8148,27,0.37037037037037035
1,8083,8150,21,0.40476190476190477
1,8083,8151,23,0.5869565217391305
1,8083,8172,22,0.5
1,8083,8180,20,0.75
1,8083,8181,14,0.4642857142857143
1,8083,8264,21,0.9523809523809523
1,8083,8265,16,0.96875
1,8083,8289,21,0.6904761904761905
1,8083,8375,21,0.6190476190476191
1,8083,8442,21,0.35714285714285715
1,8083,8561,24,0.16666666666666666
1,8083,8619,22,0.8863636363636364
1,8083,8842,19,0.3157894736842105
1,8083,8963,21,0.5238095238095238
1,8083,9004,10,0.95
1,8083,9061,17,0.8529411764705882
1,8083,9128,14,0.7857142857142857
1,8083,9207,10,0.25
1,8083,9211,21,0.5
1,8083,9412,17,0.5294117647058824
1,8083,9483,16,0.46875
1,8083,9529,19,0.6578947368421053
1,8083,9551,23,0.5434782608695652
1,8083,9555,15,0.5333333333333333
1,8083,9611,14,0.8571428571428571
1,8083,9664,15,0.7333333333333333
1,8083,9736,24,0.4375
1,8083,9739,17,0.47058823529411764
1,8083,10328,11,1.0
1,8083,10933,16,0.5
1,8083,11311,24,0.8541666666666666
1,8083,11670,18,0.6666666666666666
1,8083,11699,20,0.5
1,8083,19652,11,0.7272727272727273
1,8083,19675,10,0.25
1,8083,19759,13,1.0
1,8083,19769,10,0.45
1,8083,19788,11,0.5
1,8083,19941,12,1.0
1,8083,20123,10,0.55
1,8083,20401,11,0.5454545454545454
1,5597,917,18,0.6944444444444444
1,5597,1093,10,0.7
1,5597,4467,28,0.4107142857142857
1,5597,4775,64,0.4765625
1,5597,5261,20,0.6
1,5597,5336,104,0.47596153846153844
1,5597,5479,28,0.5892857142857143
1,5597,5500,68,0.38235294117647056
1,5597,5509,92,0.5163043478260869
1,5597,5725,22,0.4772727272727273
1,5597,5741,16,0.625
1,5597,5771,40,0.6125
1,5597,5814,10,0.4
1,5597,5820,42,0.5714285714285714
1,5597,5868,48,0.5833333333333334
1,5597,5878,62,0.41935483870967744
1,5597,5980,62,0.5
1,5597,5991,14,0.21428571428571427
1,5597,6141,22,0.4318181818181818
1,5597,6265,24,0.4583333333333333
1,5597,6303,38,0.4342105263157895
1,5597,6317,30,0.45
1,5597,6322,14,0.5714285714285714
1,5597,6391,22,0.5
1,5597,6399,10,0.3
1,5597,6632,12,0.5
1,7847,917,62,0.5403225806451613
1,7847,940,59,0.5593220338983051
1,7847,975,25,0.30000000000000004
1,7847,978,15,0.1333333333333333
1,7847,1093,56,0.625
1,7847,1276,31,0.17741935483870963
1,7847,1397,18,0.02777777777777779
1,7847,1722,23,0.04347826086956519
1,7847,2302,22,0.06818181818181823
1,7847,3505,22,0.045454545454545414
1,7847,4694,24,0.02083333333333337
1,7847,4775,389,0.5372750642673522
1,7847,5235,17,0.17647058823529416
1,7847,5259,23,0.19565217391304346
1,7847,5310,14,0.3214285714285714
1,7847,5336,74,0.4054054054054054
1,7847,5407,18,0.13888888888888884
1,7847,5437,16,0.125
1,7847,5479,81,0.5987654320987654
1,7847,5490,14,0.0714285714285714
1,7847,5491,18,0.3055555555555556
1,7847,5509,263,0.4980988593155894
1,7847,5603,27,0.18518518518518523
1,7847,5613,22,0.18181818181818177
1,7847,5705,28,0.017857142857142905
1,7847,5715,23,0.15217391304347827
1,7847,5744,17,0.05882352941176472
1,7847,5771,343,0.4839650145772595
1,7847,5775,14,0.1785714285714286
1,7847,5868,225,0.4688888888888889
1,7847,5869,14,0.1071428571428571
1,7847,5878,85,0.4
1,7847,5913,22,0.15909090909090906
1,7847,5961,24,0.1875
1,7847,5980,299,0.49498327759197325
1,7847,5982,20,0.125
1,7847,6008,19,0.02631578947368418
1,7847,6054,23,0.021739130434782594
1,7847,6087,24,0.125
1,7847,6097,17,0.11764705882352944
1,7847,6113,19,0.2894736842105263
1,7847,6141,322,0.48757763975155277
1,7847,6163,22,0.31818181818181823
1,7847,6223,20,0.125
1,7847,6265,268,0.48320895522388063
1,7847,6283,17,0.2647058823529411
1,7847,6285,67,0.6865671641791045
1,7847,6301,24,0.1875
1,7847,6303,90,0.47777777777777775
1,7847,6317,345,0.527536231884058
1,7847,6322,313,0.523961661341853
1,7847,6327,15,0.4
1,7847,6359,19,0.10526315789473684
1,7847,6363,23,0.15217391304347827
1,7847,6430,20,0.19999999999999996
1,7847,6443,14,0.0357142857142857
1,7847,6455,19,0.1578947368421053
1,7847,6459,17,0.11764705882352944
1,7847,6467,20,0.09999999999999998
1,7847,6472,22,0.09090909090909094
1,7847,6476,19,0.2894736842105263
1,7847,6489,20,0.15000000000000002
1,7847,6495,22,0.13636363636363635
1,7847,6505,11,0.18181818181818177
1,7847,6508,15,0.06666666666666665
1,7847,6570,18,0.05555555555555558
1,7847,6578,22,0.11363636363636365
1,7847,6599,11,0.13636363636363635
1,7847,6601,425,0.49764705882352944
1,7847,6632,542,0.5
1,7847,6633,20,0.275
1,7847,6653,30,0.09999999999999998
1,7847,6682,17,0.08823529411764708
1,7847,6703,27,0.12962962962962965
1,7847,6744,19,0.10526315789473684
1,7847,6753,289,0.4913494809688581
1,7847,6775,63,0.33333333333333337
1,7847,6812,19,0.13157894736842102
1,7847,6872,23,0.10869565217391308
1,7847,6883,18,0.38888888888888884
1,7847,6890,12,0.125
1,7847,6897,20,0.050000000000000044
1,7847,6898,20,0.09999999999999998
1,7847,6931,22,0.13636363636363635
1,7847,6942,21,0.11904761904761907
1,7847,6964,15,0.16666666666666663
1,7847,6972,21,0.04761904761904767
1,7847,6975,20,0.125
1,7847,6987,22,0.25
1,7847,7005,20,0.07499999999999996
1,7847,7010,24,0.125
1,7847,7014,21,0.11904761904761907
1,7847,7026,28,0.1785714285714286
1,7847,7030,27,0.14814814814814814
1,7847,7047,24,0.45833333333333337
1,7847,7080,14,0.1785714285714286
1,7847,7083,17,0.02941176470588236
1,7847,7084,84,0.4464285714285714
1,7847,7100,103,0.37378640776699024
1,7847,7110,20,0.15000000000000002
1,7847,7127,22,0.045454545454545414
1,7847,7130,16,0.0625
1,7847,7143,22,0.18181818181818177
1,7847,7155,23,0.21739130434782605
1,7847,7156,16,0.09375
1,7847,7170,23,0.4130434782608695
1,7847,7179,14,0.0714285714285714
1,7847,7187,20,0.15000000000000002
1,7847,7191,19,0.13157894736842102
1,7847,7202,19,0.07894736842105265
1,7847,7237,33,0.1515151515151515
1,7847,7251,18,0.02777777777777779
1,7847,7254,20,0.050000000000000044
1,7847,7263,22,0.045454545454545414
1,7847,7268,16,0.0625
1,7847,7289,27,0.05555555555555558
1,7847,7332,32,0.109375
1,7847,7346,15,0.1333333333333333
1,7847,7351,23,0.10869565217391308
1,7847,7358,23,0.04347826086956519
1,7847,7403,22,0.06818181818181823
1,7847,7405,23,0.15217391304347827
1,7847,7415,20,0.025000000000000022
1,7847,7452,16,0.09375
1,7847,7470,22,0.09090909090909094
1,7847,7490,21,0.09523809523809523
1,7847,7498,19,0.07894736842105265
1,7847,7501,14,0.0357142857142857
1,7847,7507,192,0.47135416666666663
1,7847,7511,17,0.08823529411764708
1,7847,7525,23,0.17391304347826086
1,7847,7533,20,0.07499999999999996
1,7847,7549,14,0.4642857142857143
1,7847,7583,25,0.19999999999999996
1,7847,7591,20,0.07499999999999996
1,7847,7601,23,0.06521739130434778
1,7847,7603,20,0.050000000000000044
1,7847,7606,22,0.045454545454545414
1,7847,7608,14,0.1428571428571429
1,7847,7622,20,0.125
1,7847,7661,25,0.18000000000000005
1,7847,7677,21,0.1428571428571429
1,7847,7678,191,0.45549738219895286
1,7847,7683,19,0.10526315789473684
1,7847,7694,31,0.19354838709677424
1,7847,7728,16,0.25
1,7847,7814,22,0.09090909090909094
1,7847,7824,12,0.25
1,7847,7837,157,0.5636942675159236
1,7847,7842,16,0.09375
1,7847,7855,16,0.15625
1,7847,7885,21,0.19047619047619047
1,7847,7896,19,0.10526315789473684
1,7847,7914,18,0.0
1,7847,7931,21,0.14285714285714285
1,7847,7953,14,0.0
1,7847,7954,21,0.16666666666666666
1,7847,7969,17,0.058823529411764705
1,7847,7981,19,0.02631578947368421
1,7847,7984,33,0.09090909090909091
1,7847,8010,22,0.3181818181818182
1,7847,8012,77,0.4155844155844156
1,7847,8032,14,0.2857142857142857
1,7847,8045,24,0.14583333333333334
1,7847,8048,24,0.0625
1,7847,8049,22,0.11363636363636363
1,7847,8050,21,0.16666666666666666
1,7847,8060,20,0.225
1,7847,8062,16,0.09375
1,7847,8073,23,0.10869565217391304
1,7847,8079,15,0.3
1,7847,8080,28,0.07142857142857142
1,7847,8082,24,0.041666666666666664
1,7847,8083,25,0.26
1,7847,8084,26,0.019230769230769232
1,7847,8086,21,0.047619047619047616
1,7847,8088,27,0.07407407407407407
1,7847,8105,15,0.1
1,7847,8108,17,0.029411764705882353
1,7847,8117,15,0.26666666666666666
1,7847,8137,16,0.46875
1,7847,8148,21,0.023809523809523808
1,7847,8150,19,0.13157894736842105
1,7847,8151,17,0.20588235294117646
1,7847,8169,36,0.4583333333333333
1,7847,8172,19,0.05263157894736842
1,7847,8180,23,0.2391304347826087
1,7847,8264,24,0.4166666666666667
1,7847,8265,40,0.6
1,7847,8289,20,0.175
1,7847,8375,17,0.17647058823529413
1,7847,8442,18,0.0
1,7847,8561,20,0.05
1,7847,8619,20,0.425
1,7847,8842,19,0.13157894736842105
1,7847,8963,17,0.08823529411764706
1,7847,9061,15,0.6333333333333333
1,7847,9128,19,0.3157894736842105
1,7847,9207,18,0.3055555555555556
1,7847,9211,19,0.10526315789473684
1,7847,9412,12,0.16666666666666666
1,7847,9529,14,0.0
1,7847,9551,23,0.2391304347826087
1,7847,9555,16,0.21875
1,7847,9589,23,0.1956521739130435
1,7847,9611,17,0.5294117647058824
1,7847,9664,17,0.17647058823529413
1,7847,9736,11,0.0
1,7847,9739,21,0.09523809523809523
1,7847,9789,20,0.3
1,7847,9819,10,0.5
1,7847,10287,12,0.041666666666666664
1,7847,10328,16,0.625
1,7847,10933,14,0.14285714285714285
1,7847,11311,12,0.4166666666666667
1,7847,11670,13,0.19230769230769232
1,7847,11699,17,0.17647058823529413
1,7847,11764,15,0.1
1,7847,16303,10,0.0
1,7847,17455,10,0.0
1,7847,19035,11,0.13636363636363635
1,7847,19169,10,0.1
1,7847,19505,10,0.15
1,7847,19927,11,0.0
1,7847,19930,10,0.1
1,7847,20042,10,0.1
1,7847,20138,11,0.22727272727272727
1,7847,20374,11,0.13636363636363635
1,7847,20547,10,0.1
1,7322,5869,10,0.65
1,7322,6872,10,0.65
1,7322,7130,14,0.3571428571428571
1,7322,7202,12,0.45833333333333337
1,7322,7251,12,0.5416666666666667
1,8108,917,20,0.875
1,8108,940,14,0.9642857142857143
1,8108,975,22,0.8409090909090909
1,8108,978,24,0.8125
1,8108,1093,26,0.9615384615384616
1,8108,1276,23,0.6956521739130435
1,8108,1397,551,0.4882032667876588
1,8108,1722,12,0.33333333333333337
1,8108,2302,18,0.5
1,8108,3505,16,0.28125
1,8108,4694,24,0.25
1,8108,4775,20,1.0
1,8108,5235,30,0.5166666666666666
1,8108,5259,24,0.8541666666666666
1,8108,5310,17,0.7058823529411764
1,8108,5336,17,0.9705882352941176
1,8108,5407,24,0.6041666666666667
1,8108,5437,18,0.7222222222222222
1,8108,5490,29,0.6551724137931034
1,8108,5491,23,0.7608695652173914
1,8108,5509,24,0.9583333333333334
1,8108,5603,15,0.6666666666666667
1,8108,5613,21,0.7619047619047619
1,8108,5705,120,0.5375
1,8108,5715,30,0.7833333333333333
1,8108,5744,210,0.42380952380952386
1,8108,5771,17,0.8823529411764706
1,8108,5775,17,0.5882352941176471
1,8108,5868,24,0.8541666666666666
1,8108,5869,23,0.7173913043478262
1,8108,5878,16,0.84375
1,8108,5913,24,0.6041666666666667
1,8108,5961,23,0.6739130434782609
1,8108,5980,17,1.0
1,8108,5982,27,0.6296296296296297
1,8108,6008,38,0.5657894736842105
1,8108,6054,131,0.416030534351145
1,8108,6087,17,0.3529411764705882
1,8108,6097,347,0.5619596541786743
1,8108,6113,22,0.7954545454545454
1,8108,6141,16,0.90625
1,8108,6163,18,0.6666666666666667
1,8108,6223,32,0.671875
1,8108,6265,12,1.0
1,8108,6283,32,0.671875
1,8108,6285,22,0.9545454545454546
1,8108,6301,31,0.564516129032258
1,8108,6303,25,0.94
1,8108,6317,17,0.9117647058823529
1,8108,6322,20,0.9
1,8108,6327,19,0.868421052631579
1,8108,6359,21,0.7380952380952381
1,8108,6363,19,0.631578947368421
1,8108,6430,21,0.7380952380952381
1,8108,6443,97,0.38659793814432986
1,8108,6455,21,0.7619047619047619
1,8108,6459,21,0.7142857142857143
1,8108,6467,21,0.6904761904761905
1,8108,6472,29,0.5689655172413793
1,8108,6476,15,0.7
1,8108,6489,21,0.8571428571428572
1,8108,6495,24,0.5833333333333333
1,8108,6505,20,0.7
1,8108,6508,17,0.6176470588235294
1,8108,6570,34,0.5
1,8108,6578,17,0.7647058823529411
1,8108,6599,27,0.5740740740740741
1,8108,6601,16,1.0
1,8108,6632,20,0.85
1,8108,6633,15,0.9333333333333333
1,8108,6653,19,0.5526315789473684
1,8108,6682,19,0.6578947368421053
1,8108,6703,20,0.675
1,8108,6744,32,0.6875
1,8108,6753,19,0.9473684210526316
1,8108,6775,21,0.8571428571428572
1,8108,6812,39,0.5384615384615384
1,8108,6872,19,0.4473684210526315
1,8108,6883,20,0.975
1,8108,6890,59,0.6016949152542372
1,8108,6897,23,0.7173913043478262
1,8108,6898,138,0.5507246376811594
1,8108,6931,49,0.6224489795918368
1,8108,6942,24,0.5625
1,8108,6964,14,0.8214285714285714
1,8108,6972,80,0.56875
1,8108,6975,222,0.5788288288288288
1,8108,6987,25,0.5800000000000001
1,8108,7005,20,0.42500000000000004
1,8108,7010,40,0.525
1,8108,7014,24,0.7916666666666666
1,8108,7026,27,0.7407407407407407
1,8108,7030,21,0.6190476190476191
1,8108,7047,16,0.96875
1,8108,7080,23,0.5217391304347826
1,8108,7083,24,0.6458333333333333
1,8108,7084,25,0.98
1,8108,7100,15,0.8666666666666667
1,8108,7110,16,0.375
1,8108,7127,315,0.5650793650793651
1,8108,7130,27,0.5555555555555556
1,8108,7143,25,0.56
1,8108,7155,39,0.6282051282051282
1,8108,7156,16,0.59375
1,8108,7170,16,0.84375
1,8108,7179,21,0.16666666666666663
1,8108,7187,18,0.6666666666666667
1,8108,7189,26,0.46153846153846156
1,8108,7191,27,0.4814814814814815
1,8108,7202,18,0.7222222222222222
1,8108,7237,19,0.8157894736842105
1,8108,7251,25,0.64
1,8108,7254,28,0.6428571428571428
1,8108,7263,23,0.5652173913043479
1,8108,7268,15,0.4666666666666667
1,8108,7289,161,0.3850931677018633
1,8108,7332,20,0.775
1,8108,7346,23,0.8043478260869565
1,8108,7351,23,0.8478260869565217
1,8108,7358,18,0.6944444444444444
1,8108,7403,21,0.7380952380952381
1,8108,7405,60,0.6416666666666666
1,8108,7415,21,0.5952380952380952
1,8108,7452,21,0.6666666666666667
1,8108,7470,25,0.5
1,8108,7490,20,0.6
1,8108,7498,26,0.5961538461538461
1,8108,7501,190,0.4263157894736842
1,8108,7507,17,0.9705882352941176
1,8108,7511,21,0.5476190476190477
1,8108,7525,15,0.5
1,8108,7533,273,0.3571428571428571
1,8108,7583,72,0.6388888888888888
1,8108,7591,24,0.625
1,8108,7601,23,0.6739130434782609
1,8108,7603,23,0.6086956521739131
1,8108,7606,21,0.6904761904761905
1,8108,7608,20,0.625
1,8108,7622,21,0.7142857142857143
1,8108,7661,465,0.5204301075268818
1,8108,7677,26,0.6346153846153846
1,8108,7678,15,0.9333333333333333
1,8108,7683,407,0.5307125307125307
1,8108,7694,27,0.537037037037037
1,8108,7728,21,0.7619047619047619
1,8108,7814,19,0.6578947368421053
1,8108,7824,21,0.4285714285714286
1,8108,7837,14,0.9285714285714286
1,8108,7842,23,0.5434782608695652
1,8108,7847,17,0.9705882352941176
1,8108,7855,17,0.5294117647058824
1,8108,7885,28,0.6785714285714286
1,8108,7896,23,0.5869565217391304
1,8108,7914,24,0.5833333333333333
1,8108,7931,22,0.6590909090909092
1,8108,7953,150,0.5833333333333333
1,8108,7954,18,0.6666666666666667
1,8108,7969,19,0.4736842105263158
1,8108,7981,19,0.5
1,8108,7984,25,0.54
1,8108,8010,19,0.8421052631578947
1,8108,8012,20,0.975
1,8108,8032,23,0.8478260869565217
1,8108,8045,72,0.5625
1,8108,8048,23,0.6304347826086957
1,8108,8049,124,0.564516129032258
1,8108,8050,86,0.6337209302325582
1,8108,8060,17,0.6470588235294117
1,8108,8062,159,0.5723270440251572
1,8108,8073,20,0.65
1,8108,8074,126,0.373015873015873
1,8108,8079,27,0.8518518518518519
1,8108,8080,160,0.375
1,8108,8082,54,0.5833333333333333
1,8108,8083,86,0.5813953488372092
1,8108,8084,33,0.48484848484848486
1,8108,8086,59,0.34745762711864403
1,8108,8088,22,0.40909090909090906
1,8108,8105,14,0.6785714285714286
1,8108,8117,14,0.7857142857142857
1,8108,8148,127,0.40551181102362205
1,8108,8150,17,0.7941176470588235
1,8108,8151,23,0.8043478260869565
1,8108,8172,20,0.475
1,8108,8180,13,1.0
1,8108,8264,14,0.7857142857142857
1,8108,8265,20,0.85
1,8108,8289,19,0.8947368421052632
1,8108,8375,20,0.725
1,8108,8442,17,0.4117647058823529
1,8108,8561,16,0.28125
1,8108,8619,24,0.9583333333333334
1,8108,8842,18,0.7222222222222222
1,8108,8963,15,0.7
1,8108,9061,17,1.0
1,8108,9128,10,0.9
1,8108,9207,24,0.625
1,8108,9211,16,0.53125
1,8108,9412,14,0.6071428571428571
1,8108,9483,13,0.8461538461538461
1,8108,9529,12,0.5833333333333334
1,8108,9555,13,0.5384615384615384
1,8108,9589,14,0.5357142857142857
1,8108,9611,12,0.9166666666666666
1,8108,9664,12,0.8333333333333334
1,8108,9736,14,0.8214285714285714
1,8108,9739,16,0.5625
1,8108,9789,18,0.8055555555555556
1,8108,9819,18,0.6666666666666666
1,8108,10287,23,0.43478260869565216
1,8108,10328,20,0.925
1,8108,10933,13,0.7307692307692307
1,8108,11311,21,0.8809523809523809
1,8108,11670,12,0.625
1,8108,11699,11,0.6818181818181818
1,8108,12102,10,0.95
1,8108,19796,11,0.8636363636363636
1,8108,19944,10,0.55
1,8108,20142,10,0.85
3,10146,915,28,0.3571428571428571
3,10146,938,20,0.44999999999999996
3,10146,9063,31,0.4838709677419355
3,10146,9411,22,0.0
3,10146,9531,33,0.6060606060606061
3,10146,9709,17,0.5294117647058824
3,10146,10224,15,0.4666666666666667
3,10146,10248,16,0.625
3,10146,10494,11,0.0
3,10146,10558,12,0.3333333333333333
3,11374,915,104,1.0
3,11374,938,85,1.0
3,11374,9063,90,1.0
3,11374,9531,79,1.0
3,11374,9709,79,1.0
3,11374,10248,97,1.0
3,11374,10344,61,1.0
3,11374,10494,95,0.0
3,11374,10501,59,0.711864406779661
3,11374,10547,87,1.0
3,11374,10549,79,1.0
3,11374,10558,60,0.8166666666666667
3,11374,10559,86,1.0
3,11374,10650,79,0.44303797468354433
3,11374,10680,76,0.368421052631579
3,11374,10698,75,0.18666666666666665
3,11374,10726,85,0.0
3,11374,10732,84,1.0
3,11374,11067,92,0.0
3,11374,11183,100,1.0
3,11374,11303,56,0.2321428571428571
3,11374,11554,79,0.46835443037974683
3,11374,11555,79,0.5822784810126582
3,11374,11892,74,1.0
3,11374,13823,41,0.024390243902439025
3,11374,13986,50,0.0
3,11374,13987,36,0.4444444444444444
3,11374,14045,33,1.0
3,11374,14086,36,1.0
3,11374,14094,36,0.3333333333333333
3,11374,14104,26,0.0
3,11374,14109,37,0.0
3,11374,14119,36,0.0
3,11374,14126,31,0.0
3,11374,14127,38,0.0
3,11374,14128,35,0.6
3,11374,14139,32,0.4375
3,11374,14164,30,0.1
3,11374,14168,37,0.40540540540540543
3,11374,14185,20,1.0
3,11374,14187,34,0.14705882352941177
3,11374,14189,38,0.0
3,11374,14194,26,0.0
3,11374,14201,39,0.358974358974359
3,11374,14208,44,0.13636363636363635
3,11374,14209,32,0.5625
3,11374,14224,36,0.5
3,11374,14243,31,0.5161290322580645
3,11374,14245,32,0.0
3,11374,14311,31,0.0
3,11374,14318,20,0.0
3,11374,14319,37,0.7297297297297297
3,11374,14320,38,0.5526315789473685
3,11374,16088,39,1.0
3,11374,18596,22,0.0
3,11374,18635,26,0.0
3,11374,18637,25,0.0
3,11374,30369,13,0.07692307692307693
6,1266,931,22,0.6818181818181819
6,1266,948,38,0.7894736842105263
6,1266,985,250,0.502
6,1266,1016,270,0.47777777777777775
6,1266,1101,126,0.46825396825396826
6,1266,1116,192,0.5234375
6,1266,1160,268,0.5149253731343284
6,1266,1186,188,0.523936170212766
6,1266,1208,14,0.2857142857142857
6,1266,1226,116,0.3836206896551724
6,1266,1241,38,0.513157894736842
6,1266,1247,10,0.09999999999999998
6,1266,1282,82,0.39634146341463417
6,1266,1302,38,0.6578947368421053
6,1266,1303,44,0.6818181818181818
6,1266,1304,18,0.6388888888888888
6,1266,1305,30,0.6666666666666666
6,1266,1306,12,0.5416666666666666
6,1266,1310,16,0.625
6,1266,1317,30,0.55
6,1266,1333,24,0.3958333333333333
6,1266,1335,14,0.35714285714285715
6,1266,1341,12,0.5833333333333334
6,1266,1367,30,0.5
6,1266,1382,96,0.53125
6,1266,1401,10,0.2
6,1266,1405,30,0.5166666666666667
6,1266,1413,12,0.3333333333333333
6,8647,931,32,1.0
6,8647,948,30,1.0
6,8647,985,31,0.967741935483871
6,8647,1016,33,1.0
6,8647,1116,27,0.962962962962963
6,8647,1160,21,1.0
6,8647,1163,22,0.8181818181818181
6,8647,1226,29,1.0
6,8647,1310,20,0.95
6,8647,1333,30,1.0
6,8647,1364,29,0.9137931034482758
6,8647,1372,23,0.9130434782608696
6,8647,1401,34,0.9705882352941176
6,8647,1413,25,1.0
6,8647,1470,21,0.9761904761904762
6,8647,1474,23,1.0
6,8647,1511,17,0.9411764705882353
6,8647,1555,17,0.9117647058823529
6,8647,1743,18,1.0
6,8647,1757,22,0.5681818181818181
6,8647,1780,28,0.5
6,8647,2222,28,0.875
6,8647,2284,29,0.9482758620689655
6,8647,2329,30,0.5666666666666667
6,8647,2453,30,0.43333333333333335
6,8647,2475,25,0.64
6,8647,2735,24,0.8333333333333334
6,8647,2743,29,0.5344827586206897
6,8647,2784,36,0.20833333333333337
6,8647,2804,30,0.5166666666666666
6,8647,2862,28,0.5714285714285714
6,8647,2876,36,0.6388888888888888
6,8647,2901,29,0.603448275862069
6,8647,2907,19,0.7894736842105263
6,8647,2914,27,0.38888888888888884
6,8647,2995,36,0.5555555555555556
6,8647,3172,22,0.5227272727272727
6,8647,3250,27,1.0
6,8647,3277,26,0.7307692307692308
6,8647,3304,23,1.0
6,8647,3400,33,0.9696969696969697
6,8647,3413,25,0.96
6,8647,3420,20,0.625
6,8647,3424,31,1.0
6,8647,3524,41,0.9878048780487805
6,8647,3574,31,0.4838709677419355
6,8647,3629,21,0.8571428571428572
6,8647,3639,32,0.625
6,8647,3652,35,0.9857142857142858
6,8647,3778,23,0.4565217391304348
6,8647,3882,22,0.09090909090909094
6,8647,3948,31,0.7419354838709677
6,8647,4130,33,0.7727272727272727
6,8647,4168,31,0.7419354838709677
6,8647,4364,33,0.9393939393939394
6,8647,4390,30,0.6166666666666667
6,8647,4462,28,0.6785714285714286
6,8647,4472,24,0.7916666666666666
6,8647,4517,25,0.18000000000000005
6,8647,4535,29,0.13793103448275867
6,8647,4628,30,0.6833333333333333
6,8647,4700,30,0.09999999999999998
6,8647,4727,32,0.46875
6,8647,4731,30,0.65
6,8647,4858,21,1.0
6,8647,5104,31,1.0
6,8647,5231,31,0.935483870967742
6,8647,5608,29,0.03448275862068961
6,8647,5818,28,0.0714285714285714
6,8647,6109,27,0.8518518518518519
6,8647,6696,26,0.9615384615384616
6,8647,7138,29,1.0
6,8647,7535,31,0.967741935483871
6,8647,8186,23,0.9782608695652174
6,8647,8301,47,0.04255319148936165
6,8647,8332,37,0.8648648648648649
6,8647,8360,24,0.9583333333333334
6,8647,8397,27,0.8148148148148149
6,8647,8414,24,0.0
6,8647,8419,32,0.78125
6,8647,8424,31,0.7419354838709677
6,8647,8434,33,0.8181818181818181
6,8647,8507,17,0.05882352941176472
6,8647,8510,23,0.04347826086956519
6,8647,8562,22,0.13636363636363635
6,8647,8602,25,1.0
6,8647,8607,25,0.0
6,8647,8676,21,1.0
6,8647,8712,30,0.5333333333333333
6,8647,8743,39,0.08974358974358974
6,8647,8748,28,0.6428571428571429
6,8647,8749,26,0.46153846153846156
6,8647,8802,25,0.36
6,8647,8825,27,0.0
6,8647,8828,22,0.06818181818181818
6,8647,8834,28,0.07142857142857142
6,8647,8841,26,0.11538461538461539
6,8647,8965,32,0.671875
6,8647,9048,23,0.17391304347826086
6,8647,9049,25,0.04
6,8647,9065,25,1.0
6,8647,9261,22,1.0
6,8647,9478,21,0.047619047619047616
6,8647,9684,27,0.037037037037037035
6,8647,9696,20,1.0
6,8647,9743,18,0.7222222222222222
6,8647,9815,21,0.8809523809523809
6,8647,9831,29,0.5517241379310345
6,8647,9842,24,0.4791666666666667
6,8647,9858,25,0.48
6,8647,9933,20,0.65
6,8647,10059,21,0.8095238095238095
6,8647,10104,22,0.8181818181818182
6,8647,10264,25,0.96
6,8647,10285,17,0.17647058823529413
6,8647,10747,19,0.0
6,8647,10755,24,0.6041666666666666
6,8647,10916,16,0.71875
6,8647,10920,18,0.1111111111111111
6,8647,10948,22,0.8181818181818182
6,8647,10964,26,0.6538461538461539
6,8647,10970,16,0.6875
6,8647,11094,21,0.47619047619047616
6,8647,11100,21,0.21428571428571427
6,8647,11179,24,0.375
6,8647,11201,17,0.14705882352941177
6,8647,11205,16,0.53125
6,8647,11266,17,0.7058823529411765
6,8647,11273,14,0.0
6,8647,11285,17,0.47058823529411764
6,8647,11286,27,0.07407407407407407
6,8647,11324,18,0.5277777777777778
6,8647,11352,19,0.34210526315789475
6,8647,11362,22,0.9772727272727273
6,8647,11381,28,0.19642857142857142
6,8647,11391,19,0.3684210526315789
6,8647,11398,18,0.1111111111111111
6,8647,11408,17,0.47058823529411764
6,8647,11430,18,0.3055555555555556
6,8647,11436,23,0.2826086956521739
6,8647,11438,22,0.7272727272727273
6,8647,11439,16,0.125
6,8647,11444,19,0.7894736842105263
6,8647,11446,14,0.32142857142857145
6,8647,11448,20,0.5
6,8647,11449,20,0.525
6,8647,11451,17,0.11764705882352941
6,8647,11452,14,0.39285714285714285
6,8647,11453,14,0.2857142857142857
6,8647,11480,16,0.0
6,8647,11481,19,0.07894736842105263
6,8647,11680,23,0.43478260869565216
6,8647,13969,13,0.9615384615384616
6,8647,14639,15,0.4
6,8647,14670,14,0.42857142857142855
6,8647,16921,12,0.5833333333333334
6,8647,16952,11,0.0
6,8647,17287,16,0.3125
6,8647,17657,11,0.09090909090909091
6,8647,17681,17,0.0
6,8647,25125,11,0.45454545454545453
6,8647,25290,11,0.2727272727272727
6,8647,25329,11,0.18181818181818182
6,1367,985,12,0.8333333333333334
6,1367,1016,62,0.6693548387096775
6,1367,1116,46,0.7282608695652174
6,1367,1160,28,0.6785714285714286
6,1367,1163,52,0.32692307692307687
6,1367,1186,60,0.6333333333333333
6,1367,1226,242,0.49586776859504134
6,1367,1266,30,0.5
6,1367,1282,240,0.5166666666666666
6,1367,1321,66,0.41666666666666663
6,1367,1325,44,0.38636363636363635
6,1367,1330,72,0.45138888888888884
6,1367,1333,182,0.4917582417582418
6,1367,1364,80,0.48124999999999996
6,1367,1372,54,0.4074074074074074
6,1367,1382,28,0.6607142857142857
6,1367,1401,136,0.5257352941176471
6,1367,1413,142,0.4823943661971831
6,1367,1482,32,0.453125
6,1367,1511,44,0.5795454545454546
6,1367,1533,10,0.5
6,1367,1547,10,0.5
6,1367,1606,12,0.3333333333333333
6,5818,931,30,1.0
6,5818,948,22,1.0
6,5818,985,40,1.0
6,5818,1016,33,1.0
6,5818,1116,34,1.0
6,5818,1160,35,1.0
6,5818,1163,34,1.0
6,5818,1226,24,1.0
6,5818,1310,28,1.0
6,5818,1333,29,0.9827586206896551
6,5818,1364,38,1.0
6,5818,1372,21,1.0
6,5818,1401,24,1.0
6,5818,1413,30,1.0
6,5818,1470,28,1.0
6,5818,1474,41,1.0
6,5818,1511,26,1.0
6,5818,1555,31,0.9838709677419355
6,5818,1743,28,1.0
6,5818,1757,34,1.0
6,5818,1780,24,0.875
6,5818,2222,35,1.0
6,5818,2284,41,1.0
6,5818,2329,36,0.9305555555555556
6,5818,2453,34,0.8529411764705882
6,5818,2475,30,1.0
6,5818,2735,34,0.9705882352941176
6,5818,2743,44,0.9772727272727273
6,5818,2784,36,0.9166666666666666
6,5818,2804,39,0.9743589743589743
6,5818,2862,40,1.0
6,5818,2876,32,0.859375
6,5818,2901,27,1.0
6,5818,2907,48,0.9583333333333334
6,5818,2914,36,0.9444444444444444
6,5818,2995,28,0.9642857142857143
6,5818,3172,30,0.9666666666666667
6,5818,3250,38,1.0
6,5818,3277,32,1.0
6,5818,3304,26,1.0
6,5818,3400,30,1.0
6,5818,3413,39,1.0
6,5818,3420,37,1.0
6,5818,3424,25,1.0
6,5818,3507,1232,0.3486201298701299
6,5818,3524,29,1.0
6,5818,3574,39,1.0
6,5818,3629,29,1.0
6,5818,3639,38,0.8421052631578947
6,5818,3652,32,1.0
6,5818,3778,34,0.9705882352941176
6,5818,3882,100,0.75
6,5818,3948,41,1.0
6,5818,4130,45,0.9444444444444444
6,5818,4168,30,1.0
6,5818,4364,25,1.0
6,5818,4390,39,0.9487179487179487
6,5818,4462,38,0.9473684210526316
6,5818,4472,40,1.0
6,5818,4517,303,0.6402640264026402
6,5818,4535,648,0.6234567901234568
6,5818,4628,46,0.9021739130434783
6,5818,4693,758,0.6259894459102902
6,5818,4700,913,0.2360350492880613
6,5818,4727,32,0.96875
6,5818,4731,34,0.9705882352941176
6,5818,4858,32,1.0
6,5818,5104,39,1.0
6,5818,5231,44,1.0
6,5818,5608,2403,0.49230129005409906
6,5818,6109,35,1.0
6,5818,6696,24,1.0
6,5818,7138,38,1.0
6,5818,7535,24,1.0
6,5818,8186,36,1.0
6,5818,8300,60,0.7166666666666667
6,5818,8301,910,0.49175824175824173
6,5818,8313,206,0.6092233009708737
6,5818,8332,35,1.0
6,5818,8360,32,1.0
6,5818,8391,151,0.2814569536423841
6,5818,8395,26,0.15384615384615385
6,5818,8397,28,1.0
6,5818,8414,38,0.15789473684210525
6,5818,8419,23,1.0
6,5818,8424,29,0.9655172413793104
6,5818,8434,33,1.0
6,5818,8507,28,0.26785714285714285
6,5818,8510,25,0.5
6,5818,8562,24,0.6875
6,5818,8602,26,1.0
6,5818,8607,35,0.2571428571428571
6,5818,8647,28,0.9285714285714286
6,5818,8676,28,1.0
6,5818,8712,32,0.9375
6,5818,8743,29,0.43103448275862066
6,5818,8748,20,1.0
6,5818,8749,31,0.9032258064516129
6,5818,8802,33,0.9242424242424242
6,5818,8825,35,0.4714285714285714
6,5818,8828,32,0.515625
6,5818,8834,31,0.46774193548387094
6,5818,8841,31,0.5483870967741935
6,5818,8965,30,0.9666666666666667
6,5818,9048,25,0.7
6,5818,9049,23,0.5652173913043478
6,5818,9065,31,1.0
6,5818,9261,25,1.0
6,5818,9478,21,0.19047619047619047
6,5818,9684,27,0.46296296296296297
6,5818,9696,19,1.0
6,5818,9743,28,1.0
6,5818,9815,23,1.0
6,5818,9831,18,0.9444444444444444
6,5818,9842,20,0.9
6,5818,9858,26,1.0
6,5818,9933,20,1.0
6,5818,10059,19,1.0
6,5818,10104,21,0.9285714285714286
6,5818,10264,17,1.0
6,5818,10285,32,0.4375
6,5818,10747,21,0.5714285714285714
6,5818,10755,19,1.0
6,5818,10916,26,0.9615384615384616
6,5818,10920,24,0.7916666666666666
6,5818,10948,21,1.0
6,5818,10964,23,0.9782608695652174
6,5818,10970,22,0.9545454545454546
6,5818,11094,17,0.9411764705882353
6,5818,11100,15,0.8666666666666667
6,5818,11179,13,1.0
6,5818,11201,15,0.3333333333333333
6,5818,11205,20,1.0
6,5818,11266,20,1.0
6,5818,11273,17,0.4117647058823529
6,5818,11283,15,0.8
6,5818,11285,21,1.0
6,5818,11286,16,0.25
6,5818,11324,15,1.0
6,5818,11352,15,0.8666666666666667
6,5818,11362,21,1.0
6,5818,11381,11,0.7272727272727273
6,5818,11391,19,0.7894736842105263
6,5818,11398,25,0.44
6,5818,11430,15,1.0
6,5818,11436,24,0.9583333333333334
6,5818,11438,16,1.0
6,5818,11439,20,0.65
6,5818,11444,16,1.0
6,5818,11446,25,0.96
6,5818,11448,19,1.0
6,5818,11449,21,0.8571428571428571
6,5818,11451,20,0.7
6,5818,11452,16,0.9375
6,5818,11453,18,0.75
6,5818,11480,17,0.6470588235294118
6,5818,11481,12,0.3333333333333333
6,5818,11680,22,0.9545454545454546
6,5818,14639,11,1.0
6,5818,14787,10,1.0
6,5818,15821,11,1.0
6,5818,16949,15,0.26666666666666666
6,5818,16952,13,0.9230769230769231
6,5818,17151,10,0.5
6,5818,17287,14,0.9285714285714286
6,5818,17657,10,0.4
6,5818,19747,10,0.5
6,5818,19856,14,1.0
6,5818,19866,10,1.0
6,5818,22317,10,0.8
6,5818,23506,12,0.625
6,5818,25537,12,1.0
6,1642,985,40,0.5125
6,1642,1016,36,0.5972222222222222
6,1642,1116,66,0.5378787878787878
6,1642,1160,64,0.578125
6,1642,1226,38,0.32894736842105265
6,1642,1282,16,0.34375
6,1642,1333,22,0.25
6,1642,1364,12,0.45833333333333337
6,1642,1401,58,0.3620689655172413
6,1642,1413,38,0.4736842105263158
6,1642,1470,10,0.65
6,1642,1511,20,0.525
6,1642,1555,10,0.44999999999999996
6,1642,1645,28,0.7678571428571429
6,3882,931,20,1.0
6,3882,948,27,1.0
6,3882,985,29,1.0
6,3882,1016,29,1.0
6,3882,1116,22,1.0
6,3882,1160,27,1.0
6,3882,1163,35,0.9857142857142858
6,3882,1226,27,1.0
6,3882,1247,23,0.7391304347826086
6,3882,1310,39,1.0
6,3882,1333,28,1.0
6,3882,1364,31,0.9838709677419355
6,3882,1372,24,0.9791666666666666
6,3882,1401,24,1.0
6,3882,1413,31,1.0
6,3882,1470,33,1.0
6,3882,1474,29,1.0
6,3882,1511,34,1.0
6,3882,1554,82,0.5731707317073171
6,3882,1555,34,0.9705882352941176
6,3882,1743,27,1.0
6,3882,1757,19,0.736842105263158
6,3882,1780,37,0.8918918918918919
6,3882,2222,29,0.9482758620689655
6,3882,2284,24,0.9583333333333334
6,3882,2329,25,0.78
6,3882,2453,1086,0.535451197053407
6,3882,2475,28,0.8214285714285714
6,3882,2735,25,0.96
6,3882,2743,29,0.9310344827586207
6,3882,2784,1878,0.5402023429179978
6,3882,2804,37,0.8243243243243243
6,3882,2862,36,0.8472222222222222
6,3882,2876,43,0.813953488372093
6,3882,2901,76,0.736842105263158
6,3882,2907,36,0.8055555555555556
6,3882,2914,29,0.7413793103448276
6,3882,2995,36,0.8055555555555556
6,3882,3172,22,0.7272727272727273
6,3882,3250,25,1.0
6,3882,3277,26,0.8461538461538461
6,3882,3304,29,1.0
6,3882,3400,27,1.0
6,3882,3413,32,1.0
6,3882,3420,33,0.9393939393939394
6,3882,3424,24,1.0
6,3882,3507,130,0.24230769230769234
6,3882,3524,32,1.0
6,3882,3574,30,0.8333333333333334
6,3882,3629,23,0.9565217391304348
6,3882,3639,61,0.7131147540983607
6,3882,3652,31,0.9838709677419355
6,3882,3662,20,0.5
6,3882,3778,30,0.8666666666666667
6,3882,3857,20,0.5
6,3882,3948,19,0.868421052631579
6,3882,4038,136,0.4889705882352941
6,3882,4130,19,0.9473684210526315
6,3882,4168,32,0.953125
6,3882,4318,30,0.3
6,3882,4364,24,1.0
6,3882,4390,26,0.8461538461538461
6,3882,4462,27,0.6851851851851852
6,3882,4472,36,0.9722222222222222
6,3882,4495,28,0.39285714285714285
6,3882,4517,1840,0.4766304347826087
6,3882,4535,1555,0.4845659163987138
6,3882,4628,80,0.7625
6,3882,4693,578,0.3953287197231834
6,3882,4700,38,0.15789473684210525
6,3882,4727,29,0.9137931034482759
6,3882,4731,24,0.8333333333333334
6,3882,4858,24,0.9791666666666666
6,3882,5104,32,1.0
6,3882,5231,24,0.9583333333333334
6,3882,5608,74,0.2635135135135135
6,3882,5818,100,0.25
6,3882,6109,27,1.0
6,3882,6696,18,1.0
6,3882,7138,25,1.0
6,3882,7535,27,1.0
6,3882,8186,31,1.0
6,3882,8300,741,0.4993252361673414
6,3882,8301,81,0.3950617283950617
6,3882,8313,76,0.39473684210526316
6,3882,8332,34,0.9705882352941176
6,3882,8360,37,1.0
6,3882,8397,34,0.9852941176470589
6,3882,8414,30,0.13333333333333333
6,3882,8419,27,0.7962962962962963
6,3882,8424,27,0.8888888888888888
6,3882,8434,38,0.9342105263157895
6,3882,8507,23,0.2608695652173913
6,3882,8510,25,0.32
6,3882,8562,24,0.2916666666666667
6,3882,8602,33,1.0
6,3882,8607,34,0.14705882352941177
6,3882,8647,22,0.9090909090909091
6,3882,8676,19,1.0
6,3882,8712,24,0.7916666666666666
6,3882,8743,21,0.2857142857142857
6,3882,8748,32,0.828125
6,3882,8749,21,0.9047619047619048
6,3882,8802,21,0.7142857142857143
6,3882,8825,24,0.4583333333333333
6,3882,8828,14,0.14285714285714285
6,3882,8834,23,0.2391304347826087
6,3882,8841,13,0.38461538461538464
6,3882,8965,26,0.8461538461538461
6,3882,9048,24,0.20833333333333334
6,3882,9049,20,0.45
6,3882,9065,17,0.9705882352941176
6,3882,9261,16,1.0
6,3882,9478,17,0.11764705882352941
6,3882,9684,20,0.25
6,3882,9696,15,1.0
6,3882,9743,23,0.9782608695652174
6,3882,9815,11,1.0
6,3882,9831,18,0.8611111111111112
6,3882,9842,20,0.725
6,3882,9858,16,0.8125
6,3882,9933,28,0.9285714285714286
6,3882,10059,17,0.8823529411764706
6,3882,10104,20,0.95
6,3882,10264,16,1.0
6,3882,10747,17,0.29411764705882354
6,3882,10755,13,1.0
6,3882,10916,10,1.0
6,3882,10920,16,0.5625
6,3882,10948,18,0.9444444444444444
6,3882,10964,10,0.7
6,3882,11094,13,0.9230769230769231
6,3882,11100,16,0.375
6,3882,11201,20,0.35
6,3882,11205,11,0.7727272727272727
6,3882,11266,17,0.6176470588235294
6,3882,11273,21,0.19047619047619047
6,3882,11283,11,0.6363636363636364
6,3882,11285,15,0.6666666666666666
6,3882,11286,17,0.35294117647058826
6,3882,11324,21,0.8095238095238095
6,3882,11352,19,0.3684210526315789
6,3882,11362,16,1.0
6,3882,11381,19,0.5789473684210527
6,3882,11391,22,0.6818181818181818
6,3882,11398,20,0.275
6,3882,11408,14,0.7857142857142857
6,3882,11430,16,0.75
6,3882,11436,17,0.6176470588235294
6,3882,11438,17,0.8823529411764706
6,3882,11439,30,0.31666666666666665
6,3882,11444,12,1.0
6,3882,11446,16,0.5625
6,3882,11448,15,0.8666666666666667
6,3882,11449,21,0.6666666666666666
6,3882,11451,16,0.5
6,3882,11452,15,0.5333333333333333
6,3882,11480,15,0.4
6,3882,11481,19,0.23684210526315788
6,3882,11680,11,0.8181818181818182
6,3882,17657,11,0.2727272727272727
6,3882,17681,11,0.13636363636363635
6,1325,1016,12,0.7083333333333333
6,1325,1163,348,0.48994252873563215
6,1325,1226,62,0.6774193548387097
6,1325,1282,56,0.6160714285714286
6,1325,1321,264,0.5
6,1325,1329,18,0.2222222222222222
6,1325,1330,238,0.4726890756302521
6,1325,1333,62,0.7258064516129032
6,1325,1337,28,0.08928571428571429
6,1325,1364,190,0.5236842105263158
6,1325,1367,44,0.6136363636363636
6,1325,1372,230,0.5130434782608696
6,1325,1389,26,0.3269230769230769
6,1325,1401,22,0.5681818181818182
6,1325,1407,20,0.2
6,1325,1413,22,0.5681818181818182
6,1325,1436,48,0.22916666666666666
6,1325,1482,56,0.5446428571428571
6,1325,1485,10,0.2
6,1325,1508,10,0.15
6,1325,1524,12,0.5
6,1325,1533,14,0.5714285714285714
6,6109,931,45,0.7
6,6109,948,39,0.7564102564102564
6,6109,985,34,0.7058823529411764
6,6109,1016,32,0.578125
6,6109,1116,28,0.6964285714285714
6,6109,1160,29,0.6551724137931034
6,6109,1163,776,0.5219072164948453
6,6109,1226,56,0.5803571428571428
6,6109,1310,31,0.8548387096774194
6,6109,1333,33,0.5606060606060606
6,6109,1364,255,0.5607843137254902
6,6109,1372,533,0.551594746716698
6,6109,1401,39,0.8076923076923077
6,6109,1413,34,0.7794117647058824
6,6109,1470,32,0.828125
6,6109,1474,23,0.8260869565217391
6,6109,1511,53,0.5094339622641509
6,6109,1555,273,0.5641025641025641
6,6109,1611,470,0.5063829787234042
6,6109,1743,34,0.9264705882352942
6,6109,1757,26,0.09615384615384615
6,6109,1780,22,0.13636363636363635
6,6109,2222,34,0.1470588235294118
6,6109,2284,708,0.5310734463276836
6,6109,2329,31,0.30645161290322576
6,6109,2453,26,0.15384615384615385
6,6109,2475,24,0.1875
6,6109,2735,104,0.2451923076923077
6,6109,2743,31,0.19354838709677424
6,6109,2784,43,0.023255813953488413
6,6109,2804,27,0.14814814814814814
6,6109,2862,37,0.08108108108108103
6,6109,2876,31,0.08064516129032262
6,6109,2901,36,0.11111111111111116
6,6109,2907,39,0.1282051282051282
6,6109,2914,25,0.24
6,6109,2995,28,0.1964285714285714
6,6109,3172,29,0.1724137931034483
6,6109,3250,43,0.6744186046511628
6,6109,3277,37,0.31081081081081086
6,6109,3304,27,0.8148148148148149
6,6109,3400,29,0.7931034482758621
6,6109,3413,209,0.5741626794258373
6,6109,3420,40,0.21250000000000002
6,6109,3424,30,0.7833333333333333
6,6109,3524,37,0.5405405405405406
6,6109,3574,33,0.33333333333333337
6,6109,3629,31,0.24193548387096775
6,6109,3639,23,0.08695652173913049
6,6109,3652,46,0.6630434782608696
6,6109,3778,25,0.16000000000000003
6,6109,3882,27,0.0
6,6109,3948,37,0.14864864864864868
6,6109,4130,26,0.13461538461538458
6,6109,4168,83,0.30722891566265065
6,6109,4364,1021,0.5048971596474046
6,6109,4390,25,0.28
6,6109,4462,37,0.17567567567567566
6,6109,4472,1139,0.5061457418788411
6,6109,4517,39,0.02564102564102566
6,6109,4535,32,0.078125
6,6109,4628,41,0.2195121951219512
6,6109,4700,31,0.0
6,6109,4727,27,0.07407407407407407
6,6109,4731,25,0.040000000000000036
6,6109,4858,193,0.32383419689119175
6,6109,5104,29,0.7413793103448276
6,6109,5231,526,0.34885931558935357
6,6109,5608,31,0.0
6,6109,5818,35,0.0
6,6109,6696,50,0.6
6,6109,7138,35,0.7285714285714285
6,6109,7535,48,0.625
6,6109,8186,35,0.6
6,6109,8301,24,0.0
6,6109,8332,42,0.14285714285714285
6,6109,8360,419,0.4498806682577566
6,6109,8394,20,0.5
6,6109,8397,40,0.2875
6,6109,8414,33,0.0
6,6109,8419,39,0.10256410256410256
6,6109,8424,28,0.125
6,6109,8434,64,0.3984375
6,6109,8507,32,0.0
6,6109,8510,37,0.0
6,6109,8562,23,0.0
6,6109,8602,29,0.6379310344827587
6,6109,8607,20,0.0
6,6109,8647,27,0.14814814814814814
6,6109,8676,36,0.5972222222222222
6,6109,8712,28,0.17857142857142858
6,6109,8743,25,0.0
6,6109,8748,19,0.10526315789473684
6,6109,8749,37,0.05405405405405406
6,6109,8802,26,0.11538461538461539
6,6109,8825,21,0.0
6,6109,8828,24,0.0
6,6109,8834,28,0.0
6,6109,8841,28,0.0
6,6109,8965,23,0.21739130434782608
6,6109,9048,19,0.0
6,6109,9049,21,0.0
6,6109,9065,22,0.8409090909090909
6,6109,9261,22,0.8181818181818182
6,6109,9478,18,0.0
6,6109,9684,13,0.0
6,6109,9696,28,0.8035714285714286
6,6109,9743,19,0.34210526315789475
6,6109,9815,24,0.3333333333333333
6,6109,9831,20,0.25
6,6109,9842,15,0.16666666666666666
6,6109,9858,24,0.10416666666666667
6,6109,9933,22,0.1590909090909091
6,6109,10059,16,0.4375
6,6109,10104,30,0.13333333333333333
6,6109,10264,27,0.7037037037037037
6,6109,10285,29,0.0
6,6109,10747,21,0.0
6,6109,10755,15,0.2
6,6109,10916,15,0.23333333333333334
6,6109,10920,16,0.0
6,6109,10948,23,0.34782608695652173
6,6109,10964,27,0.09259259259259259
6,6109,10970,20,0.15
6,6109,11094,15,0.03333333333333333
6,6109,11100,22,0.045454545454545456
6,6109,11179,15,0.2
6,6109,11201,11,0.0
6,6109,11205,18,0.1111111111111111
6,6109,11266,14,0.07142857142857142
6,6109,11273,17,0.0
6,6109,11283,15,0.0
6,6109,11285,15,0.0
6,6109,11286,14,0.0
6,6109,11324,17,0.20588235294117646
6,6109,11352,22,0.0
6,6109,11362,20,0.525
6,6109,11381,25,0.0
6,6109,11391,19,0.0
6,6109,11398,26,0.0
6,6109,11408,26,0.038461538461538464
6,6109,11430,22,0.045454545454545456
6,6109,11436,27,0.14814814814814814
6,6109,11438,16,0.1875
6,6109,11439,17,0.0
6,6109,11444,21,0.23809523809523808
6,6109,11446,15,0.13333333333333333
6,6109,11448,20,0.15
6,6109,11449,17,0.029411764705882353
6,6109,11451,16,0.0
6,6109,11452,31,0.1935483870967742
6,6109,11453,19,0.0
6,6109,11480,17,0.029411764705882353
6,6109,11481,29,0.034482758620689655
6,6109,11680,11,0.045454545454545456
6,6109,14639,11,0.13636363636363635
6,6109,15821,10,0.75
6,6109,16949,10,0.0
6,6109,16952,11,0.0
6,6109,17681,10,0.0
6,6109,19747,13,0.0
6,6109,19856,15,0.6
6,6109,23323,11,0.0
6,6109,24571,13,0.07692307692307693
6,6109,24768,11,0.09090909090909091
6,6109,25125,10,0.0
6,1186,931,84,0.6964285714285714
6,1186,948,84,0.7440476190476191
6,1186,985,212,0.5047169811320755
6,1186,1016,282,0.50177304964539
6,1186,1076,26,0.5
6,1186,1101,194,0.5283505154639175
6,1186,1116,212,0.5424528301886793
6,1186,1160,222,0.5405405405405406
6,1186,1163,90,0.35
6,1186,1208,74,0.46621621621621623
6,1186,1211,18,0.3333333333333333
6,1186,1226,76,0.35526315789473684
6,1186,1241,78,0.47435897435897434
6,1186,1265,22,0.5
6,1186,1266,188,0.47606382978723405
6,1186,1282,94,0.4308510638297872
6,1186,1305,18,0.6944444444444444
6,1186,1306,24,0.5
6,1186,1321,12,0.375
6,1186,1330,20,0.425
6,1186,1333,52,0.4230769230769231
6,1186,1335,14,0.42857142857142855
6,1186,1367,60,0.36666666666666664
6,1186,1374,10,0.7
6,1186,1382,18,0.7222222222222222
6,1757,931,32,1.0
6,1757,948,31,0.967741935483871
6,1757,985,26,1.0
6,1757,1016,34,0.9852941176470589
6,1757,1116,23,0.9782608695652174
6,1757,1160,23,0.9782608695652174
6,1757,1163,32,0.90625
6,1757,1226,41,0.926829268292683
6,1757,1247,573,0.45811518324607325
6,1757,1310,32,1.0
6,1757,1333,50,0.98
6,1757,1364,26,0.9230769230769231
6,1757,1372,32,0.96875
6,1757,1401,33,0.9848484848484849
6,1757,1413,27,0.9814814814814815
6,1757,1414,90,0.5388888888888889
6,1757,1420,14,0.2142857142857143
6,1757,1470,32,0.96875
6,1757,1474,36,0.9722222222222222
6,1757,1511,32,1.0
6,1757,1554,10,0.30000000000000004
6,1757,1555,28,0.9464285714285714
6,1757,1569,10,0.7
6,1757,1743,33,0.9848484848484849
6,1757,1759,116,0.4870689655172414
6,1757,1768,46,0.6847826086956522
6,1757,1780,449,0.5356347438752784
6,1757,1803,14,0.39285714285714285
6,1757,2054,14,0.2857142857142857
6,1757,2212,66,0.4166666666666667
6,1757,2220,28,0.39285714285714285
6,1757,2222,27,0.8703703703703703
6,1757,2239,18,0.2222222222222222
6,1757,2284,35,0.9285714285714286
6,1757,2329,25,0.76
6,1757,2453,141,0.34397163120567376
6,1757,2475,46,0.5652173913043478
6,1757,2656,20,0.375
6,1757,2674,38,0.5789473684210527
6,1757,2688,96,0.5364583333333334
6,1757,2728,20,0.625
6,1757,2735,21,0.9285714285714286
6,1757,2743,61,0.6311475409836066
6,1757,2773,62,0.5
6,1757,2784,54,0.12962962962962962
6,1757,2804,137,0.5401459854014599
6,1757,2862,142,0.545774647887324
6,1757,2876,937,0.4818569903948773
6,1757,2901,625,0.5024
6,1757,2907,734,0.534741144414169
6,1757,2914,688,0.5428779069767442
6,1757,2928,62,0.49193548387096775
6,1757,2995,395,0.5556962025316455
6,1757,3172,660,0.503030303030303
6,1757,3205,74,0.5540540540540541
6,1757,3250,36,1.0
6,1757,3277,31,0.7580645161290323
6,1757,3304,27,1.0
6,1757,3400,31,0.967741935483871
6,1757,3413,31,0.967741935483871
6,1757,3420,44,0.5227272727272727
6,1757,3424,21,0.9523809523809523
6,1757,3489,18,0.6944444444444444
6,1757,3524,34,0.9411764705882353
6,1757,3553,22,0.38636363636363635
6,1757,3574,331,0.5241691842900302
6,1757,3629,24,0.6458333333333334
6,1757,3639,472,0.4417372881355932
6,1757,3652,20,1.0
6,1757,3778,475,0.5378947368421053
6,1757,3882,19,0.2631578947368421
6,1757,3948,39,0.5641025641025641
6,1757,4130,20,0.75
6,1757,4168,31,0.8387096774193549
6,1757,4305,10,0.6
6,1757,4364,44,0.9659090909090909
6,1757,4390,239,0.5606694560669456
6,1757,4462,175,0.5942857142857143
6,1757,4472,22,0.8863636363636364
6,1757,4517,34,0.058823529411764705
6,1757,4535,35,0.14285714285714285
6,1757,4628,390,0.4551282051282051
6,1757,4700,27,0.0
6,1757,4727,648,0.4845679012345679
6,1757,4731,891,0.4792368125701459
6,1757,4858,19,0.7894736842105263
6,1757,5104,33,0.9696969696969697
6,1757,5231,32,0.828125
6,1757,5608,31,0.06451612903225806
6,1757,5818,34,0.0
6,1757,6109,26,0.9038461538461539
6,1757,6696,20,1.0
6,1757,7138,34,0.9852941176470589
6,1757,7535,33,1.0
6,1757,8186,38,0.9736842105263158
6,1757,8301,30,0.05
6,1757,8332,30,0.8666666666666667
6,1757,8360,34,0.9705882352941176
6,1757,8397,36,0.8472222222222222
6,1757,8414,37,0.0
6,1757,8419,25,0.68
6,1757,8424,28,0.6071428571428571
6,1757,8434,41,0.8658536585365854
6,1757,8507,20,0.05
6,1757,8510,16,0.125
6,1757,8562,30,0.06666666666666667
6,1757,8602,37,0.972972972972973
6,1757,8607,26,0.0
6,1757,8647,22,0.4318181818181818
6,1757,8676,22,0.8863636363636364
6,1757,8712,25,0.46
6,1757,8743,32,0.03125
6,1757,8748,20,0.45
6,1757,8749,34,0.36764705882352944
6,1757,8802,32,0.640625
6,1757,8825,24,0.041666666666666664
6,1757,8828,32,0.03125
6,1757,8834,25,0.0
6,1757,8841,18,0.08333333333333333
6,1757,8965,20,0.65
6,1757,9048,28,0.03571428571428571
6,1757,9049,25,0.08
6,1757,9065,27,0.9814814814814815
6,1757,9261,17,0.9411764705882353
6,1757,9478,23,0.043478260869565216
6,1757,9684,20,0.05
6,1757,9696,30,1.0
6,1757,9743,23,0.8260869565217391
6,1757,9815,22,0.9545454545454546
6,1757,9831,14,0.39285714285714285
6,1757,9842,31,0.27419354838709675
6,1757,9858,27,0.5370370370370371
6,1757,9933,26,0.7307692307692307
6,1757,10059,23,0.717391304347826
6,1757,10104,18,0.4722222222222222
6,1757,10264,23,1.0
6,1757,10285,20,0.1
6,1757,10747,21,0.0
6,1757,10755,26,0.6538461538461539
6,1757,10916,14,0.8214285714285714
6,1757,10920,20,0.1
6,1757,10948,17,0.8235294117647058
6,1757,10964,17,0.7352941176470589
6,1757,10970,15,0.4666666666666667
6,1757,11094,15,0.5666666666666667
6,1757,11100,23,0.08695652173913043
6,1757,11179,19,0.42105263157894735
6,1757,11201,12,0.08333333333333333
6,1757,11205,19,0.7105263157894737
6,1757,11266,17,0.6764705882352942
6,1757,11273,20,0.125
6,1757,11285,16,0.34375
6,1757,11286,21,0.09523809523809523
6,1757,11324,16,0.40625
6,1757,11352,14,0.0
6,1757,11362,18,0.9444444444444444
6,1757,11381,20,0.2
6,1757,11391,28,0.21428571428571427
6,1757,11398,22,0.045454545454545456
6,1757,11408,16,0.28125
6,1757,11430,18,0.1111111111111111
6,1757,11436,20,0.425
6,1757,11438,15,0.5333333333333333
6,1757,11439,31,0.0967741935483871
6,1757,11444,14,0.75
6,1757,11446,19,0.5
6,1757,11448,20,0.55
6,1757,11449,23,0.41304347826086957
6,1757,11451,14,0.14285714285714285
6,1757,11452,13,0.5
6,1757,11453,14,0.21428571428571427
6,1757,11480,18,0.1111111111111111
6,1757,11481,18,0.05555555555555555
6,1757,11680,12,0.5
6,1757,13969,15,0.3333333333333333
6,1757,14637,11,0.9090909090909091
6,1757,14670,15,0.6666666666666666
6,1757,14787,17,0.47058823529411764
6,1757,16921,11,0.7727272727272727
6,1757,17151,11,0.18181818181818182
6,1757,17621,15,0.0
6,1757,17681,12,0.0
6,1757,19866,11,0.9090909090909091
6,1757,22317,11,0.3181818181818182
6,1757,24584,10,0.6
6,1757,24864,10,0.35
6,1172,985,10,0.35
6,1172,1016,10,0.09999999999999998
6,1172,1076,18,0.38888888888888884
6,1172,1101,16,0.40625
6,1172,1116,12,0.41666666666666663
6,1172,1160,20,0.4
6,4472,931,25,0.8200000000000001
6,4472,948,32,0.765625
6,4472,985,34,0.5588235294117647
6,4472,1016,36,0.5694444444444444
6,4472,1116,33,0.7727272727272727
6,4472,1160,31,0.5967741935483871
6,4472,1163,1017,0.4965585054080629
6,4472,1226,92,0.625
6,4472,1310,30,0.8166666666666667
6,4472,1333,56,0.6964285714285714
6,4472,1364,320,0.553125
6,4472,1372,660,0.5159090909090909
6,4472,1401,79,0.639240506329114
6,4472,1413,106,0.5660377358490566
6,4472,1470,33,0.6515151515151515
6,4472,1474,30,0.7333333333333334
6,4472,1511,87,0.6206896551724138
6,4472,1555,432,0.5509259259259259
6,4472,1611,654,0.5
6,4472,1743,28,0.8928571428571429
6,4472,1757,22,0.11363636363636365
6,4472,1765,64,0.46875
6,4472,1780,20,0.19999999999999996
6,4472,2222,32,0.09375
6,4472,2284,830,0.5240963855421688
6,4472,2329,25,0.24
6,4472,2453,37,0.05405405405405406
6,4472,2475,31,0.12903225806451613
6,4472,2735,110,0.25
6,4472,2743,36,0.1527777777777778
6,4472,2784,33,0.0
6,4472,2804,42,0.16666666666666663
6,4472,2862,25,0.24
6,4472,2876,34,0.07352941176470584
6,4472,2901,36,0.09722222222222221
6,4472,2907,25,0.07999999999999996
6,4472,2914,30,0.15000000000000002
6,4472,2995,31,0.09677419354838712
6,4472,3172,37,0.06756756756756754
6,4472,3250,74,0.5675675675675675
6,4472,3277,27,0.2777777777777778
6,4472,3304,24,0.8125
6,4472,3400,32,0.65625
6,4472,3413,545,0.5577981651376147
6,4472,3420,32,0.125
6,4472,3424,29,0.5862068965517242
6,4472,3524,27,0.6296296296296297
6,4472,3574,26,0.11538461538461542
6,4472,3629,41,0.31707317073170727
6,4472,3639,28,0.1428571428571429
6,4472,3652,35,0.6857142857142857
6,4472,3778,31,0.12903225806451613
6,4472,3882,36,0.02777777777777779
6,4472,3948,27,0.31481481481481477
6,4472,4130,40,0.09999999999999998
6,4472,4168,106,0.23113207547169812
6,4472,4364,1076,0.4995353159851301
6,4472,4390,33,0.13636363636363635
6,4472,4462,32,0.203125
6,4472,4517,26,0.0
6,4472,4535,30,0.0
6,4472,4628,27,0.12962962962962962
6,4472,4647,12,0.6666666666666666
6,4472,4700,33,0.0
6,4472,4727,26,0.15384615384615385
6,4472,4731,42,0.05952380952380952
6,4472,4858,175,0.3142857142857143
6,4472,5104,54,0.5648148148148148
6,4472,5231,409,0.34596577017114916
6,4472,5380,14,0.5
6,4472,5608,32,0.0
6,4472,5611,22,0.5454545454545454
6,4472,5818,40,0.0
6,4472,6109,1139,0.4938542581211589
6,4472,6696,46,0.6956521739130435
6,4472,7138,50,0.63
6,4472,7535,43,0.686046511627907
6,4472,8186,32,0.65625
6,4472,8301,29,0.0
6,4472,8332,35,0.2571428571428571
6,4472,8360,328,0.4481707317073171
6,4472,8394,12,0.7083333333333334
6,4472,8397,46,0.2391304347826087
6,4472,8414,29,0.0
6,4472,8419,43,0.2558139534883721
6,4472,8424,33,0.18181818181818182
6,4472,8434,71,0.4084507042253521
6,4472,8507,22,0.0
6,4472,8510,27,0.0
6,4472,8562,35,0.0
6,4472,8602,25,0.56
6,4472,8607,35,0.0
6,4472,8647,24,0.20833333333333334
6,4472,8676,29,0.7068965517241379
6,4472,8712,37,0.14864864864864866
6,4472,8743,24,0.0
6,4472,8748,19,0.3157894736842105
6,4472,8749,23,0.0
6,4472,8802,28,0.0
6,4472,8825,21,0.0
6,4472,8828,20,0.0
6,4472,8834,22,0.0
6,4472,8841,24,0.020833333333333332
6,4472,8965,22,0.045454545454545456
6,4472,9048,23,0.0
6,4472,9049,23,0.0
6,4472,9065,22,0.7954545454545454
6,4472,9261,17,0.7058823529411765
6,4472,9478,18,0.0
6,4472,9684,20,0.0
6,4472,9696,22,0.6363636363636364
6,4472,9743,22,0.5227272727272727
6,4472,9815,26,0.40384615384615385
6,4472,9831,20,0.1
6,4472,9842,14,0.14285714285714285
6,4472,9858,25,0.02
6,4472,9933,14,0.21428571428571427
6,4472,10059,18,0.1111111111111111
6,4472,10104,21,0.19047619047619047
6,4472,10264,23,0.8913043478260869
6,4472,10285,21,0.0
6,4472,10747,24,0.0
6,4472,10755,14,0.21428571428571427
6,4472,10916,19,0.07894736842105263
6,4472,10920,20,0.0
6,4472,10948,30,0.16666666666666666
6,4472,10964,18,0.2222222222222222
6,4472,10970,19,0.13157894736842105
6,4472,11094,20,0.1
6,4472,11100,12,0.0
6,4472,11179,20,0.05
6,4472,11201,18,0.05555555555555555
6,4472,11205,26,0.11538461538461539
6,4472,11266,16,0.125
6,4472,11273,19,0.0
6,4472,11283,11,0.2727272727272727
6,4472,11285,20,0.2
6,4472,11286,28,0.0
6,4472,11324,26,0.15384615384615385
6,4472,11352,16,0.0
6,4472,11362,23,0.5434782608695652
6,4472,11381,15,0.0
6,4472,11391,14,0.0
6,4472,11398,14,0.0
6,4472,11408,12,0.16666666666666666
6,4472,11430,14,0.07142857142857142
6,4472,11436,22,0.13636363636363635
6,4472,11438,22,0.11363636363636363
6,4472,11439,12,0.0
6,4472,11444,24,0.3541666666666667
6,4472,11446,21,0.09523809523809523
6,4472,11448,12,0.16666666666666666
6,4472,11449,17,0.14705882352941177
6,4472,11451,22,0.0
6,4472,11452,17,0.11764705882352941
6,4472,11453,17,0.029411764705882353
6,4472,11480,22,0.022727272727272728
6,4472,11481,21,0.0
6,4472,11680,18,0.1111111111111111
6,4472,14670,13,0.0
6,4472,15821,10,0.35
6,4472,16949,13,0.0
6,4472,16952,13,0.0
6,4472,17151,10,0.0
6,4472,17621,11,0.0
6,4472,24571,17,0.17647058823529413
6,4472,24929,10,0.2
6,4472,25171,10,0.05
6,4472,25537,10,0.3
6,4647,1116,24,0.5416666666666667
6,4647,1160,30,0.5166666666666666
6,4647,1163,10,0.44999999999999996
6,4647,1226,48,0.41666666666666663
6,4647,1333,32,0.515625
6,4647,1364,20,0.55
6,4647,1372,16,0.3125
6,4647,1401,28,0.5357142857142857
6,4647,1413,50,0.54
6,4647,1511,50,0.62
6,4647,1555,12,0.5
6,4647,2284,12,0.375
6,4647,3250,50,0.43000000000000005
6,4647,3413,18,0.33333333333333337
6,4647,3424,12,0.5833333333333333
6,4647,3524,34,0.5294117647058824
6,4647,4472,12,0.33333333333333337
6,5231,931,41,0.975609756097561
6,5231,948,28,0.9107142857142857
6,5231,985,34,0.8088235294117647
6,5231,1016,25,0.86
6,5231,1116,37,0.9324324324324325
6,5231,1160,25,0.9
6,5231,1163,329,0.6899696048632219
6,5231,1226,40,0.8125
6,5231,1310,34,0.9264705882352942
6,5231,1333,30,0.75
6,5231,1364,42,0.8333333333333334
6,5231,1372,107,0.8130841121495327
6,5231,1401,32,0.765625
6,5231,1413,37,0.8378378378378378
6,5231,1470,21,0.9285714285714286
6,5231,1474,27,0.8333333333333334
6,5231,1511,29,0.9482758620689655
6,5231,1555,61,0.680327868852459
6,5231,1611,156,0.6730769230769231
6,5231,1743,30,0.8
6,5231,1757,32,0.171875
6,5231,1780,35,0.1428571428571429
6,5231,2222,111,0.22522522522522526
6,5231,2284,193,0.7124352331606217
6,5231,2329,42,0.09523809523809523
6,5231,2453,23,0.021739130434782594
6,5231,2475,39,0.23076923076923073
6,5231,2735,1130,0.3915929203539823
6,5231,2743,39,0.1282051282051282
6,5231,2784,29,0.0
6,5231,2804,29,0.15517241379310343
6,5231,2862,25,0.07999999999999996
6,5231,2876,23,0.08695652173913049
6,5231,2901,28,0.125
6,5231,2907,31,0.11290322580645162
6,5231,2914,27,0.03703703703703709
6,5231,2995,30,0.033333333333333326
6,5231,3172,27,0.09259259259259256
6,5231,3250,32,0.8125
6,5231,3277,62,0.2661290322580645
6,5231,3304,25,0.92
6,5231,3400,32,0.890625
6,5231,3413,68,0.7647058823529411
6,5231,3420,19,0.26315789473684215
6,5231,3424,35,0.9142857142857143
6,5231,3524,38,0.8421052631578947
6,5231,3574,31,0.06451612903225812
6,5231,3629,166,0.25903614457831325
6,5231,3639,33,0.030303030303030276
6,5231,3652,25,0.96
6,5231,3778,32,0.0625
6,5231,3882,24,0.04166666666666663
6,5231,3948,33,0.21212121212121215
6,5231,4130,59,0.14406779661016944
6,5231,4168,989,0.3862487360970678
6,5231,4364,594,0.686026936026936
6,5231,4390,28,0.0535714285714286
6,5231,4462,32,0.109375
6,5231,4472,409,0.6540342298288508
6,5231,4517,40,0.0
6,5231,4535,29,0.03448275862068961
6,5231,4628,26,0.05769230769230771
6,5231,4700,25,0.0
6,5231,4727,31,0.048387096774193505
6,5231,4731,19,0.1578947368421053
6,5231,4858,1744,0.4357798165137615
6,5231,5104,35,0.8714285714285714
6,5231,5608,27,0.0
6,5231,5611,20,0.7
6,5231,5818,44,0.0
6,5231,6109,526,0.6511406844106464
6,5231,6696,42,0.8452380952380952
6,5231,7138,37,0.8243243243243243
6,5231,7535,43,0.8488372093023255
6,5231,8186,42,0.7976190476190477
6,5231,8301,40,0.0
6,5231,8332,147,0.30612244897959184
6,5231,8360,543,0.6187845303867403
6,5231,8397,231,0.38961038961038963
6,5231,8414,27,0.0
6,5231,8419,38,0.27631578947368424
6,5231,8424,45,0.3
6,5231,8434,175,0.4828571428571429
6,5231,8507,31,0.0
6,5231,8510,26,0.0
6,5231,8562,24,0.0
6,5231,8602,31,0.7741935483870968
6,5231,8607,23,0.0
6,5231,8647,31,0.06451612903225806
6,5231,8676,23,0.8695652173913043
6,5231,8712,32,0.046875
6,5231,8743,23,0.0
6,5231,8748,25,0.12
6,5231,8749,22,0.09090909090909091
6,5231,8802,29,0.06896551724137931
6,5231,8825,26,0.038461538461538464
6,5231,8828,40,0.0
6,5231,8834,29,0.0
6,5231,8841,22,0.0
6,5231,8965,28,0.23214285714285715
6,5231,9048,32,0.0
6,5231,9049,30,0.03333333333333333
6,5231,9065,23,1.0
6,5231,9261,28,0.9107142857142857
6,5231,9478,20,0.0
6,5231,9696,28,0.8571428571428571
6,5231,9743,27,0.5
6,5231,9815,19,0.3684210526315789
6,5231,9831,16,0.15625
6,5231,9842,20,0.25
6,5231,9858,21,0.14285714285714285
6,5231,9933,31,0.12903225806451613
6,5231,10059,22,0.25
6,5231,10104,27,0.2037037037037037
6,5231,10264,12,0.875
6,5231,10285,24,0.0
6,5231,10747,19,0.0
6,5231,10755,17,0.14705882352941177
6,5231,10916,25,0.24
6,5231,10920,17,0.0
6,5231,10948,19,0.2631578947368421
6,5231,10964,19,0.0
6,5231,10970,23,0.08695652173913043
6,5231,11094,23,0.0
6,5231,11100,16,0.0
6,5231,11179,17,0.029411764705882353
6,5231,11201,21,0.0
6,5231,11205,22,0.06818181818181818
6,5231,11266,19,0.05263157894736842
6,5231,11273,16,0.0
6,5231,11285,25,0.22
6,5231,11286,17,0.0
6,5231,11324,15,0.03333333333333333
6,5231,11352,11,0.0
6,5231,11362,24,0.7708333333333334
6,5231,11381,16,0.0
6,5231,11391,17,0.0
6,5231,11398,25,0.0
6,5231,11408,26,0.07692307692307693
6,5231,11430,16,0.0
6,5231,11436,15,0.06666666666666667
6,5231,11438,27,0.3333333333333333
6,5231,11439,19,0.0
6,5231,11444,10,0.3
6,5231,11446,23,0.08695652173913043
6,5231,11448,25,0.08
6,5231,11449,14,0.17857142857142858
6,5231,11451,26,0.0
6,5231,11452,20,0.0
6,5231,11453,18,0.0
6,5231,11480,20,0.0
6,5231,11481,22,0.0
6,5231,11680,15,0.0
6,5231,13969,10,0.25
6,5231,14670,17,0.029411764705882353
6,5231,16921,12,0.2916666666666667
6,5231,16949,13,0.0
6,5231,17151,10,0.0
6,5231,17657,11,0.0
6,5231,19747,15,0.0
6,5231,23082,10,0.0
6,5231,23323,11,0.0
6,5231,23368,13,0.0
6,5231,25097,12,0.4166666666666667
6,5231,25125,10,0.0
6,3489,1757,18,0.3055555555555556
6,3489,1780,176,0.44318181818181823
6,3489,2140,158,0.5189873417721519
6,3489,2222,62,0.717741935483871
6,3489,2329,656,0.5221036585365854
6,3489,2475,564,0.5585106382978724
6,3489,2743,800,0.47687500000000005
6,3489,2804,560,0.4482142857142857
6,3489,2862,708,0.4378531073446328
6,3489,2907,28,0.3035714285714286
6,3489,2914,86,0.40697674418604646
6,3489,2940,30,0.5
6,3489,2995,384,0.42708333333333337
6,3489,3028,20,0.75
6,3489,3172,40,0.44999999999999996
6,3489,3277,196,0.6352040816326531
6,3489,3420,810,0.5055555555555555
6,3489,3574,248,0.46774193548387094
6,3489,3629,58,0.7413793103448276
6,3489,3778,218,0.47706422018348627
6,3489,3948,694,0.6066282420749279
6,3489,4130,254,0.6456692913385826
6,3489,4287,10,0.45
6,3489,4390,232,0.40948275862068967
6,3489,4462,504,0.4603174603174603
6,3489,4727,60,0.4083333333333333
6,3489,5633,18,0.8055555555555556
6,3489,8365,208,0.49038461538461536
6,3489,8419,24,0.5
6,8434,931,29,0.8103448275862069
6,8434,948,26,0.8076923076923077
6,8434,985,40,0.6875
6,8434,1016,37,0.8918918918918919
6,8434,1116,36,0.7222222222222222
6,8434,1160,41,0.8292682926829268
6,8434,1163,51,0.6274509803921569
6,8434,1226,30,0.75
6,8434,1310,34,0.8676470588235294
6,8434,1333,33,0.6818181818181819
6,8434,1364,39,0.641025641025641
6,8434,1372,39,0.8333333333333334
6,8434,1401,32,0.609375
6,8434,1413,27,0.7777777777777778
6,8434,1470,23,0.7608695652173914
6,8434,1474,29,0.8448275862068966
6,8434,1511,22,0.7954545454545454
6,8434,1555,33,0.7727272727272727
6,8434,1743,25,0.8
6,8434,1757,41,0.13414634146341464
6,8434,1780,36,0.20833333333333337
6,8434,2222,23,0.4565217391304348
6,8434,2284,47,0.5319148936170213
6,8434,2329,32,0.21875
6,8434,2453,29,0.0
6,8434,2475,39,0.2435897435897436
6,8434,2735,60,0.2583333333333333
6,8434,2743,35,0.08571428571428574
6,8434,2784,34,0.0
6,8434,2804,33,0.2272727272727273
6,8434,2862,20,0.125
6,8434,2876,38,0.14473684210526316
6,8434,2901,36,0.13888888888888884
6,8434,2907,34,0.22058823529411764
6,8434,2914,22,0.09090909090909094
6,8434,2995,35,0.18571428571428572
6,8434,3172,31,0.19354838709677424
6,8434,3250,38,0.8421052631578947
6,8434,3277,33,0.2727272727272727
6,8434,3304,30,0.6333333333333333
6,8434,3400,34,0.8529411764705882
6,8434,3413,43,0.7674418604651163
6,8434,3420,43,0.2093023255813954
6,8434,3424,36,0.5694444444444444
6,8434,3524,38,0.618421052631579
6,8434,3574,37,0.2567567567567568
6,8434,3629,27,0.4444444444444444
6,8434,3639,25,0.040000000000000036
6,8434,3652,25,0.76
6,8434,3778,39,0.1282051282051282
6,8434,3882,38,0.06578947368421051
6,8434,3948,26,0.23076923076923073
6,8434,4130,31,0.30645161290322576
6,8434,4168,48,0.25
6,8434,4364,69,0.6811594202898551
6,8434,4390,35,0.22857142857142854
6,8434,4462,36,0.13888888888888884
6,8434,4472,71,0.5915492957746479
6,8434,4517,35,0.0
6,8434,4535,28,0.0357142857142857
6,8434,4628,31,0.12903225806451613
6,8434,4700,28,0.0
6,8434,4727,33,0.16666666666666663
6,8434,4731,32,0.125
6,8434,4858,91,0.34065934065934067
6,8434,5104,34,0.7647058823529411
6,8434,5231,175,0.5171428571428571
6,8434,5608,33,0.0
6,8434,5818,33,0.0
6,8434,6109,64,0.6015625
6,8434,6696,34,0.8823529411764706
6,8434,7138,30,0.8333333333333334
6,8434,7535,37,0.7432432432432432
6,8434,8186,35,0.6857142857142857
6,8434,8301,32,0.0
6,8434,8332,48,0.36458333333333337
6,8434,8360,158,0.620253164556962
6,8434,8397,94,0.3351063829787234
6,8434,8414,30,0.0
6,8434,8419,35,0.15714285714285714
6,8434,8424,32,0.21875
6,8434,8507,32,0.0
6,8434,8510,27,0.0
6,8434,8562,34,0.0
6,8434,8602,28,0.8928571428571429
6,8434,8607,27,0.0
6,8434,8647,33,0.18181818181818182
6,8434,8676,28,0.75
6,8434,8712,29,0.1206896551724138
6,8434,8743,26,0.0
6,8434,8748,30,0.11666666666666667
6,8434,8749,33,0.07575757575757576
6,8434,8802,29,0.10344827586206896
6,8434,8825,19,0.0
6,8434,8828,21,0.0
6,8434,8834,26,0.0
6,8434,8841,22,0.0
6,8434,8965,25,0.22
6,8434,9048,26,0.0
6,8434,9049,20,0.0
6,8434,9065,23,0.8043478260869565
6,8434,9261,26,0.8461538461538461
6,8434,9478,16,0.0
6,8434,9684,16,0.0
6,8434,9696,20,0.9
6,8434,9743,24,0.5208333333333334
6,8434,9815,27,0.5
6,8434,9831,28,0.17857142857142858
6,8434,9842,19,0.05263157894736842
6,8434,9858,15,0.36666666666666664
6,8434,9933,26,0.15384615384615385
6,8434,10059,17,0.11764705882352941
6,8434,10104,20,0.2
6,8434,10264,17,0.8823529411764706
6,8434,10285,20,0.0
6,8434,10747,22,0.0
6,8434,10755,14,0.35714285714285715
6,8434,10916,22,0.3409090909090909
6,8434,10920,32,0.0
6,8434,10948,21,0.23809523809523808
6,8434,10964,16,0.0625
6,8434,10970,23,0.06521739130434782
6,8434,11094,23,0.13043478260869565
6,8434,11100,18,0.0
6,8434,11179,21,0.07142857142857142
6,8434,11201,23,0.0
6,8434,11205,10,0.4
6,8434,11266,20,0.05
6,8434,11273,18,0.0
6,8434,11285,12,0.125
6,8434,11286,26,0.0
6,8434,11324,15,0.3
6,8434,11352,24,0.0
6,8434,11362,21,0.8571428571428571
6,8434,11381,25,0.0
6,8434,11391,25,0.0
6,8434,11398,17,0.0
6,8434,11408,21,0.23809523809523808
6,8434,11430,17,0.0
6,8434,11436,25,0.08
6,8434,11438,28,0.19642857142857142
6,8434,11439,26,0.0
6,8434,11444,16,0.34375
6,8434,11446,26,0.11538461538461539
6,8434,11448,20,0.025
6,8434,11449,17,0.058823529411764705
6,8434,11451,13,0.0
6,8434,11452,20,0.125
6,8434,11453,15,0.06666666666666667
6,8434,11480,11,0.0
6,8434,11481,19,0.0
6,8434,11680,21,0.19047619047619047
6,8434,13969,11,0.45454545454545453
6,8434,14637,11,1.0
6,8434,14639,11,0.09090909090909091
6,8434,16949,13,0.0
6,8434,16952,16,0.0
6,8434,17151,12,0.0
6,8434,17287,12,0.0
6,8434,17657,10,0.0
6,8434,17681,14,0.0
6,8434,19856,12,0.5833333333333334
6,8434,19866,12,0.8333333333333334
6,8434,22317,11,0.18181818181818182
6,8434,23082,13,0.0
6,8434,23323,10,0.0
6,8434,24571,12,0.16666666666666666
6,8434,24864,12,0.0
6,8434,24913,11,0.18181818181818182
6,8434,25064,10,0.7
6,8434,25125,12,0.0
6,2688,1247,54,0.4629629629629629
6,2688,1414,18,0.7222222222222222
6,2688,1757,96,0.46354166666666663
6,2688,1780,60,0.6166666666666667
6,2688,2054,12,0.33333333333333337
6,2688,2140,22,0.6363636363636364
6,2688,2475,10,0.7
6,2688,2656,22,0.38636363636363635
6,2688,2674,34,0.6911764705882353
6,2688,2728,22,0.6363636363636364
6,2688,2743,52,0.5769230769230769
6,2688,2804,24,0.6666666666666666
6,2688,2862,18,0.6666666666666666
6,2688,2876,44,0.4659090909090909
6,2688,2901,54,0.4074074074074074
6,2688,2907,44,0.45454545454545453
6,2688,2914,54,0.5277777777777778
6,2688,2928,44,0.5
6,2688,2995,46,0.43478260869565216
6,2688,3172,24,0.25
6,2688,3205,16,0.4375
6,2688,3420,16,0.625
6,2688,3574,52,0.5480769230769231
6,2688,3639,48,0.59375
6,2688,3778,24,0.5416666666666666
6,4727,931,37,1.0
6,4727,948,31,0.9516129032258065
6,4727,985,38,0.9736842105263158
6,4727,1016,38,0.9605263157894737
6,4727,1116,29,0.9655172413793104
6,4727,1160,32,0.984375
6,4727,1163,29,0.8620689655172413
6,4727,1226,28,0.9821428571428571
6,4727,1247,507,0.47928994082840237
6,4727,1310,43,0.9767441860465116
6,4727,1333,17,1.0
6,4727,1364,37,0.8783783783783784
6,4727,1372,25,1.0
6,4727,1401,36,0.9583333333333334
6,4727,1413,36,0.9444444444444444
6,4727,1470,38,1.0
6,4727,1474,42,1.0
6,4727,1511,30,1.0
6,4727,1555,35,1.0
6,4727,1743,39,1.0
6,4727,1757,648,0.5154320987654322
6,4727,1780,345,0.572463768115942
6,4727,2222,28,0.7857142857142857
6,4727,2284,27,0.9259259259259259
6,4727,2329,41,0.6097560975609756
6,4727,2453,91,0.3296703296703297
6,4727,2475,31,0.6935483870967742
6,4727,2735,24,0.8958333333333334
6,4727,2743,139,0.525179856115108
6,4727,2784,50,0.16000000000000003
6,4727,2804,125,0.5680000000000001
6,4727,2862,181,0.5883977900552486
6,4727,2876,602,0.48588039867109634
6,4727,2901,669,0.47982062780269064
6,4727,2907,535,0.5074766355140187
6,4727,2914,488,0.5061475409836065
6,4727,2995,309,0.49352750809061485
6,4727,3172,509,0.49508840864440073
6,4727,3250,31,1.0
6,4727,3277,32,0.609375
6,4727,3304,23,1.0
6,4727,3400,33,1.0
6,4727,3413,21,0.9523809523809523
6,4727,3420,66,0.6287878787878788
6,4727,3424,38,1.0
6,4727,3489,60,0.5916666666666667
6,4727,3524,34,0.9558823529411765
6,4727,3574,299,0.5418060200668897
6,4727,3629,34,0.7647058823529411
6,4727,3639,562,0.45017793594306055
6,4727,3652,29,0.9655172413793104
6,4727,3778,432,0.5451388888888888
6,4727,3882,29,0.08620689655172409
6,4727,3948,39,0.6923076923076923
6,4727,4130,44,0.7272727272727273
6,4727,4168,34,0.8529411764705882
6,4727,4364,30,0.9
6,4727,4390,356,0.5351123595505618
6,4727,4462,178,0.547752808988764
6,4727,4472,26,0.8461538461538461
6,4727,4517,31,0.06451612903225812
6,4727,4535,18,0.11111111111111116
6,4727,4628,560,0.4526785714285714
6,4727,4700,31,0.0
6,4727,4731,669,0.5052316890881914
6,4727,4858,25,0.9
6,4727,5104,29,1.0
6,4727,5231,31,0.9516129032258065
6,4727,5608,28,0.03571428571428571
6,4727,5818,32,0.03125
6,4727,6109,27,0.9259259259259259
6,4727,6696,30,0.9833333333333333
6,4727,7138,31,0.967741935483871
6,4727,7535,31,0.967741935483871
6,4727,8186,40,0.975
6,4727,8300,15,0.26666666666666666
6,4727,8301,31,0.0
6,4727,8332,29,0.8448275862068966
6,4727,8360,31,0.9516129032258065
6,4727,8397,32,0.8125
6,4727,8414,45,0.011111111111111112
6,4727,8419,26,0.7115384615384616
6,4727,8424,40,0.6375
6,4727,8434,33,0.8333333333333334
6,4727,8507,33,0.0
6,4727,8510,27,0.0
6,4727,8562,37,0.10810810810810811
6,4727,8602,28,1.0
6,4727,8607,29,0.0
6,4727,8647,32,0.53125
6,4727,8676,28,1.0
6,4727,8712,20,0.525
6,4727,8743,31,0.0
6,4727,8748,25,0.46
6,4727,8749,32,0.328125
6,4727,8802,31,0.3064516129032258
6,4727,8825,27,0.07407407407407407
6,4727,8828,28,0.03571428571428571
6,4727,8834,27,0.1111111111111111
6,4727,8841,19,0.07894736842105263
6,4727,8965,22,0.6136363636363636
6,4727,9048,30,0.15
6,4727,9049,27,0.05555555555555555
6,4727,9065,23,0.9347826086956522
6,4727,9261,20,1.0
6,4727,9478,20,0.0
6,4727,9684,21,0.047619047619047616
6,4727,9696,19,1.0
6,4727,9743,25,0.92
6,4727,9815,27,0.9629629629629629
6,4727,9831,24,0.625
6,4727,9842,22,0.5227272727272727
6,4727,9858,21,0.6428571428571429
6,4727,9933,16,0.59375
6,4727,10059,29,0.6896551724137931
6,4727,10104,18,0.6388888888888888
6,4727,10264,23,1.0
6,4727,10285,22,0.022727272727272728
6,4727,10747,13,0.15384615384615385
6,4727,10755,17,0.5882352941176471
6,4727,10916,15,0.6
6,4727,10920,17,0.11764705882352941
6,4727,10948,27,0.8518518518518519
6,4727,10964,22,0.38636363636363635
6,4727,10970,13,0.46153846153846156
6,4727,11094,20,0.625
6,4727,11100,15,0.03333333333333333
6,4727,11179,20,0.5
6,4727,11201,20,0.1
6,4727,11205,28,0.5892857142857143
6,4727,11266,21,0.5238095238095238
6,4727,11273,20,0.0
6,4727,11283,19,0.2894736842105263
6,4727,11285,14,0.42857142857142855
6,4727,11286,18,0.027777777777777776
6,4727,11324,14,0.35714285714285715
6,4727,11352,17,0.058823529411764705
6,4727,11362,20,1.0
6,4727,11381,26,0.19230769230769232
6,4727,11391,19,0.10526315789473684
6,4727,11398,17,0.0
6,4727,11408,15,0.6
6,4727,11430,19,0.3684210526315789
6,4727,11436,25,0.4
6,4727,11438,28,0.5892857142857143
6,4727,11439,14,0.07142857142857142
6,4727,11444,18,0.7222222222222222
6,4727,11446,14,0.5
6,4727,11448,25,0.44
6,4727,11449,12,0.375
6,4727,11451,21,0.19047619047619047
6,4727,11452,14,0.35714285714285715
6,4727,11453,19,0.2631578947368421
6,4727,11481,31,0.03225806451612903
6,4727,11680,17,0.5294117647058824
6,4727,14670,13,0.4230769230769231
6,4727,16921,16,0.71875
6,4727,16952,17,0.11764705882352941
6,4727,17274,15,0.4
6,4727,17657,14,0.0
6,4727,19747,10,0.0
6,4727,19856,11,1.0
6,4727,19866,11,1.0
6,4727,23368,10,0.0
6,4727,23989,12,0.125
6,4727,24061,10,0.3
6,4727,24864,12,0.16666666666666666
6,4727,25290,11,0.18181818181818182
6,4727,25361,10,0.5
32,9943,935,42,0.38095238095238093
32,9943,951,34,0.5294117647058824
32,9943,9637,35,0.5142857142857142
32,9943,9817,28,0.6785714285714286
32,9943,9823,29,0.5172413793103448
32,9943,10243,15,0.06666666666666667
32,11254,935,437,0.5068649885583524
32,11254,951,443,0.49435665914221216
32,11254,9637,444,0.5484234234234234
32,11254,10322,448,0.5223214285714286
32,11254,10395,419,0.46539379474940334
32,11254,21540,164,0.5091463414634146
32,11254,30322,89,0.4887640449438202
34,13739,937,14,0.5
34,13739,11788,10,0.050000000000000044
34,13739,11790,13,0.5
34,13739,11801,11,0.5454545454545454
34,13739,12012,11,0.0
34,13739,13509,10,0.19999999999999996
34,13739,13726,14,0.0
34,13739,13741,17,0.29411764705882354
34,13739,13743,10,0.0
34,14783,937,101,0.905940594059406
34,14783,11801,87,0.9310344827586207
34,14783,12012,77,0.025974025974025983
34,14783,12335,96,0.9375
34,14783,13509,97,0.015463917525773141
34,14783,14452,92,0.8913043478260869
34,14783,14497,105,0.10476190476190472
34,14783,14511,100,0.030000000000000027
34,14783,14612,90,0.8611111111111112
34,14783,14649,105,0.5047619047619047
34,14783,14697,13,0.9615384615384616
34,14783,14763,88,0.0
34,14783,15842,96,0.0
34,14783,21417,10,0.0
34,14783,21913,61,0.9180327868852459
34,14783,21962,84,0.0
34,14783,25709,44,0.0
34,14783,25727,46,0.0
34,14783,25728,43,0.0
34,14783,25729,38,0.0
34,14783,25730,39,0.0
34,14783,25821,33,0.0
34,14783,25893,41,0.18292682926829268
34,14783,26025,50,0.0
34,14783,26027,33,0.0
34,14783,26255,35,0.9571428571428572
34,14783,30328,20,0.0
34,13494,937,18,1.0
34,13494,953,23,1.0
34,13494,11788,12,0.9166666666666666
34,13494,11790,24,1.0
34,13494,11801,15,1.0
34,13494,12012,19,1.0
34,13494,12055,14,1.0
34,13494,12334,16,1.0
34,13494,12335,19,0.9736842105263158
34,13494,12924,14,0.8571428571428572
34,25821,937,51,1.0
34,25821,11801,45,1.0
34,25821,12012,55,1.0
34,25821,12335,50,1.0
34,25821,14452,45,1.0
34,25821,14497,51,1.0
34,25821,14511,46,1.0
34,25821,14612,55,1.0
34,25821,14649,48,1.0
34,25821,14763,34,0.8235294117647058
34,25821,14783,33,1.0
34,25821,15842,41,0.9878048780487805
34,25821,21913,48,1.0
34,25821,21962,42,0.8809523809523809
34,25821,25709,38,0.9605263157894737
34,25821,25727,55,0.9727272727272728
34,25821,25728,56,0.9553571428571429
34,25821,25729,46,0.9565217391304348
34,25821,25730,34,0.9852941176470589
34,25821,25893,38,1.0
34,25821,26025,38,0.0
34,25821,26027,47,0.6702127659574468
34,25821,26255,38,1.0
34,25821,30328,31,1.0
47,9591,8516,66,0.8712121212121212
47,9591,8726,55,0.8090909090909091
47,9591,9079,52,0.7788461538461539
47,9591,9114,52,0.8365384615384616
47,9591,9127,49,0.846938775510204
47,9591,9321,54,0.8240740740740741
47,9591,9421,67,0.8432835820895522
47,9591,9431,48,0.875
47,9591,9453,60,0.8083333333333333
47,9591,9454,60,0.7833333333333333
47,9591,9470,23,0.6956521739130435
47,9591,9474,36,0.8194444444444444
47,9591,9476,66,0.8484848484848485
47,9591,9501,49,0.7755102040816326
47,9591,9564,58,0.8706896551724138
47,9591,9567,16,0.78125
47,9591,9568,50,0.9
47,9591,9571,27,0.9444444444444444
47,9591,9583,59,0.7457627118644068
47,9591,9586,52,0.6057692307692308
47,9591,9602,39,0.8589743589743589
47,9591,9692,19,0.8947368421052632
47,9591,9747,56,0.6696428571428571
47,9591,9753,35,0.35714285714285715
47,9591,9770,51,0.8235294117647058
47,9591,9855,10,0.7
47,9591,9862,36,0.7083333333333334
47,9591,9884,38,0.7894736842105263
47,9591,9895,24,0.7916666666666666
47,9591,9958,32,0.859375
47,9591,10087,26,0.40384615384615385
47,9591,10091,22,0.75
47,9591,10100,24,0.4791666666666667
47,9591,10127,35,0.17142857142857143
47,9591,10128,24,0.5
47,9591,10135,31,0.6290322580645161
47,9591,10136,10,0.3
47,9591,10175,11,0.5454545454545454
47,9591,10226,11,0.09090909090909091
47,9591,10240,14,0.7142857142857143
47,9591,10252,17,0.5294117647058824
47,9591,10258,11,0.7727272727272727
47,9591,10360,15,0.7333333333333333
47,9591,10492,10,0.4
47,13286,8726,36,0.7638888888888888
47,13286,9079,35,0.7
47,13286,9114,34,0.7794117647058824
47,13286,9127,28,0.6428571428571428
47,13286,9321,38,0.6973684210526316
47,13286,9421,34,0.7647058823529411
47,13286,9431,24,0.8125
47,13286,9453,28,0.7678571428571428
47,13286,9454,42,0.6547619047619048
47,13286,9474,27,0.6666666666666667
47,13286,9476,29,0.7586206896551724
47,13286,9501,41,0.7560975609756098
47,13286,9564,28,0.7857142857142857
47,13286,9583,29,0.7931034482758621
47,13286,9602,37,0.6621621621621622
47,13286,9747,27,0.5555555555555556
47,13286,9753,31,0.7741935483870968
47,13286,9770,29,0.6551724137931034
47,13286,9862,34,0.7794117647058824
47,13286,9958,33,0.7121212121212122
47,13286,10087,32,0.734375
47,13286,10135,32,0.671875
47,13286,10226,36,0.6805555555555556
47,13286,10240,31,0.7580645161290323
47,13286,10640,45,0.6666666666666667
47,13286,10934,39,0.7051282051282051
47,13286,10936,38,0.7236842105263157
47,13286,11148,36,0.6111111111111112
47,13286,11219,32,0.53125
47,13286,11335,32,0.671875
47,13286,11475,35,0.5857142857142856
47,13286,11493,27,0.7407407407407407
47,13286,11495,27,0.7777777777777778
47,13286,11544,29,0.8448275862068966
47,13286,11547,34,0.7352941176470589
47,13286,11550,34,0.5882352941176471
47,13286,11559,38,0.6710526315789473
47,13286,11560,38,0.7894736842105263
47,13286,11570,41,0.7560975609756098
47,13286,11571,31,0.8225806451612903
47,13286,11580,21,0.5952380952380952
47,13286,11587,44,0.7272727272727273
47,13286,11612,33,0.6666666666666667
47,13286,11621,38,0.7236842105263157
47,13286,11629,34,0.6029411764705883
47,13286,11634,32,0.765625
47,13286,11639,41,0.7682926829268293
47,13286,11641,39,0.5384615384615384
47,13286,11642,37,0.5810810810810811
47,13286,11644,32,0.53125
47,13286,11645,40,0.5375
47,13286,11671,39,0.6538461538461539
47,13286,11674,16,0.59375
47,13286,11702,41,0.7560975609756098
47,13286,12348,28,0.6964285714285714
47,13286,12356,19,0.6842105263157895
47,13286,12420,34,0.8088235294117647
47,13286,12490,22,0.6818181818181819
47,13286,12553,42,0.7619047619047619
47,13286,12879,28,0.6785714285714286
47,13286,12962,41,0.7317073170731707
47,13286,13073,37,0.7567567567567568
47,13286,13530,37,0.4594594594594595
47,13286,14629,27,0.6296296296296297
47,13286,30690,13,0.7307692307692307
47,9459,8726,11,1.0
47,9459,9079,14,0.7142857142857143
47,9459,9114,10,0.7
47,9459,9208,11,0.9090909090909091
47,9459,9222,11,0.9090909090909091
47,9459,9253,13,0.8846153846153846
47,9459,9321,14,0.8928571428571429
47,9459,9421,14,0.8571428571428572
47,9459,9431,10,0.9
47,9459,9454,10,1.0
47,11544,8516,81,0.7098765432098766
47,11544,8726,108,0.6712962962962963
47,11544,9079,134,0.6902985074626866
47,11544,9114,87,0.6436781609195402
47,11544,9127,119,0.6218487394957983
47,11544,9321,128,0.62890625
47,11544,9421,134,0.6417910447761195
47,11544,9431,118,0.6694915254237288
47,11544,9453,107,0.7009345794392523
47,11544,9454,94,0.601063829787234
47,11544,9474,139,0.6510791366906474
47,11544,9476,128,0.75390625
47,11544,9501,121,0.6652892561983471
47,11544,9564,127,0.6338582677165354
47,11544,9583,113,0.6238938053097345
47,11544,9602,134,0.5932835820895522
47,11544,9747,131,0.6488549618320612
47,11544,9753,126,0.6031746031746033
47,11544,9770,135,0.6148148148148148
47,11544,9862,116,0.6379310344827587
47,11544,9958,125,0.6759999999999999
47,11544,10087,138,0.572463768115942
47,11544,10135,126,0.5238095238095238
47,11544,10226,117,0.33760683760683763
47,11544,10240,126,0.6547619047619048
47,11544,10640,108,0.7037037037037037
47,11544,10934,139,0.6510791366906474
47,11544,10936,106,0.6556603773584906
47,11544,11148,126,0.4722222222222222
47,11544,11219,129,0.627906976744186
47,11544,11335,92,0.6467391304347826
47,11544,11471,14,0.8214285714285714
47,11544,11475,126,0.23412698412698407
47,11544,11477,12,0.33333333333333337
47,11544,11478,10,0.65
47,11544,11493,129,0.4534883720930233
47,11544,11495,124,0.6008064516129032
47,11544,11498,13,0.11538461538461542
47,11544,11546,16,0.4375
47,11544,11547,120,0.7625
47,11544,11550,150,0.6366666666666667
47,11544,11559,108,0.4444444444444444
47,11544,11560,116,0.6422413793103449
47,11544,11570,122,0.5368852459016393
47,11544,11571,119,0.5462184873949579
47,11544,11580,105,0.5190476190476191
47,11544,11587,111,0.5495495495495496
47,11544,11612,100,0.39
47,11544,11621,103,0.5679611650485437
47,11544,11629,111,0.38738738738738737
47,11544,11634,109,0.6467889908256881
47,11544,11639,112,0.36607142857142855
47,11544,11641,112,0.5491071428571429
47,11544,11642,132,0.4053030303030303
47,11544,11643,79,0.22151898734177214
47,11544,11644,105,0.49523809523809526
47,11544,11645,92,0.532608695652174
47,11544,11671,106,0.42452830188679247
47,11544,11673,49,0.24489795918367346
47,11544,11674,95,0.3105263157894737
47,11544,11702,105,0.5333333333333333
47,11544,12348,47,0.4574468085106383
47,11544,12356,43,0.46511627906976744
47,11544,12420,49,0.5204081632653061
47,11544,12490,36,0.3611111111111111
47,11544,12553,36,0.4305555555555556
47,11544,12879,25,0.44
47,11544,12962,31,0.5806451612903226
47,11544,13073,40,0.625
47,11544,13286,29,0.15517241379310345
47,11544,13530,34,0.1323529411764706
47,11544,14629,41,0.5121951219512195
47,11544,31468,12,0.375
47,10136,8726,11,0.7727272727272727
47,10136,9079,10,0.7
47,10136,9114,12,0.875
47,10136,9321,12,0.6666666666666667
47,10136,9591,10,0.7
47,10136,9602,10,0.7
47,10136,9747,10,0.6
47,10136,9884,13,0.9230769230769231
47,10136,9958,17,0.7941176470588236
47,10136,10087,11,0.36363636363636365
47,10136,10128,10,0.6
47,10136,10175,10,0.65
47,10640,8516,91,0.6373626373626373
47,10640,8726,134,0.6343283582089552
47,10640,9079,128,0.42578125
47,10640,9114,130,0.5653846153846154
47,10640,9127,146,0.4212328767123288
47,10640,9321,144,0.4722222222222222
47,10640,9421,136,0.7426470588235294
47,10640,9431,123,0.6829268292682926
47,10640,9453,132,0.625
47,10640,9454,128,0.46484375
47,10640,9474,128,0.66015625
47,10640,9476,128,0.640625
47,10640,9501,131,0.7022900763358779
47,10640,9564,132,0.5303030303030303
47,10640,9568,19,0.3157894736842105
47,10640,9583,139,0.5323741007194245
47,10640,9602,121,0.3801652892561983
47,10640,9747,135,0.5333333333333333
47,10640,9753,123,0.3292682926829268
47,10640,9770,125,0.44799999999999995
47,10640,9862,129,0.6124031007751938
47,10640,9895,18,0.2777777777777778
47,10640,9958,128,0.65234375
47,10640,10087,125,0.42800000000000005
47,10640,10091,13,0.34615384615384615
47,10640,10100,12,0.20833333333333337
47,10640,10127,10,0.19999999999999996
47,10640,10135,128,0.37109375
47,10640,10226,124,0.22177419354838712
47,10640,10240,129,0.4534883720930233
47,10640,10565,18,0.0
47,10640,10934,139,0.46402877697841727
47,10640,10936,117,0.5
47,10640,11148,135,0.3962962962962963
47,10640,11170,13,0.4230769230769231
47,10640,11219,114,0.4649122807017544
47,10640,11335,115,0.5347826086956522
47,10640,11471,18,0.2777777777777778
47,10640,11475,117,0.2094017094017094
47,10640,11477,13,0.0
47,10640,11478,12,0.20833333333333334
47,10640,11493,121,0.2809917355371901
47,10640,11495,148,0.38175675675675674
47,10640,11536,10,0.15
47,10640,11544,108,0.2962962962962963
47,10640,11545,10,0.05
47,10640,11546,16,0.1875
47,10640,11547,125,0.672
47,10640,11550,108,0.44907407407407407
47,10640,11558,12,0.08333333333333333
47,10640,11559,127,0.25984251968503935
47,10640,11560,112,0.5267857142857143
47,10640,11570,118,0.2838983050847458
47,10640,11571,135,0.45185185185185184
47,10640,11580,112,0.35714285714285715
47,10640,11587,119,0.5126050420168067
47,10640,11612,101,0.32673267326732675
47,10640,11621,91,0.35714285714285715
47,10640,11629,110,0.2863636363636364
47,10640,11634,94,0.5159574468085106
47,10640,11639,101,0.24257425742574257
47,10640,11641,139,0.43884892086330934
47,10640,11642,104,0.3173076923076923
47,10640,11643,65,0.16923076923076924
47,10640,11644,111,0.4009009009009009
47,10640,11645,113,0.3008849557522124
47,10640,11671,125,0.296
47,10640,11673,60,0.10833333333333334
47,10640,11674,99,0.25252525252525254
47,10640,11702,97,0.4639175257731959
47,10640,12348,59,0.4745762711864407
47,10640,12356,29,0.4482758620689655
47,10640,12420,43,0.6395348837209303
47,10640,12490,36,0.5555555555555556
47,10640,12553,39,0.5256410256410257
47,10640,12879,23,0.5869565217391305
47,10640,12962,35,0.5285714285714286
47,10640,13073,39,0.5897435897435898
47,10640,13286,45,0.3333333333333333
47,10640,13530,37,0.17567567567567569
47,10640,14629,24,0.625
47,10640,30690,20,0.575
47,9212,8726,13,1.0
47,9212,9114,14,0.4285714285714286
47,9212,9127,17,0.4117647058823529
47,11580,8516,78,0.7435897435897436
47,11580,8726,114,0.6666666666666667
47,11580,9079,99,0.6565656565656566
47,11580,9114,97,0.6597938144329897
47,11580,9127,114,0.6447368421052632
47,11580,9321,82,0.7560975609756098
47,11580,9421,106,0.7594339622641509
47,11580,9431,105,0.7333333333333334
47,11580,9453,99,0.702020202020202
47,11580,9454,85,0.7058823529411764
47,11580,9474,92,0.7010869565217391
47,11580,9476,98,0.6632653061224489
47,11580,9501,85,0.6588235294117647
47,11580,9564,100,0.665
47,11580,9583,96,0.6510416666666667
47,11580,9602,88,0.6761363636363636
47,11580,9747,103,0.6407766990291262
47,11580,9753,93,0.521505376344086
47,11580,9770,106,0.6698113207547169
47,11580,9862,109,0.7110091743119267
47,11580,9958,77,0.6883116883116883
47,11580,10087,79,0.49367088607594933
47,11580,10135,95,0.5631578947368421
47,11580,10226,84,0.35119047619047616
47,11580,10240,105,0.6190476190476191
47,11580,10640,112,0.6428571428571428
47,11580,10934,89,0.7078651685393258
47,11580,10936,87,0.5574712643678161
47,11580,11148,99,0.5454545454545454
47,11580,11219,87,0.7126436781609196
47,11580,11335,97,0.5773195876288659
47,11580,11475,88,0.1477272727272727
47,11580,11493,93,0.4408602150537635
47,11580,11495,81,0.7283950617283951
47,11580,11544,105,0.4809523809523809
47,11580,11547,86,0.6686046511627908
47,11580,11550,114,0.6929824561403508
47,11580,11558,10,0.5
47,11580,11559,112,0.3660714285714286
47,11580,11560,109,0.6330275229357798
47,11580,11570,112,0.5491071428571428
47,11580,11571,101,0.5742574257425743
47,11580,11587,94,0.5159574468085106
47,11580,11612,77,0.36363636363636365
47,11580,11621,104,0.5480769230769231
47,11580,11629,84,0.44642857142857145
47,11580,11634,89,0.601123595505618
47,11580,11639,105,0.43333333333333335
47,11580,11641,100,0.515
47,11580,11642,83,0.22289156626506024
47,11580,11643,73,0.1917808219178082
47,11580,11644,81,0.5432098765432098
47,11580,11645,105,0.5333333333333333
47,11580,11671,93,0.510752688172043
47,11580,11673,53,0.2169811320754717
47,11580,11674,65,0.35384615384615387
47,11580,11702,75,0.6666666666666666
47,11580,12348,39,0.5384615384615384
47,11580,12356,28,0.5178571428571429
47,11580,12420,28,0.625
47,11580,12490,15,0.5333333333333333
47,11580,12553,28,0.5892857142857143
47,11580,12879,19,0.4473684210526316
47,11580,12962,19,0.6052631578947368
47,11580,13073,18,0.5
47,11580,13286,21,0.40476190476190477
47,11580,13530,17,0.08823529411764706
47,11580,14629,14,0.4642857142857143
47,11580,30690,10,0.35
47,11580,31468,11,0.5
47,9356,8516,22,0.7045454545454546
47,9356,8726,18,0.8611111111111112
47,9356,9079,21,0.5
47,9356,9114,18,0.11111111111111116
47,9356,9127,15,0.6666666666666667
47,9356,9208,16,0.4375
47,9356,9222,17,0.5294117647058824
47,9356,9253,21,0.5714285714285714
47,9356,9321,16,0.375
47,9356,9359,11,0.8181818181818182
47,9356,9421,10,0.9
47,9356,9431,10,0.85
47,9356,9454,12,0.75
47,9356,9470,12,0.0
47,11335,8516,96,0.59375
47,11335,8726,139,0.5935251798561151
47,11335,9079,138,0.4782608695652174
47,11335,9114,121,0.5454545454545454
47,11335,9127,102,0.553921568627451
47,11335,9321,133,0.5150375939849624
47,11335,9421,111,0.6576576576576576
47,11335,9431,105,0.6095238095238096
47,11335,9453,106,0.5896226415094339
47,11335,9454,118,0.4576271186440678
47,11335,9474,113,0.584070796460177
47,11335,9476,117,0.5555555555555556
47,11335,9501,110,0.5636363636363637
47,11335,9564,111,0.5495495495495495
47,11335,9583,108,0.5185185185185186
47,11335,9602,123,0.4715447154471545
47,11335,9747,145,0.4896551724137931
47,11335,9753,120,0.4375
47,11335,9770,108,0.48611111111111116
47,11335,9862,132,0.5871212121212122
47,11335,9958,124,0.6008064516129032
47,11335,10087,116,0.4698275862068966
47,11335,10135,129,0.4147286821705426
47,11335,10226,105,0.2523809523809524
47,11335,10240,107,0.46261682242990654
47,11335,10640,115,0.4652173913043478
47,11335,10934,125,0.504
47,11335,10936,117,0.48290598290598286
47,11335,11148,118,0.4110169491525424
47,11335,11170,11,0.6818181818181819
47,11335,11219,89,0.4438202247191011
47,11335,11461,12,0.25
47,11335,11471,22,0.6136363636363636
47,11335,11475,118,0.25
47,11335,11477,11,0.0
47,11335,11478,14,0.42857142857142855
47,11335,11493,107,0.3130841121495327
47,11335,11495,115,0.4652173913043478
47,11335,11544,92,0.3532608695652174
47,11335,11546,10,0.25
47,11335,11547,107,0.5841121495327103
47,11335,11550,126,0.43253968253968256
47,11335,11558,10,0.55
47,11335,11559,124,0.29435483870967744
47,11335,11560,112,0.5401785714285714
47,11335,11570,115,0.3347826086956522
47,11335,11571,101,0.43564356435643564
47,11335,11580,97,0.422680412371134
47,11335,11587,127,0.46062992125984253
47,11335,11612,100,0.265
47,11335,11621,116,0.45689655172413796
47,11335,11629,107,0.3598130841121495
47,11335,11634,103,0.441747572815534
47,11335,11639,99,0.23232323232323232
47,11335,11641,102,0.4166666666666667
47,11335,11642,84,0.2916666666666667
47,11335,11643,80,0.0875
47,11335,11644,102,0.44607843137254904
47,11335,11645,86,0.36046511627906974
47,11335,11671,99,0.3686868686868687
47,11335,11673,46,0.06521739130434782
47,11335,11674,88,0.23295454545454544
47,11335,11702,86,0.45930232558139533
47,11335,12348,47,0.4787234042553192
47,11335,12356,36,0.5
47,11335,12420,41,0.573170731707317
47,11335,12490,29,0.43103448275862066
47,11335,12553,54,0.4537037037037037
47,11335,12879,17,0.5
47,11335,12962,24,0.5416666666666666
47,11335,13073,27,0.5185185185185185
47,11335,13286,32,0.328125
47,11335,13530,25,0.24
47,11335,14629,25,0.48
47,10252,8516,29,0.7413793103448276
47,10252,8726,23,0.7173913043478262
47,10252,9079,26,0.6153846153846154
47,10252,9114,23,0.6086956521739131
47,10252,9127,14,0.6428571428571428
47,10252,9321,23,0.5434782608695652
47,10252,9421,18,0.8055555555555556
47,10252,9431,24,0.7083333333333333
47,10252,9453,18,0.6666666666666667
47,10252,9454,21,0.5
47,10252,9474,21,0.6666666666666667
47,10252,9476,18,0.7222222222222222
47,10252,9501,20,0.6
47,10252,9564,17,0.5882352941176471
47,10252,9568,18,0.33333333333333337
47,10252,9583,24,0.375
47,10252,9586,12,0.5
47,10252,9591,17,0.47058823529411764
47,10252,9602,16,0.46875
47,10252,9747,18,0.4444444444444444
47,10252,9753,28,0.1428571428571429
47,10252,9770,17,0.3529411764705882
47,10252,9862,24,0.5625
47,10252,9884,22,0.5
47,10252,9895,19,0.21052631578947367
47,10252,9958,29,0.8620689655172413
47,10252,10087,20,0.35
47,10252,10091,17,0.5
47,10252,10100,26,0.3846153846153846
47,10252,10127,24,0.16666666666666663
47,10252,10128,16,0.125
47,10252,10135,26,0.1923076923076923
47,10252,10226,27,0.03703703703703709
47,10252,10240,17,0.47058823529411764
47,10252,10330,14,0.35714285714285715
47,10252,10360,15,0.4666666666666667
47,10252,10505,11,0.36363636363636365
47,10252,10565,10,0.0
47,11645,8516,69,0.6811594202898551
47,11645,8726,119,0.6638655462184874
47,11645,9079,108,0.6481481481481481
47,11645,9114,95,0.6368421052631579
47,11645,9127,107,0.5093457943925234
47,11645,9321,109,0.573394495412844
47,11645,9421,102,0.7009803921568627
47,11645,9431,106,0.7452830188679245
47,11645,9453,112,0.6428571428571428
47,11645,9454,110,0.5
47,11645,9474,125,0.72
47,11645,9476,129,0.7015503875968992
47,11645,9501,114,0.6798245614035088
47,11645,9564,103,0.6553398058252426
47,11645,9583,95,0.5842105263157895
47,11645,9602,129,0.6937984496124031
47,11645,9747,130,0.5923076923076923
47,11645,9753,97,0.5721649484536082
47,11645,9770,105,0.5523809523809524
47,11645,9862,108,0.5972222222222222
47,11645,9958,118,0.652542372881356
47,11645,10087,104,0.5721153846153846
47,11645,10135,111,0.6576576576576576
47,11645,10226,103,0.5194174757281553
47,11645,10240,86,0.5232558139534884
47,11645,10640,113,0.6991150442477876
47,11645,10934,110,0.5818181818181818
47,11645,10936,122,0.6024590163934427
47,11645,11148,129,0.49224806201550386
47,11645,11219,117,0.5341880341880342
47,11645,11335,86,0.6395348837209303
47,11645,11475,109,0.27064220183486243
47,11645,11493,107,0.514018691588785
47,11645,11495,115,0.6
47,11645,11544,92,0.46739130434782605
47,11645,11547,118,0.6779661016949152
47,11645,11550,125,0.516
47,11645,11559,103,0.3543689320388349
47,11645,11560,109,0.6467889908256881
47,11645,11570,95,0.4842105263157894
47,11645,11571,103,0.5242718446601942
47,11645,11580,105,0.4666666666666667
47,11645,11587,120,0.625
47,11645,11612,98,0.33673469387755106
47,11645,11621,110,0.4636363636363636
47,11645,11629,104,0.38942307692307687
47,11645,11634,104,0.5432692307692308
47,11645,11639,96,0.47395833333333337
47,11645,11641,110,0.5136363636363637
47,11645,11642,99,0.3737373737373737
47,11645,11643,85,0.1588235294117647
47,11645,11644,121,0.5661157024793388
47,11645,11671,116,0.4482758620689655
47,11645,11673,47,0.13829787234042554
47,11645,11674,66,0.3181818181818182
47,11645,11702,109,0.6055045871559633
47,11645,12348,56,0.5982142857142857
47,11645,12356,47,0.5531914893617021
47,11645,12420,61,0.7049180327868853
47,11645,12490,45,0.5444444444444444
47,11645,12553,37,0.6621621621621622
47,11645,12879,37,0.6351351351351351
47,11645,12962,32,0.78125
47,11645,13073,34,0.6617647058823529
47,11645,13286,40,0.4625
47,11645,13530,28,0.26785714285714285
47,11645,14629,32,0.640625
47,10175,9079,14,0.5714285714285714
47,10175,9114,10,0.30000000000000004
47,10175,9321,14,0.4285714285714286
47,10175,9421,13,0.5769230769230769
47,10175,9454,10,0.4
47,10175,9474,12,0.7916666666666666
47,10175,9583,12,0.25
47,10175,9586,10,0.30000000000000004
47,10175,9591,11,0.4545454545454546
47,10175,9602,11,0.31818181818181823
47,10175,9747,12,0.16666666666666663
47,10175,9753,17,0.05882352941176472
47,10175,9895,11,0.045454545454545414
47,10175,9958,10,0.65
47,10175,10091,11,0.4545454545454546
47,10175,10100,13,0.3846153846153846
47,10175,10128,11,0.18181818181818177
47,10175,10135,11,0.5909090909090908
47,10175,10136,10,0.35
47,10175,10176,11,0.36363636363636365
47,10175,10226,10,0.25
47,11671,8516,58,0.7586206896551724
47,11671,8726,114,0.7192982456140351
47,11671,9079,99,0.7272727272727273
47,11671,9114,101,0.6039603960396039
47,11671,9127,102,0.6617647058823529
47,11671,9321,99,0.595959595959596
47,11671,9421,102,0.75
47,11671,9431,110,0.7454545454545455
47,11671,9453,103,0.7427184466019418
47,11671,9454,99,0.6111111111111112
47,11671,9474,108,0.7037037037037037
47,11671,9476,108,0.712962962962963
47,11671,9501,97,0.7371134020618557
47,11671,9564,107,0.6822429906542056
47,11671,9583,114,0.6271929824561404
47,11671,9602,102,0.6911764705882353
47,11671,9747,106,0.6320754716981132
47,11671,9753,102,0.5833333333333333
47,11671,9770,101,0.698019801980198
47,11671,9862,107,0.6728971962616823
47,11671,9958,97,0.6958762886597938
47,11671,10087,101,0.6237623762376238
47,11671,10135,115,0.5869565217391304
47,11671,10226,116,0.5172413793103448
47,11671,10240,112,0.6205357142857143
47,11671,10640,125,0.704
47,11671,10934,99,0.6262626262626263
47,11671,10936,101,0.6287128712871287
47,11671,11148,125,0.512
47,11671,11219,102,0.6519607843137255
47,11671,11335,99,0.6313131313131313
47,11671,11475,90,0.18888888888888888
47,11671,11493,127,0.6259842519685039
47,11671,11495,120,0.6791666666666667
47,11671,11544,106,0.5754716981132075
47,11671,11547,128,0.73046875
47,11671,11550,104,0.6201923076923077
47,11671,11559,104,0.42307692307692313
47,11671,11560,100,0.665
47,11671,11570,107,0.5654205607476636
47,11671,11571,106,0.570754716981132
47,11671,11580,93,0.489247311827957
47,11671,11587,94,0.6914893617021276
47,11671,11612,94,0.3670212765957447
47,11671,11621,126,0.5198412698412698
47,11671,11629,92,0.3967391304347826
47,11671,11634,127,0.5433070866141732
47,11671,11639,110,0.38181818181818183
47,11671,11641,95,0.6210526315789473
47,11671,11642,118,0.3728813559322034
47,11671,11643,68,0.09558823529411764
47,11671,11644,120,0.6333333333333333
47,11671,11645,116,0.5517241379310345
47,11671,11673,48,0.15625
47,11671,11674,67,0.26865671641791045
47,11671,11702,91,0.5274725274725275
47,11671,12348,64,0.4609375
47,11671,12356,32,0.53125
47,11671,12420,44,0.6136363636363636
47,11671,12490,33,0.5
47,11671,12553,48,0.625
47,11671,12879,26,0.4423076923076923
47,11671,12962,38,0.631578947368421
47,11671,13073,39,0.6025641025641025
47,11671,13286,39,0.34615384615384615
47,11671,13530,38,0.25
47,11671,14629,29,0.5517241379310345
47,11671,30690,10,0.55
47,11671,31468,10,0.6
71,12003,10165,10,0.5
71,12003,10166,13,0.46153846153846156
71,12003,11931,14,0.1071428571428571
71,12003,11976,12,0.0
71,12003,11978,18,0.5555555555555556
71,12003,12006,10,0.0
71,12342,10165,172,1.0
71,12342,10166,161,0.9937888198757764
71,12342,10172,10,1.0
71,12342,11789,65,1.0
71,12342,11976,143,0.958041958041958
71,12342,11977,50,0.98
71,12342,11978,156,0.9935897435897436
71,12342,12006,169,0.9260355029585798
71,12342,12114,174,0.9626436781609196
71,12342,12128,179,0.7262569832402235
71,12342,12340,158,0.9651898734177216
71,12342,12670,29,0.9137931034482759
71,12342,13350,116,0.9913793103448276
71,12342,13517,10,0.8
71,12342,13556,22,0.8409090909090909
71,12342,13738,13,0.3076923076923077
71,12342,13757,24,1.0
71,12342,14107,91,1.0
71,12342,14339,82,0.9878048780487805
71,12342,14482,78,0.7884615384615384
71,12342,14495,87,0.9137931034482759
71,12342,14526,92,0.8206521739130435
71,12342,14758,82,0.926829268292683
71,12342,14776,91,0.41208791208791207
71,12342,14782,84,0.7083333333333334
71,12342,14793,79,0.9873417721518988
71,12342,25369,52,0.9423076923076923
71,12342,25758,62,0.9516129032258065
71,12342,25916,42,0.9642857142857143
71,12342,25928,47,0.9787234042553191
71,12342,25942,45,1.0
71,12342,25970,49,0.0
71,12342,30685,30,1.0
71,13556,10165,24,1.0
71,13556,10166,20,1.0
71,13556,11789,13,0.5384615384615384
71,13556,11976,18,1.0
71,13556,11977,10,1.0
71,13556,11978,16,1.0
71,13556,12006,17,1.0
71,13556,12114,20,1.0
71,13556,12128,16,1.0
71,13556,12340,24,1.0
71,13556,12342,22,0.15909090909090906
71,13556,13350,15,1.0
71,14793,10165,93,0.5483870967741935
71,14793,10166,83,0.6325301204819277
71,14793,11976,84,0.005952380952380931
71,14793,11978,88,0.4375
71,14793,12006,93,0.0
71,14793,12114,87,0.011494252873563204
71,14793,12128,72,0.00694444444444442
71,14793,12340,75,0.013333333333333308
71,14793,12342,79,0.012658227848101222
71,14793,13350,85,0.4764705882352941
71,14793,14107,91,0.03296703296703296
71,14793,14339,114,0.5921052631578947
71,14793,14482,94,0.0
71,14793,14495,73,0.0
71,14793,14526,89,0.0
71,14793,14758,96,0.0
71,14793,14776,83,0.0
71,14793,14782,84,0.0
71,14793,25369,64,0.0078125
71,14793,25758,51,0.029411764705882353
71,14793,25916,51,0.0
71,14793,25928,52,0.019230769230769232
71,14793,25942,52,0.0
71,14793,25970,41,0.0
71,14793,30685,23,0.0
73,13143,10358,15,0.5333333333333333
73,13143,12465,11,0.5
73,13143,13083,12,0.625
73,13143,13109,12,0.41666666666666663
73,13143,13127,11,0.5
73,13143,13151,15,0.5
73,13617,10357,63,0.5396825396825398
73,13617,10358,69,0.5217391304347826
73,13617,11154,48,0.47916666666666663
73,13617,11921,71,0.49295774647887325
73,13617,12298,56,0.5267857142857143
73,13617,12366,57,0.5087719298245614
73,13617,12431,60,0.5
73,13617,12465,63,0.4841269841269841
73,13617,13109,67,0.5
73,13617,13110,67,0.4925373134328358
73,13617,13126,67,0.5074626865671642
73,13617,13127,63,0.4920634920634921
73,13617,13145,60,0.5
73,13617,13151,71,0.5140845070422535
73,13617,13186,48,0.40625
73,13617,13506,68,0.5
73,13617,13594,69,0.49275362318840576
73,13617,13670,71,0.45774647887323944
73,13617,13796,56,0.4732142857142857
73,13617,13811,47,0.43617021276595747
73,13617,13827,53,0.5094339622641509
73,13617,13828,61,0.5081967213114754
73,13617,13871,49,0.4387755102040816
73,13617,13875,54,0.4166666666666667
73,13617,13876,63,0.40476190476190477
73,13617,13883,45,0.5222222222222223
73,13617,13885,81,0.5061728395061729
73,13617,14887,61,0.5327868852459017
73,13617,14977,49,0.5102040816326531
73,13617,15295,57,0.5
73,13617,15981,45,0.5666666666666667
73,13617,19958,52,0.49038461538461536
73,13617,20756,41,0.5
73,13617,24295,38,0.47368421052631576
73,13617,29883,19,0.5
73,13617,30705,25,0.5
73,13617,30805,19,0.5
74,12961,10350,72,0.5416666666666667
74,12961,10353,74,0.5743243243243243
74,12961,12461,51,0.0
74,12961,12483,66,0.0757575757575758
74,12961,12648,54,0.8611111111111112
74,21861,10350,18,0.4722222222222222
74,21861,10353,13,0.3076923076923077
74,21861,12461,17,0.0
74,21861,12483,15,0.06666666666666665
74,21861,12648,22,0.8409090909090909
74,21861,14815,24,0.625
74,21861,14817,12,0.33333333333333337
74,21861,14827,16,0.5
74,21861,14860,13,0.46153846153846156
74,21861,14865,15,0.6666666666666667
74,21861,14871,12,0.45833333333333337
74,21861,14874,17,0.6470588235294117
74,21861,14879,13,0.6923076923076923
74,21861,14885,19,0.052631578947368474
74,21861,14888,20,0.725
74,21861,14895,12,0.75
74,21861,14898,20,0.575
74,21861,14927,24,0.0
74,21861,14929,18,0.5555555555555556
74,21861,14931,14,0.4285714285714286
74,21861,14944,22,0.045454545454545414
74,21861,14945,27,0.40740740740740744
74,21861,14950,17,0.0
74,21861,14952,19,0.5
74,21861,14953,13,0.0
74,21861,14954,21,0.5238095238095238
74,21861,14955,15,0.6
74,21861,14958,17,0.08823529411764708
74,21861,14960,20,0.65
74,21861,14965,16,0.03125
74,21861,14973,19,0.0
74,21861,14981,19,0.4736842105263158
74,21861,14988,13,0.0
74,21861,14991,17,0.0
74,21861,14992,19,0.21052631578947367
74,21861,14994,25,0.07999999999999996
74,21861,15003,14,0.0357142857142857
74,21861,15025,20,0.7
74,21861,15046,19,0.0
74,21861,15055,10,0.09999999999999998
74,21861,15061,12,0.5833333333333333
74,21861,15064,12,0.5
74,21861,15078,13,0.2692307692307693
74,21861,15086,15,0.06666666666666665
74,21861,15087,20,0.07499999999999996
74,21861,15089,18,0.16666666666666663
74,21861,15114,23,0.5434782608695652
74,21861,15122,11,0.09090909090909094
74,21861,15130,20,0.09999999999999998
74,21861,15131,17,0.0
74,21861,15189,15,0.0
74,21861,15192,15,0.0
74,21861,15208,16,0.125
74,21861,15212,14,0.5714285714285714
74,21861,15236,16,0.65625
74,21861,15243,17,0.0
74,21861,15258,21,0.2857142857142857
74,21861,15260,16,0.0
74,21861,15284,13,0.2692307692307693
74,21861,15311,12,0.0
74,21861,15314,11,0.9090909090909091
74,21861,15349,11,0.0
74,21861,15370,21,0.09523809523809523
74,21861,15400,10,0.09999999999999998
74,21861,15434,13,0.0
74,21861,15505,28,0.4107142857142857
74,21861,15542,20,0.0
74,21861,15574,18,0.8333333333333334
74,21861,15599,14,0.0714285714285714
74,21861,15603,13,0.23076923076923073
74,21861,15703,20,0.0
74,21861,15709,10,0.75
74,21861,15753,18,0.6111111111111112
74,21861,15773,14,0.0
74,21861,15803,11,0.0
74,21861,15819,14,0.0
74,21861,15887,15,0.6333333333333333
74,21861,15936,14,0.6071428571428572
74,21861,15952,14,0.5
74,21861,15953,16,0.0
74,21861,15995,13,1.0
74,21861,16002,22,0.36363636363636365
74,21861,16033,19,0.5263157894736843
74,21861,16042,21,0.0
74,21861,16067,23,0.17391304347826086
74,21861,16070,16,0.0625
74,21861,16085,15,0.4666666666666667
74,21861,16108,25,0.0
74,21861,16128,21,0.04761904761904767
74,21861,16171,13,0.0
74,21861,16180,17,0.11764705882352944
74,21861,16257,15,0.0
74,21861,16265,17,0.0
74,21861,16267,17,0.0
74,21861,16284,22,0.09090909090909094
74,21861,16309,20,0.65
74,21861,16345,16,0.375
74,21861,16396,10,0.44999999999999996
74,21861,16402,16,0.0625
74,21861,16423,10,0.7
74,21861,16435,19,0.052631578947368474
74,21861,16469,23,0.0
74,21861,16471,13,0.46153846153846156
74,21861,16486,18,0.16666666666666663
74,21861,16497,13,0.07692307692307687
74,21861,16511,16,0.65625
74,21861,16514,16,0.40625
74,21861,16540,17,0.47058823529411764
74,21861,16567,12,0.5833333333333333
74,21861,16569,19,0.736842105263158
74,21861,16648,17,0.0
74,21861,16656,16,0.625
74,21861,16695,24,0.08333333333333337
74,21861,16744,17,0.17647058823529416
74,21861,16766,16,0.59375
74,21861,16806,17,1.0
74,21861,16928,13,0.5
74,21861,16998,15,0.4666666666666667
74,21861,17004,22,0.2954545454545454
74,21861,17153,15,0.0
74,21861,17236,12,0.7083333333333333
74,21861,17387,21,0.9047619047619048
74,21861,17472,19,0.0
74,21861,17531,13,0.0
74,21861,18038,11,0.0
74,21861,18174,23,0.0
74,21861,18308,16,0.125
74,21861,18341,11,0.0
74,21861,18366,12,0.0
74,21861,18599,19,0.0
74,21861,18660,14,0.0
74,21861,18693,28,0.0
74,21861,18697,12,0.0
74,21861,18709,19,0.10526315789473684
74,21861,18851,17,0.0
74,21861,18879,20,0.0
74,21861,18886,20,0.0
74,21861,18893,15,0.06666666666666665
74,21861,18900,20,0.050000000000000044
74,21861,19068,11,0.0
74,21861,19214,16,0.0625
74,21861,19478,14,0.1428571428571429
74,21861,19952,15,0.4666666666666667
74,21861,20173,15,0.0
74,21861,20338,10,0.0
74,21861,20850,15,0.06666666666666665
74,21861,21002,15,0.1333333333333333
74,21861,21252,24,0.125
74,21861,21289,12,0.0
74,21861,21336,11,0.0
74,21861,21360,14,0.0
74,21861,21378,18,0.0
74,21861,21407,14,0.0
74,21861,21462,15,0.0
74,21861,21463,11,0.0
74,21861,21464,26,0.0
74,21861,21494,10,0.0
74,21861,21513,15,0.0
74,21861,21518,19,0.0
74,21861,21532,18,0.0
74,21861,21542,18,0.0
74,21861,21549,15,0.0
74,21861,21551,14,0.0714285714285714
74,21861,21580,19,0.2894736842105263
74,21861,21581,16,0.34375
74,21861,21596,21,0.0
74,21861,21605,19,0.0
74,21861,21609,20,0.0
74,21861,21617,19,0.0
74,21861,21620,18,0.0
74,21861,21623,17,0.17647058823529416
74,21861,21630,15,0.06666666666666665
74,21861,21807,21,0.19047619047619047
74,21861,21885,14,0.4642857142857143
74,21861,21904,19,0.631578947368421
74,21861,22168,12,0.4166666666666667
74,21861,22221,12,0.5833333333333334
74,21861,22380,11,0.09090909090909091
74,21861,22392,12,0.0
74,21861,25322,16,0.0
74,21861,25529,11,0.0
74,21861,25745,14,0.0
85,11807,11552,11,0.9545454545454546
85,11807,11682,14,0.0
85,11807,11715,10,1.0
85,11807,11747,15,1.0
85,11807,11749,10,0.5
85,11807,11750,13,1.0
85,11807,11751,11,0.5454545454545454
85,11807,11769,14,0.9285714285714286
85,11807,11791,13,0.5384615384615384
85,11807,11805,15,1.0
85,11807,11910,12,0.041666666666666664
85,11807,11911,10,0.5
85,12237,11552,89,0.1966292134831461
85,12237,11682,79,0.20253164556962022
85,12237,11749,79,0.15189873417721522
85,12237,11791,59,0.5084745762711864
85,12237,11895,84,0.17261904761904767
85,12237,11909,65,0.13076923076923075
85,12237,11914,79,0.16455696202531644
85,12237,12300,24,0.4583333333333333
85,12237,15949,62,0.0
85,12237,24243,39,0.0
85,12237,29880,25,0.0
85,12237,31633,14,0.0
88,12466,12113,17,0.6470588235294117
88,12466,12257,19,0.7105263157894737
88,12466,12352,14,0.7142857142857143
88,12466,12357,11,0.8181818181818181
88,12466,12388,10,1.0
88,12466,12403,15,0.7333333333333334
88,12466,12463,17,0.7058823529411764
88,12466,12470,12,0.9583333333333334
88,12466,12481,10,0.9
88,12466,12486,11,1.0
88,12466,12527,10,1.0
88,12466,12552,11,1.0
88,12466,12624,10,0.75
88,13488,12257,50,0.94
88,13488,12352,45,0.9555555555555556
88,13488,12403,46,0.9891304347826086
88,13488,12463,38,0.9342105263157895
88,13488,12470,43,0.9186046511627907
88,13488,12481,49,0.8571428571428572
88,13488,12624,39,0.9230769230769231
88,13488,12649,38,1.0
88,13488,12666,37,0.8648648648648649
88,13488,12834,36,0.8611111111111112
88,13488,12843,35,0.8857142857142857
88,13488,12971,33,0.8787878787878788
88,13488,13035,33,0.9242424242424242
88,13488,13213,50,0.87
88,13488,13291,11,0.045454545454545414
88,13488,13319,44,0.6590909090909092
88,13488,13354,41,0.9878048780487805
88,13488,13373,29,0.27586206896551724
88,13488,13385,38,0.6842105263157895
88,13488,13403,10,0.75
88,13488,13415,48,0.44791666666666663
88,13488,13446,50,0.76
88,13488,13480,36,0.4444444444444444
88,13488,13485,22,0.18181818181818177
88,13488,13492,31,0.4838709677419355
88,13488,13495,19,1.0
88,13488,13496,50,0.31
88,13488,13498,58,0.8793103448275862
88,13488,13501,45,1.0
88,13488,13502,37,0.9864864864864865
88,13488,13503,41,1.0
88,13488,13727,33,0.9848484848484849
88,13488,13731,36,0.8194444444444444
88,13488,13887,39,0.7948717948717948
88,13488,14284,31,0.27419354838709675
88,13488,14298,10,0.0
88,13488,14393,13,0.0
88,13488,14404,12,0.0
88,13488,23272,18,0.9444444444444444
88,13488,23395,33,0.9545454545454546
88,13488,23813,19,0.9736842105263158
88,13488,25374,28,0.017857142857142856
88,13488,25384,16,0.0
88,13488,25569,21,0.8571428571428571
88,13488,25579,19,0.9473684210526315
88,13488,25675,20,0.4
88,13488,25677,19,0.02631578947368421
88,13488,25686,18,0.05555555555555555
88,13488,25687,20,0.0
88,13488,29870,17,1.0
