pool,target,opponent,games,win_rate,task_ids,old_pool_member
old_pool,11381,931,10,1.0,5399540;5448034;5574247;5768625;5772612;5896155;5899895;5922790;5946381;6388707,True
old_pool,11381,948,10,1.0,5485318;5582386;5583240;5590866;5739090;5803286;5813221;5855290;6004869;6521376,True
old_pool,11381,985,10,1.0,5354830;5366569;5432756;5440448;5477916;5482863;5582358;5730988;5739263;6518753,True
old_pool,11381,1016,10,1.0,5448324;5574052;5738158;5885057;5889252;5924221;5953494;6229891;6259812;6317549,True
old_pool,11381,1116,10,1.0,5356207;5367456;5448009;5482721;5500338;5678951;5800708;5834464;5841439;5888934,True
old_pool,11381,1160,10,1.0,5422942;5428608;5562178;5613569;5696927;5733239;5762273;5813582;5910840;6145097,True
old_pool,11381,1163,10,1.0,5447977;5484237;5491909;5553057;5583769;5688532;5704637;5726929;5779769;5789939,True
old_pool,11381,1226,10,1.0,5420578;5421884;5455619;5458358;5599244;5647418;5665210;5665419;5726406;5785942,True
old_pool,11381,1333,10,1.0,5389732;5501711;5577599;5598844;5625405;5626956;5706146;6091972;6151905;6258807,True
old_pool,11381,1364,10,1.0,5325616;5334171;5377778;5435454;5474854;5696217;5806483;6047527;6097522;6235544,True
old_pool,11381,1401,10,1.0,5344823;5380303;5417650;5474570;5556740;5619014;5771160;5781270;5791681;5949171,True
old_pool,11381,1413,10,1.0,5488593;5495638;5569604;5593027;5673312;5715803;5738244;5818097;5874551;5903843,True
old_pool,11381,1470,10,1.0,5708185;5754009;5814169;5951826;6025291;6028991;6315612;6330343;6416806;6584349,True
old_pool,11381,1474,10,1.0,5373564;5417168;5434203;5434434;5473678;5486748;5694982;5743934;5821399;5821477,True
old_pool,11381,1511,10,1.0,5408135;5488662;5653042;5685996;5698429;5817792;5825341;5832795;5902050;5928025,True
old_pool,11381,1555,10,1.0,5556167;5573736;5607426;5678854;6010997;6253756;6303878;6322658;6563494;6563954,True
old_pool,11381,1743,10,1.0,5331838;5359932;5376325;5408366;5448668;5616044;5738221;5758711;5776760;5872169,True
old_pool,11381,1757,10,0.7,5404280;5433374;5487112;5490421;5548835;5581871;5616284;5715172;5794821;5821906,True
old_pool,11381,1780,10,0.5,5325777;5364065;5409643;5444585;5479219;5504483;5616593;5651166;5765865;5857062,True
old_pool,11381,2222,10,0.95,5325624;5505317;5548007;5555363;5721229;5731084;5787656;5881196;5894863;6003947,True
old_pool,11391,931,10,1.0,5326077;5413832;5471084;5498604;5562173;5609485;5682776;5772583;5852587;5874332,True
old_pool,11391,948,10,1.0,5326083;5486688;5573584;5596977;5646152;5845084;5977347;6210250;6483021;6536894,True
old_pool,11391,985,10,1.0,5370650;5400548;5409648;5414224;5423962;5505420;5589968;5646771;5724484;5802565,True
old_pool,11391,1016,10,1.0,5352030;5355001;5385599;5499445;5587177;5633390;5732086;6051880;6345995;6402948,True
old_pool,11391,1116,10,1.0,5347696;5375840;5387891;5463629;5468731;5551658;5800809;5863249;5864282;5909597,True
old_pool,11391,1160,10,1.0,5326060;5671073;5699724;5700981;5716885;5768119;5769156;5798637;5883382;6195100,True
old_pool,11391,1163,10,1.0,5329894;5424610;5433229;5435989;5491500;5495216;5508569;5569563;5607142;5728777,True
old_pool,11391,1226,10,1.0,5329879;5353702;5429697;5757713;5808226;5869504;5945779;6007476;6297040;6365924,True
old_pool,11391,1333,10,1.0,5359112;5548728;5609020;5635944;5738739;5766077;5817897;5830053;5898691;5942959,True
old_pool,11391,1364,10,1.0,5486724;5577522;5583407;5662896;5717512;5720769;5736999;5738208;5809529;5833053,True
old_pool,11391,1401,10,1.0,5392281;5402324;5493101;5499660;5504518;5616192;5628363;5690067;5702614;5725741,True
old_pool,11391,1413,10,1.0,5326079;5332714;5424094;5502148;5542679;5569427;5606976;5611584;5711656;5723673,True
old_pool,11391,1470,10,1.0,5331979;5409341;5445601;5490215;5496547;5617167;5649378;5682097;5758931;5760834,True
old_pool,11391,1474,10,1.0,5488998;5552129;5553941;5643351;5679022;5680924;5700485;5789789;5812430;5836578,True
old_pool,11391,1511,10,1.0,5326086;5372347;5415909;5499973;5573389;5598743;5672223;5849619;5853585;5909182,True
old_pool,11391,1555,10,1.0,5375154;5389508;5414775;5415914;5469900;5479701;5491587;5507068;5659057;5952031,True
old_pool,11391,1743,10,1.0,5326072;5444953;5545330;5578039;5591266;5702458;5743786;5858705;5881629;5908575,True
old_pool,11391,1757,10,0.8,5412787;5446630;5452296;5459758;5507195;5600660;5616536;5796915;5936227;6089037,True
old_pool,11391,1780,10,0.95,5367340;5412862;5431929;5595268;5608003;5660558;5672553;5674813;5682531;5736041,True
old_pool,11391,2222,10,0.9,5442432;5491610;5596298;5627566;5630215;5711368;5789594;5845952;5867380;6338819,True
old_pool,11398,931,10,1.0,5424813;5459409;5560938;5576893;5594251;5599756;5649864;5785058;5868676;6262400,True
old_pool,11398,948,10,1.0,5416580;5635468;5731294;5731656;5809178;5890921;6234074;6328264;6387203;6472648,True
old_pool,11398,985,10,1.0,5413613;5417666;5419554;5449402;5455119;5594152;5637878;5750153;5752063;5778271,True
old_pool,11398,1016,10,1.0,5395809;5442350;5483062;5601510;5689418;5795103;5847135;5865923;6296666;6297900,True
old_pool,11398,1116,10,1.0,5345401;5509677;5608162;5711688;5759146;5778696;5918547;5939560;6053116;6069718,True
old_pool,11398,1160,10,1.0,5434796;5603612;5741569;5784518;5792492;5924004;6486458;6543017;6604695;6844469,True
old_pool,11398,1163,10,1.0,5326356;5328326;5555155;5573708;5576788;5759063;5778013;6155701;6396480;6443105,True
old_pool,11398,1226,10,1.0,5342935;5397158;5502762;5552392;5680267;5761893;5898287;6075252;6115010;6414994,True
old_pool,11398,1333,10,1.0,5326352;5343078;5371142;5425262;5577813;5709317;5712050;5726538;6059132;6160555,True
old_pool,11398,1364,10,1.0,5327221;5369901;5409902;5462535;5756540;5762098;5798978;5817087;5922761;6662935,True
old_pool,11398,1401,10,1.0,5346767;5374385;5404284;5497693;5587475;5656720;5698128;5717898;5978205;5991100,True
old_pool,11398,1413,10,1.0,5343668;5397346;5398776;5553382;5591429;5631947;5654503;5754493;5820619;5848968,True
old_pool,11398,1470,10,1.0,5406910;5471130;5579425;5774382;5889876;6127827;6164044;6227210;6269724;6372119,True
old_pool,11398,1474,10,1.0,5370192;5430741;5510643;5551295;5604463;5758983;5836542;5906380;5960340;6113965,True
old_pool,11398,1511,10,1.0,5486749;5495413;5579285;5581197;5607588;5667454;5782235;6103441;6163954;6165255,True
old_pool,11398,1555,10,1.0,5326351;5371321;5453801;5472587;5508425;5560948;5601040;5616419;5869094;5875142,True
old_pool,11398,1743,10,1.0,5326332;5395679;5420101;5579381;5621289;5799583;5809237;6326324;6514568;6572883,True
old_pool,11398,1757,10,0.9,5326337;5392678;5407154;5417971;5481415;5554776;5557908;5588363;5743712;5783367,True
old_pool,11398,1780,10,0.9,5413769;5463731;5491395;5504072;5726762;5730872;5803660;5846742;6134239;6277456,True
old_pool,11398,2222,10,1.0,5326335;5326349;5334067;5354401;5446953;5473774;5629286;5682285;5725973;5759755,True
old_pool,11408,931,10,1.0,5378117;5400865;5433341;5484181;5497645;5554370;5686635;5713157;5770241;5857788,True
old_pool,11408,948,10,1.0,5357636;5398900;5431001;5448591;5462076;5490844;5557163;5627829;5639615;5701335,True
old_pool,11408,985,10,1.0,5326727;5330941;5431860;5449236;5480220;5491398;5574489;5734523;6105648;6257425,True
old_pool,11408,1016,10,1.0,5326702;5326706;5326707;5418188;5444163;5463397;5510645;5584372;5616497;5621028,True
old_pool,11408,1116,10,1.0,5386653;5461979;5483139;5579474;5612812;5726967;5739953;5837659;5892462;6110785,True
old_pool,11408,1160,10,0.95,5370138;5450325;5489700;5708554;5712868;5719924;5918886;6120098;6407059;6515736,True
old_pool,11408,1163,10,1.0,5438341;5466561;5561051;5849467;5863904;5910034;6162412;6164019;6381591;7286851,True
old_pool,11408,1226,10,0.95,5329401;5371065;5493146;5549621;5652611;5725838;5760740;5821235;5849886;5953328,True
old_pool,11408,1333,10,1.0,5398720;5411111;5633663;5691038;5815458;5922677;6465130;7257438;7425262;7517906,True
old_pool,11408,1364,10,1.0,5340680;5350045;5364200;5456271;5592555;5649066;5696983;5839578;5883860;6024353,True
old_pool,11408,1401,10,1.0,5342712;5349980;5412497;5544577;5652319;5668013;5692878;5754397;5825398;5888742,True
old_pool,11408,1413,10,0.9,5362452;5381247;5465717;5473850;5506862;5598214;5724328;5759644;5779573;5898686,True
old_pool,11408,1470,10,1.0,5326701;5331109;5414244;5589593;5691637;5717714;5823491;5883687;5985288;6084514,True
old_pool,11408,1474,10,1.0,5343783;5399195;5422677;5429463;5448317;5449187;5622597;5725894;5826575;5832986,True
old_pool,11408,1511,10,0.95,5654272;5710048;5725712;5742722;5768760;5834255;5867714;5891415;6015162;6115128,True
old_pool,11408,1555,10,1.0,5458620;5463045;5491681;5675172;5839164;5860200;5885514;6071736;6554353;6572283,True
old_pool,11408,1743,10,1.0,5326729;5351491;5384158;5444045;5494268;5617325;5658984;5764739;5805070;5816902,True
old_pool,11408,1757,10,0.75,5335383;5456491;5549044;5736146;5742101;5748635;5919702;6075343;6143703;6304420,True
old_pool,11408,1780,10,0.6,5419879;5497248;5662919;5678878;5738232;5822744;5882785;5959695;5997121;6055123,True
old_pool,11408,2222,10,0.8,5326718;5349924;5405466;5410431;5479459;5570939;5800308;5856297;6023907;6227101,True
old_pool,11430,931,10,1.0,5374015;5392183;5442220;5639068;6225925;6509217;6616441;6847558;7363618;7693156,True
old_pool,11430,948,10,1.0,5383316;5410988;5438128;5442726;5451426;5459253;5713093;5909945;6031352;6054701,True
old_pool,11430,985,10,1.0,5327705;5347043;5418518;5468513;5475579;5503242;5586277;5658202;5713278;5764849,True
old_pool,11430,1016,10,1.0,5327717;5373891;5395094;5412872;5421202;5577935;5608893;5674065;5684109;6213098,True
old_pool,11430,1116,10,1.0,5383288;5557198;5625676;5722788;5767812;5917227;5919228;5940496;6134552;6301346,True
old_pool,11430,1160,10,1.0,5443391;5452250;5472674;5626016;5674426;5733846;5811488;5843711;5908594;6044916,True
old_pool,11430,1163,10,1.0,5377765;5384482;5424350;5471530;5489627;5639736;5681845;5685500;5742622;5805715,True
old_pool,11430,1226,10,1.0,5573181;5648440;5747437;5791916;5945647;6229988;6365013;6598878;6731896;6938700,True
old_pool,11430,1333,10,1.0,5662381;5815762;5902926;6085167;6111267;6462607;6600261;6978324;7006885;7062284,True
old_pool,11430,1364,10,1.0,5338508;5344524;5366531;5560042;5570660;5624554;5728637;5759499;6426470;6619424,True
old_pool,11430,1401,10,1.0,5455967;5471938;5498430;5506912;5639321;5688470;5707517;5737427;5805631;5833314,True
old_pool,11430,1413,10,1.0,5337874;5351794;5375823;5697235;5737319;5804554;5805539;5805968;5909264;6067918,True
old_pool,11430,1470,10,1.0,5420155;5599792;5620963;5709324;5789876;5881934;6006202;6083952;6348967;6385370,True
old_pool,11430,1474,10,1.0,5327728;5401271;5486264;5577554;5677429;5679851;5732937;5772703;6114971;6239566,True
old_pool,11430,1511,10,1.0,5327730;5438539;5594132;5625123;5877009;5878936;5905516;5923610;6214207;6336425,True
old_pool,11430,1555,10,1.0,5345158;5447354;5458459;5465920;5553938;5581371;5597491;5753811;5827015;6010663,True
old_pool,11430,1743,10,1.0,5365227;5407343;5620753;5644631;5650296;5698870;5717798;5734070;5935106;6331770,True
old_pool,11430,1757,10,1.0,5327719;5350285;5385586;5418456;5455290;5590393;5667412;5737271;6014070;6039477,True
old_pool,11430,1780,10,0.8,5336138;5346251;5349870;5393641;5426281;5442828;5470230;5490644;5508597;5545493,True
old_pool,11430,2222,10,0.9,5327727;5363139;5441328;5577262;5803907;6159956;6256983;6391206;6474690;6609465,True
old_pool,11436,931,10,1.0,5382198;5444157;5499528;5547390;5571601;5573913;5614648;5667233;5714932;5734444,True
old_pool,11436,948,10,1.0,5327933;5360153;5402565;5436045;5476895;5588143;5759153;5818820;5885413;5901734,True
old_pool,11436,985,10,1.0,5339791;5340157;5410373;5450005;5571167;5632558;5910420;6370279;6461572;6766546,True
old_pool,11436,1016,10,1.0,5458680;5612950;5632161;5672246;5706313;5778219;5808979;5973504;6005397;6064990,True
old_pool,11436,1116,10,1.0,5340350;5413909;5445404;5501454;5669324;5673744;5783291;5807674;5811037;5869426,True
old_pool,11436,1160,10,0.95,5327921;5462493;5462781;5551021;5619549;5645762;5647711;5652282;5687634;5750204,True
old_pool,11436,1163,10,0.9,5328086;5502710;5579227;5630545;5634952;5639101;5639542;6117190;6157076;6297029,True
old_pool,11436,1226,10,1.0,5364648;5604958;5649610;5721811;5780632;5813068;5850293;6041134;6042203;6334664,True
old_pool,11436,1333,10,1.0,5428680;5443909;5457563;5498513;5598386;5688758;5837783;5850125;6281626;6316005,True
old_pool,11436,1364,10,0.9,5342461;5367014;5668934;5669084;5691647;5705120;5793041;5880434;6047260;6129322,True
old_pool,11436,1401,10,1.0,5327918;5339957;5352142;5359805;5363357;5412658;5456330;5497559;5581630;5592082,True
old_pool,11436,1413,10,1.0,5334907;5362568;5382554;5607478;5633657;5637886;5645546;5697150;5775130;5796712,True
old_pool,11436,1470,10,1.0,5327911;5366410;5582797;5716276;5767051;5768728;5892032;6054298;6143303;6331527,True
old_pool,11436,1474,10,1.0,5367738;5472176;5637417;5705996;5706637;5742187;5778429;5782165;5807431;5836420,True
old_pool,11436,1511,10,1.0,5344939;5362179;5379982;5397475;5447957;5576952;5607077;5725795;5778306;5809941,True
old_pool,11436,1555,10,1.0,5419491;5489411;5569371;5614597;5636769;5642863;5669351;5752701;5821321;5956015,True
old_pool,11436,1743,10,1.0,5405140;5438631;5484465;5550943;5634451;5767529;5814550;5960086;6073981;6143056,True
old_pool,11436,1757,10,0.5,5398286;5413790;5423668;5449204;5735021;5801345;5821221;5856874;5884455;5951483,True
old_pool,11436,1780,10,0.7,5327932;5365943;5485839;5553890;5627790;5665034;5713246;5747835;5877681;5880599,True
old_pool,11436,2222,10,0.7,5327924;5349288;5372127;5458063;5489819;5646452;5682275;5749634;5767084;5889847,True
old_pool,11438,931,10,1.0,5383083;5460952;5558661;5712348;5724002;6376972;6511689;6799046;6850930;6941167,True
old_pool,11438,948,10,1.0,5691758;5775075;5784557;5877143;5884025;5933983;6031806;6116138;6814012;6835893,True
old_pool,11438,985,10,1.0,5396667;5417680;5597783;5786221;5796707;5798265;5943688;6004294;6481170;6791446,True
old_pool,11438,1016,10,1.0,5412713;5433920;5459688;5481343;5625262;5640352;5651703;5673929;5684990;5695781,True
old_pool,11438,1116,10,0.95,5412817;5448797;5506206;5611617;5633134;5787647;5800991;5860104;6029009;6226844,True
old_pool,11438,1160,10,0.9,5368808;5483433;5555480;5574691;5593908;5597836;5602903;5679106;5760522;5934984,True
old_pool,11438,1163,10,0.8,5343427;5443228;5448811;5503467;5541293;5544744;5608559;5699749;5883198;5908601,True
old_pool,11438,1226,10,1.0,5327993;5359898;5400531;5455484;5486341;5509216;5560152;5593667;5636799;5643660,True
old_pool,11438,1333,10,1.0,5469736;5681399;5732099;5889342;5891500;5920415;5953597;6141658;6319819;6353744,True
old_pool,11438,1364,10,1.0,5359784;5360736;5362103;5400059;5587909;5597632;5718369;5759704;5817588;6125319,True
old_pool,11438,1401,10,0.8,5327981;5327984;5422282;5496152;5548193;5619779;5626031;5644020;5668697;5728710,True
old_pool,11438,1413,10,1.0,5462045;5486526;5560044;5670354;5729166;5801344;5860510;6141299;6209845;6293740,True
old_pool,11438,1470,10,1.0,5376152;5477432;5752494;5896433;6251988;6386395;6478477;6520847;6837814;6939409,True
old_pool,11438,1474,10,1.0,5328313;5355805;5467045;5713425;5741098;5849556;6251328;6298679;6306677;6360150,True
old_pool,11438,1511,10,1.0,5344993;5405167;5429015;5595236;5629579;5667449;5724069;5878334;6264220;6309410,True
old_pool,11438,1555,10,0.9,5588164;5616260;5680855;5937067;6009311;6138341;6172234;6256619;6312565;6575101,True
old_pool,11438,1743,10,1.0,5379028;5612709;5660678;5743555;5873548;5937034;5938054;6008307;6096111;6197199,True
old_pool,11438,1757,10,0.5,5327998;5431779;5487717;5573885;5612979;5613714;5649713;6656891;6703244;6841674,True
old_pool,11438,1780,10,0.4,5346398;5506670;5584947;5607375;5609583;5623255;5905817;5942556;6166610;6214754,True
old_pool,11438,2222,10,0.6,5349601;5423928;5551524;5619317;5631434;5718637;5933821;5942344;6023262;6193185,True
old_pool,11439,931,10,1.0,5426902;5429748;5483506;5486048;5680381;5716111;5718183;5739561;5785651;5803917,True
old_pool,11439,948,10,1.0,5353883;5397249;5410573;5493294;5501085;5542542;5668418;5746316;5903152;5920244,True
old_pool,11439,985,10,1.0,5415160;5488118;5506250;5552932;5620318;5622685;5693661;5695407;5780840;5787891,True
old_pool,11439,1016,10,1.0,5339204;5444287;5459226;5470638;5656602;5773675;5822122;5940599;6004648;6096162,True
old_pool,11439,1116,10,1.0,5342832;5346750;5347059;5408072;5457551;5606263;5608970;5697891;5820082;5899811,True
old_pool,11439,1160,10,1.0,5342134;5425802;5466140;5496359;5553739;5580310;5773133;5854746;5875973;6030740,True
old_pool,11439,1163,10,1.0,5344280;5345320;5381802;5395206;5420297;5429726;5438701;5470565;5585157;5650708,True
old_pool,11439,1226,10,1.0,5370981;5376350;5414356;5433474;5625578;5740521;5806206;5829796;5903373;6015096,True
old_pool,11439,1333,10,1.0,5591603;5635459;5652570;5669732;5730831;5753144;5770947;6085251;6134347;6298388,True
old_pool,11439,1364,10,1.0,5387267;5507621;5652649;5714115;5782399;5905462;5905717;5941897;6157394;6252317,True
old_pool,11439,1401,10,1.0,5348983;5489745;5502328;5614308;5757095;5801168;5804164;6028910;6055335;6097718,True
old_pool,11439,1413,10,1.0,5405245;5438619;5454485;5508885;5603757;5608857;5665896;5717190;5835705;5854499,True
old_pool,11439,1470,10,1.0,5328015;5383595;5497029;5698101;5698566;5703624;5738071;5794418;5812864;5923677,True
old_pool,11439,1474,10,1.0,5342989;5374344;5410951;5421590;5445035;5474351;5510669;5575080;5593729;5597332,True
old_pool,11439,1511,10,1.0,5359481;5595382;5628953;5740814;5770898;5797880;5808618;5835467;5871595;5928044,True
old_pool,11439,1555,10,1.0,5348655;5427907;5463884;5548003;5570922;5584142;5593184;5599222;5667566;5684629,True
old_pool,11439,1743,10,1.0,5331747;5480849;5611452;5617402;5647257;5745857;5893313;6261784;6628044;6938754,True
old_pool,11439,1757,10,1.0,5372763;5393941;5456830;5479923;5557448;5617716;5703243;5771081;5875303;5881225,True
old_pool,11439,1780,10,1.0,5383742;5417430;5456149;5632612;5714703;5754508;5814572;5824657;5898074;6035445,True
old_pool,11439,2222,10,1.0,5378160;5438468;5500328;5630291;5655276;5772741;5856944;5919142;6459408;6462811,True
old_pool,11444,931,10,0.9,5366810;5460966;5602650;5661878;5717223;5829732;5917171;6064353;6326022;6374283,True
old_pool,11444,948,10,1.0,5366599;5419859;5621201;5690939;5699410;5945110;6040344;6136517;6160884;6352928,True
old_pool,11444,985,10,0.95,5400737;5568490;6126315;6281814;6285268;6498424;6507991;6606550;6630438;6633576,True
old_pool,11444,1016,10,1.0,5403287;5510470;5625581;5831367;5831584;6279502;6320864;6519784;6526219;6800529,True
old_pool,11444,1116,10,1.0,5418014;5499125;5506308;5754765;5831349;6166196;6212385;6372923;6876549;7023217,True
old_pool,11444,1160,10,1.0,5328873;5374735;5424729;5767139;5908223;6182028;6610650;6784006;6839956;7142233,True
old_pool,11444,1163,10,0.9,5358331;5428545;5502611;5637914;5656156;5684269;5725986;5767005;5816159;5847046,True
old_pool,11444,1226,10,1.0,5432093;5553732;5640677;5799177;5899724;6070332;6158327;6207482;6300615;7265791,True
old_pool,11444,1333,10,0.95,5544236;5656749;5796220;5823335;6007348;6245231;6252854;6307415;6570756;6660197,True
old_pool,11444,1364,10,0.9,5661268;5693200;5698590;5717349;5750649;5860617;5884170;5945307;6160580;6169662,True
old_pool,11444,1401,10,1.0,5398141;5557298;5591516;5617370;5631450;5637341;5737825;6109865;6503677;6511708,True
old_pool,11444,1413,10,0.95,5468239;5488190;5835341;5847854;5870212;5873506;5905480;5908119;5908178;5977384,True
old_pool,11444,1470,10,1.0,5348002;5453231;5841660;5883887;6028931;6634976;6739575;6867818;7185293;7664625,True
old_pool,11444,1474,10,1.0,5352495;5695955;5868160;6003876;6030226;6035542;6206880;6249394;6259453;6794123,True
old_pool,11444,1511,10,0.85,5328185;5351772;5447030;5466783;5479854;5481478;5508157;5576643;5595948;5623584,True
old_pool,11444,1555,10,0.95,5480759;5550787;5609361;5731139;6057959;6216788;6666901;6893093;7060087;7074929,True
old_pool,11444,1743,10,1.0,5389943;5417530;5476371;5485748;5486989;5547474;5623206;5630913;5861790;6115013,True
old_pool,11444,1757,10,0.35,5343451;5457279;5457691;5577929;5593533;5673004;5770108;5862798;5882596;6285735,True
old_pool,11444,1780,10,0.2,5373507;5418195;5583201;5955523;6026563;6230246;6368735;6415991;6455227;7270656,True
old_pool,11444,2222,10,0.4,5377763;5387802;5833694;5842743;6175476;6488653;6639127;6645051;6660797;6731080,True
old_pool,11446,931,10,1.0,5343514;5399559;5416981;5553512;5737394;5757515;5786969;5907749;6071002;6287499,True
old_pool,11446,948,10,1.0,5328274;5349068;5370111;5398879;5451015;5497659;5542550;5553220;5878268;6027518,True
old_pool,11446,985,10,1.0,5379390;5754200;5826091;5971705;6026310;6155908;6179871;6388020;6613816;6890104,True
old_pool,11446,1016,10,1.0,5328273;5400569;5404372;5425485;5510580;5580307;5619184;5652776;5760461;5807530,True
old_pool,11446,1116,10,1.0,5332551;5367558;5404605;5430346;5449514;5461471;5553313;5708837;5833675;5883776,True
old_pool,11446,1160,10,1.0,5331885;5619213;5804337;5874501;5929102;5953198;6112523;6303447;6388964;6544872,True
old_pool,11446,1163,10,0.9,5405843;5413666;5479447;5570091;5608775;5625350;5688178;5750412;5854147;6029643,True
old_pool,11446,1226,10,1.0,5423400;5423519;5496080;5550480;5671569;5683269;5761251;5793436;5836071;5856456,True
old_pool,11446,1333,10,0.95,5394166;5403266;5419462;5507585;5552838;5613507;5620892;5699734;5728692;5841162,True
old_pool,11446,1364,10,1.0,5328265;5500636;5561572;5635876;5640212;5665231;5795727;5816494;5860228;6114124,True
old_pool,11446,1401,10,1.0,5328258;5351973;5424797;5445032;5452765;5590803;5592813;5631577;5649572;5662209,True
old_pool,11446,1413,10,0.9,5468413;5547436;5586884;5615211;5642350;5645037;5735722;5793152;5806385;5813452,True
old_pool,11446,1470,10,1.0,5356768;5404341;5428425;5595353;5620913;5877043;5941433;6080136;6126314;6158586,True
old_pool,11446,1474,10,1.0,5425920;5454942;5484375;5629418;5744424;5868045;5915823;6002716;6048050;6187907,True
old_pool,11446,1511,10,1.0,5339686;5390577;5418428;5448214;5634115;5690728;5735923;5767324;5866456;5866883,True
old_pool,11446,1555,10,1.0,5343234;5385199;5399571;5544813;5569364;5584349;5601660;5726601;5739856;5818542,True
old_pool,11446,1743,10,1.0,5335970;5366782;5402941;5411738;5413805;5415217;5423050;5461625;5558968;5584767,True
old_pool,11446,1757,10,0.6,5412109;5594734;5775494;5817390;5907788;5916543;6210715;6278228;6322036;6451656,True
old_pool,11446,1780,10,0.4,5339397;5349902;5363130;5403251;5671360;5740323;5837175;5840059;5909537;6073515,True
old_pool,11446,2222,10,0.9,5379134;5465146;5574737;5608240;5631738;5652103;5665727;5719653;5768887;5832050,True
old_pool,11448,931,10,1.0,5351755;5496805;5622719;5738806;5806797;5822028;5868180;5929641;5951221;5953364,True
old_pool,11448,948,10,1.0,5361903;5368828;5378191;5405411;5439024;5465967;5670472;5681667;5786943;5808825,True
old_pool,11448,985,10,1.0,5389338;5400251;5439394;5506095;5611259;5686832;5748167;5766676;5775264;5851723,True
old_pool,11448,1016,10,1.0,5328364;5360859;5413704;5465856;5559218;5599056;5622263;5639617;5654579;5678191,True
old_pool,11448,1116,10,1.0,5332422;5356330;5359663;5607266;5624892;5672132;5685336;5814713;5909860;6124507,True
old_pool,11448,1160,10,1.0,5373154;5375759;5380096;5387149;5427505;5669077;5801357;5893874;6286408;6409675,True
old_pool,11448,1163,10,1.0,5328358;5363666;5734914;5765693;5797052;5812586;5895664;5946217;6087145;6166921,True
old_pool,11448,1226,10,1.0,5338874;5391170;5402073;5424535;5463177;5505224;5552471;5586558;5620618;5687763,True
old_pool,11448,1333,10,1.0,5596176;5607523;5744632;5838636;5844859;5929039;5983370;6104875;6134885;6168452,True
old_pool,11448,1364,10,1.0,5351449;5481808;5489655;5546754;5598364;5610805;5615469;5627156;5675032;5730392,True
old_pool,11448,1401,10,1.0,5398903;5404243;5463587;5612074;5769653;5873308;5934521;5985344;5993625;6289475,True
old_pool,11448,1413,10,1.0,5374713;5447831;5499033;5551368;5588500;5588617;5628182;5694536;5801687;6019307,True
old_pool,11448,1470,10,1.0,5330791;5423292;5449773;5738458;5820161;6019876;6170661;6171831;6248970;6490622,True
old_pool,11448,1474,10,1.0,5340201;5387598;5387678;5402180;5404880;5488736;5573600;5589961;6022655;6122833,True
old_pool,11448,1511,10,1.0,5334986;5400629;5503947;5547195;5843292;5856512;6075901;6181524;6192219;6470346,True
old_pool,11448,1555,10,1.0,5387525;5416849;5465378;5498379;5509668;5546513;5608174;5631594;5634909;5694969,True
old_pool,11448,1743,10,1.0,5498593;5556608;5691726;5703536;5751914;5775952;5901438;6031017;6129509;6167360,True
old_pool,11448,1757,10,0.4,5344561;5377061;5428051;5466569;5469159;5684675;5817696;5851733;5898503;5904618,True
old_pool,11448,1780,10,0.6,5395590;5432357;5597699;5673598;5690732;5693915;5820613;5828862;5883596;5943173,True
old_pool,11448,2222,10,0.75,5328374;5350340;5423096;5424705;5426804;5487591;5568688;5653740;5732731;5883765,True
old_pool,11449,931,10,1.0,5468687;5503536;5598025;5619398;5668923;5820936;5826053;6003012;6147194;6551405,True
old_pool,11449,948,10,1.0,5328486;5401875;5402383;5669709;5826566;5835337;5936240;6031918;6079514;6140301,True
old_pool,11449,985,10,0.9,5340827;5341945;5356977;5408221;5417712;5555738;5598664;5634032;5820467;5836053,True
old_pool,11449,1016,10,1.0,5338339;5453213;5455453;5573751;5680969;5748068;5764655;5770548;5900149;6214628,True
old_pool,11449,1116,10,1.0,5346198;5463054;5571074;5644578;5724939;5749953;5878667;6487987;6489327;6634826,True
old_pool,11449,1160,10,1.0,5333626;5424639;5697492;5736278;5813224;5859123;5863689;5883391;6096064;6109849,True
old_pool,11449,1163,10,0.9,5340784;5395387;5485952;5583251;5605511;5670051;5702171;5726165;5729067;5773081,True
old_pool,11449,1226,10,0.95,5328481;5339462;5346130;5352656;5383648;5409116;5464379;5481621;5493883;5601010,True
old_pool,11449,1333,10,1.0,5358224;5468349;5699203;5731293;5810964;5849226;6011649;6024768;6311779;6443037,True
old_pool,11449,1364,10,1.0,5357282;5469005;5548344;5623485;5713205;5718305;5807026;5823624;5928338;6000748,True
old_pool,11449,1401,10,0.95,5372899;5430855;5437890;5439046;5479264;5510893;5586343;5616301;5666341;5697761,True
old_pool,11449,1413,10,0.95,5394737;5491462;5504616;5823867;6041585;6092272;6149518;6157850;6221865;6239762,True
old_pool,11449,1470,10,0.9,5347533;5348723;5379780;5860319;5904521;6159148;6160209;6296145;6401915;6563011,True
old_pool,11449,1474,10,1.0,5343345;5364826;5396982;5412261;5458645;5479937;5606525;5797087;5928212;6250723,True
old_pool,11449,1511,10,0.9,5382353;5447662;5453745;5456113;5465236;5543993;5569955;5649259;5747086;5747792,True
old_pool,11449,1555,10,0.9,5344015;5422932;5589179;5636171;5705964;5717882;5736970;5737434;5980390;6061316,True
old_pool,11449,1743,10,1.0,5416837;5452463;5498004;5593405;5634723;5668696;5793859;5866065;5929317;6126555,True
old_pool,11449,1757,10,0.5,5548700;5619800;5727713;5737715;5840347;5870431;5898567;5902973;6007227;6300212,True
old_pool,11449,1780,10,0.45,5328468;5338328;5364151;5419776;5424365;5461476;5663189;5846091;6134801;6141962,True
old_pool,11449,2222,10,0.9,5405699;5476853;5507454;5594989;5669646;5757206;5799868;5875146;6029194;6114175,True
old_pool,11451,931,10,1.0,5348446;5354881;5403354;5508146;5817168;5860897;5885532;5942821;6024305;6290789,True
old_pool,11451,948,10,1.0,5395956;5424548;5431706;5439418;5458828;5552155;5553340;5574810;5645338;5651132,True
old_pool,11451,985,10,1.0,5462350;5603439;5684679;5762167;5868343;5925461;6171915;6277698;6406598;6436199,True
old_pool,11451,1016,10,1.0,5371235;5443732;5451409;5884198;6045423;6077811;6286111;6357966;6384540;6669068,True
old_pool,11451,1116,10,1.0,5340451;5354525;5397325;5406319;5411991;5783646;5825139;6374904;6383869;6538647,True
old_pool,11451,1160,10,1.0,5400536;5478831;5480825;5485311;5549280;5747337;5811105;6300805;6463392;6655046,True
old_pool,11451,1163,10,1.0,5328548;5451794;5488853;5573445;5812854;5816638;5893096;6022006;6038338;6126181,True
old_pool,11451,1226,10,1.0,5355839;5420097;5444359;5451651;5576762;5604622;5615951;5619344;5638289;5700515,True
old_pool,11451,1333,10,1.0,5328549;5412779;5453509;5455253;5591445;5697907;5756143;5819069;5838615;5874258,True
old_pool,11451,1364,10,1.0,5400852;5406993;5480243;5604147;5617324;5645790;5723557;5750449;5779122;5819162,True
old_pool,11451,1401,10,1.0,5365464;5432385;5442591;5449711;5493180;5541759;5598192;5662363;5670571;5687498,True
old_pool,11451,1413,10,1.0,5356849;5571756;5604446;5620273;5640876;5690162;5780367;5790614;5843368;5867772,True
old_pool,11451,1470,10,1.0,5436799;5485208;5612748;5648840;5656230;5707199;5764127;5771033;5793064;6375318,True
old_pool,11451,1474,10,1.0,5403127;5496933;5500315;5577462;5662466;5672343;5713309;6086095;6122667;6151655,True
old_pool,11451,1511,10,1.0,5348991;5403765;5440722;5453143;5498606;5577221;5599273;5696216;5782391;5896864,True
old_pool,11451,1555,10,1.0,5405300;5459894;5611934;5628619;5770033;5807147;5843796;6152790;6185207;6575759,True
old_pool,11451,1743,10,1.0,5507502;5542167;5576559;5698143;5748642;5796283;5800055;5838161;5864443;6347118,True
old_pool,11451,1757,10,0.8,5328546;5340057;5388767;5420827;5634015;5736685;5747049;5763878;5819621;5927825,True
old_pool,11451,1780,10,1.0,5389523;5410220;5454367;5477478;5596520;5612482;5655357;5876861;6137170;6140012,True
old_pool,11451,2222,10,1.0,5371650;5395364;5419066;5434257;5485322;5494996;5626033;5761102;5766384;5795849,True
old_pool,11452,931,10,1.0,5328571;5376027;5449951;5553480;5682910;5684847;5686984;5772036;6021722;6153998,True
old_pool,11452,948,10,1.0,5328572;5445645;5594848;5604731;5804377;5808145;5808830;5868322;5882548;6108222,True
old_pool,11452,985,10,1.0,5416811;5419225;5436619;5486436;5545891;5591840;5625105;5628411;5683278;5687578,True
old_pool,11452,1016,10,1.0,5370032;5433861;5434224;5569264;5589510;5613308;5709629;5866580;6056856;6246901,True
old_pool,11452,1116,10,1.0,5328585;5336974;5340487;5552824;5574194;5823633;5860828;6154769;6212893;6376038,True
old_pool,11452,1160,10,1.0,5366302;5485078;5584413;5752863;5785685;5800927;5840997;5889380;5921982;6025334,True
old_pool,11452,1163,10,0.9,5339124;5351256;5356485;5374702;5393243;5437926;5503184;5600472;5602578;5781071,True
old_pool,11452,1226,10,1.0,5328575;5328580;5328737;5345165;5357861;5437639;5674269;5687606;5721628;5768032,True
old_pool,11452,1333,10,0.95,5328590;5366334;5421760;5764222;5784230;5815238;6007611;6128646;6163673;6438259,True
old_pool,11452,1364,10,0.9,5347901;5374017;5376975;5400290;5412350;5412933;5594834;5608267;5673147;5686327,True
old_pool,11452,1401,10,1.0,5360495;5419158;5692575;5730167;5815744;5837731;5889199;6196407;6441625;6560763,True
old_pool,11452,1413,10,1.0,5349937;5465094;5490111;5509968;5543404;5624207;5642292;5709240;5812409;6424635,True
old_pool,11452,1470,10,1.0,5384581;5408932;5460924;5464517;5507361;5622880;5666581;5700927;5801818;5956831,True
old_pool,11452,1474,10,1.0,5333379;5489042;5561032;5570071;5820487;5840771;5925791;5937873;6133441;6206008,True
old_pool,11452,1511,10,1.0,5397637;5408624;5434139;5475628;5478279;5489802;5612559;5642660;5776300;5787619,True
old_pool,11452,1555,10,1.0,5331485;5365809;5378352;5385143;5589926;5626644;5688631;5717753;5787438;5887913,True
old_pool,11452,1743,10,1.0,5440387;5620745;5709111;5910268;6036896;6053482;6057467;6063673;6127459;6261222,True
old_pool,11452,1757,10,0.5,5338034;5445083;5475762;5502170;5876084;6586622;6929425;6985148;7032862;7194005,True
old_pool,11452,1780,10,0.4,5376329;5769960;5817098;5881888;5995625;6485151;6799542;6814100;6867403;7122657,True
old_pool,11452,2222,10,0.8,5353804;5355904;5408472;5424845;5444923;5496738;5509708;5541172;5576934;5612057,True
old_pool,11453,931,10,1.0,5376469;5430806;5697108;5856715;5907509;5980996;6159983;6168196;6426536;7170918,True
old_pool,11453,948,10,1.0,5570060;5570699;5578404;5638542;5683085;5728526;5743535;5753851;5761895;5773742,True
old_pool,11453,985,10,1.0,5376056;5449939;5470759;5549441;5605576;5610041;5748054;5749135;5861069;6081618,True
old_pool,11453,1016,10,1.0,5387753;5626206;5632094;5861659;5899225;5919913;6185422;6203302;6215072;6245518,True
old_pool,11453,1116,10,1.0,5375620;5441662;5507874;5635264;5650340;5652588;5680575;5683158;5684988;5862241,True
old_pool,11453,1160,10,1.0,5328689;5408327;5434804;5850108;5879575;6007910;6072324;6296583;6379042;6384422,True
old_pool,11453,1163,10,1.0,5425347;5447872;5550714;5643658;5654580;5716317;5750585;5785893;5821018;5847025,True
old_pool,11453,1226,10,1.0,5328668;5331419;5406698;5450571;5451933;5495044;5583502;5608328;5634305;5800812,True
old_pool,11453,1333,10,1.0,5341463;5349303;5362108;5587363;5677926;5681944;5684748;5691177;5870382;5874103,True
old_pool,11453,1364,10,1.0,5377448;5435501;5659765;5680875;5832479;5904803;6270499;6348719;6467257;6600777,True
old_pool,11453,1401,10,1.0,5370609;5434378;5454315;5473545;5604597;5611841;5633632;5671692;5744426;5777625,True
old_pool,11453,1413,10,1.0,5331935;5378707;5385049;5390182;5427257;5435607;5449566;5683092;5758359;5779338,True
old_pool,11453,1470,10,1.0,5348844;5363433;5428525;5602846;5694766;5754653;5785612;5835523;5859435;6379163,True
old_pool,11453,1474,10,1.0,5328670;5358210;5366523;5506955;5686068;5699299;5769027;5804023;5844383;6031015,True
old_pool,11453,1511,10,1.0,5416278;5443776;5501609;5613692;5793648;5798505;5854314;5864593;5891022;5902298,True
old_pool,11453,1555,10,1.0,5328665;5329467;5380875;5472565;5499835;5577938;5694605;5727766;5802105;5883476,True
old_pool,11453,1743,10,1.0,5458074;5474167;5628761;5715448;5890354;6046555;6125967;6152084;6294300;6577769,True
old_pool,11453,1757,10,0.8,5402888;5407190;5548677;5731539;5732514;5755176;5786562;6257281;6452657;6574777,True
old_pool,11453,1780,10,0.7,5345472;5408663;5427798;5453693;5483184;5501664;5505993;5737963;5860455;6026289,True
old_pool,11453,2222,10,1.0,5355430;5362002;5378457;5421672;5575626;5583998;5745139;5806161;6015103;6015406,True
recent_pool,11381,10104,10,0.8,5421516;5553571;5620025;5645511;5787595;5798264;5806668;6143679;6230074;6288248,False
recent_pool,11381,10264,10,1.0,5462707;5556060;5588517;5679526;5715683;5797232;5863889;6159613;6630500;6907385,False
recent_pool,11381,10285,10,0.2,5325615;5387570;5442899;5689154;5724585;5779438;5801207;5830516;5891770;5995683,False
recent_pool,11381,10747,10,0.35,5334782;5402652;5436402;5556332;5598119;5621011;5692691;5791256;5811968;5865102,False
recent_pool,11381,10755,10,0.95,5360186;5370622;5374013;5411647;5504287;5715941;5884791;5892550;5899026;6023368,False
recent_pool,11381,10916,10,1.0,5338055;5348051;5366342;5407609;5481467;5659160;5768019;5832129;5843241;5979276,False
recent_pool,11381,10920,10,0.2,5331268;5336928;5422210;5500049;5569484;5580137;5615815;5623029;5660283;5793378,False
recent_pool,11381,10964,10,0.5,5431991;5457642;5628344;5739859;5795725;6140071;6536592;6803226;6806211;6874413,False
recent_pool,11381,10970,10,0.85,5325627;5327053;5379326;5467451;5629795;5655616;5690854;5710908;5758676;5833819,False
recent_pool,11381,11094,10,0.8,5423775;5478602;5509316;5648570;5718881;5736057;5751752;5812239;5815383;5845506,False
recent_pool,11381,11100,10,0.5,5325604;5325625;5419698;5434310;5499070;5508747;5510137;5656718;5718738;5739099,False
recent_pool,11381,11179,10,0.9,5419060;5431819;5441308;5477372;5546538;5576456;5598155;5641946;5652740;5757555,False
recent_pool,11381,11201,10,0.1,5328821;5336311;5361059;5376449;5487974;5490052;5500669;5502312;5574874;5649846,False
recent_pool,11381,11205,10,0.9,5413282;5501000;5605269;5711676;5727810;5778001;5826821;5872846;6323597;6327285,False
recent_pool,11381,11273,10,0.3,5345233;5385156;5405618;5413272;5613684;5656653;5814476;5816761;5824553;6079119,False
recent_pool,11381,11285,10,0.6,5331231;5340761;5426669;5454786;5502536;5546275;5641417;5641472;5777218;5826478,False
recent_pool,11381,11286,10,0.0,5391202;5458875;5485123;5490906;5561432;5570958;5601537;5727485;5756044;5760770,False
recent_pool,11381,11324,10,0.65,5340458;5414292;5479446;5486205;5557130;5667422;5715555;5800288;5936962;5941790,False
recent_pool,11381,11352,10,0.5,5388960;5441805;5459263;5568331;5582644;5726380;5891520;6026555;6254313;6355429,False
recent_pool,11381,11362,10,1.0,5339233;5555088;5590513;5679170;5728160;5752551;5766637;5882117;5928235;6041092,False
recent_pool,11391,10104,10,0.8,5361231;5365334;5414039;5725458;5757522;6063739;6179983;6259820;6295202;6798468,False
recent_pool,11391,10264,10,1.0,5326074;5338622;5425343;5542253;5596714;5626707;5704001;5818857;5829361;5849197,False
recent_pool,11391,10285,10,0.1,5329770;5333981;5370409;5417808;5551119;5569116;6007139;6091698;6141328;6166669,False
recent_pool,11391,10747,10,0.45,5369872;5423734;5446449;5507182;5601466;5670996;5750933;5870997;6028209;6115121,False
recent_pool,11391,10755,10,1.0,5326062;5419838;5438689;5490808;5794011;5817033;5860689;5904341;5924236;6395127,False
recent_pool,11391,10916,10,1.0,5375989;5542230;5629655;5636760;5846037;5901165;6220366;6569116;6765817;6941002,False
recent_pool,11391,10920,10,0.4,5326061;5349214;5363737;5419742;5427898;5431421;5441019;5686835;5728172;5796102,False
recent_pool,11391,10964,10,0.9,5412309;5611348;5637355;5806501;5842565;5890648;5919176;6319274;6380926;6427515,False
recent_pool,11391,10970,10,0.9,5395694;5395972;5402698;5432992;5480341;5545889;5712227;5734642;5793640;5894303,False
recent_pool,11391,11094,10,1.0,5337788;5340497;5381731;5428539;5696392;5739886;5751023;5790455;5842805;5907562,False
recent_pool,11391,11100,10,0.6,5326078;5385703;5480101;5487086;5557160;5593172;5595089;5629970;5814928;5873868,False
recent_pool,11391,11179,10,0.7,5375436;5393968;5459788;5466005;5491418;5689297;5795821;5811233;5870607;6064286,False
recent_pool,11391,11201,10,0.2,5472491;5743300;5802979;5863431;5994217;6133476;6345920;6367865;6435676;6437137,False
recent_pool,11391,11205,10,0.6,5326087;5393901;5395081;5461400;5470676;5476988;5552686;5667664;5816402;5833417,False
recent_pool,11391,11273,10,0.2,5504931;5542104;5730221;5741997;5803761;5857149;5923607;6087412;6456948;6504855,False
recent_pool,11391,11285,10,1.0,5368857;5400923;5556422;5585027;5696711;5774063;5784865;5803687;5839222;5841372,False
recent_pool,11391,11286,10,0.1,5386212;5483915;5502767;5584057;5589536;5685664;5691229;5719495;5750930;5808627,False
recent_pool,11391,11324,10,0.9,5326405;5367615;5397172;5642162;5682575;5757730;5784447;5797107;6036049;6464769,False
recent_pool,11391,11352,10,0.6,5326084;5393509;5484971;5490106;5653902;5696757;5704341;5748279;5836475;5845574,False
recent_pool,11391,11362,10,1.0,5328824;5398451;5444451;5508344;5547385;5655305;5745497;5752888;5882271;5882999,False
recent_pool,11398,10104,10,0.85,5329925;5368586;5606820;5659401;5662330;5787465;5832770;5875596;6140334;6292363,False
recent_pool,11398,10264,10,1.0,5377859;5389746;5417125;5417601;5479439;5636786;5659785;5706691;5714742;5736044,False
recent_pool,11398,10285,10,0.35,5375213;5423867;5466873;5509299;5572448;5617698;5636752;5684185;5893437;5934352,False
recent_pool,11398,10747,10,0.9,5383256;5421137;5569025;5621620;5821460;5822292;5902436;6223725;6433028;6626987,False
recent_pool,11398,10755,10,1.0,5481277;5568477;5628711;5734584;5822867;6057008;6185178;6198350;6321252;6876353,False
recent_pool,11398,10916,10,1.0,5326350;5329347;5400511;5423019;5459847;5578363;5742862;5746908;5755396;6021062,False
recent_pool,11398,10920,10,0.8,5353742;5354004;5385424;5468923;5552387;5719928;5799160;5889086;5903893;5929138,False
recent_pool,11398,10964,10,0.85,5329653;5445964;5471105;5548815;5643920;5736612;5822608;5851120;5861867;5884836,False
recent_pool,11398,10970,10,0.9,5389383;5425934;5574667;5581103;5614941;5631990;5766519;5767068;6049195;6074013,False
recent_pool,11398,11094,10,1.0,5484180;5573706;5597741;5701233;5721899;5750924;6020887;6178627;6616690;6693273,False
recent_pool,11398,11100,10,0.7,5507188;5595395;5639941;5683818;5845845;5848173;5871276;5951202;5952553;6228553,False
recent_pool,11398,11179,10,0.8,5326338;5328136;5439480;5482787;5560135;5843868;5888586;5922818;6127792;6127955,False
recent_pool,11398,11201,10,0.4,5347633;5407019;5561225;5607287;5629998;5630093;5666662;5686639;5760048;5825833,False
recent_pool,11398,11205,10,1.0,5359716;5387599;5397511;5398750;5551542;5574106;5633677;5825451;5902258;5953543,False
recent_pool,11398,11273,10,0.7,5370705;5422762;5486303;5504857;5549649;5572870;5623704;5671488;5694368;5703040,False
recent_pool,11398,11285,10,0.8,5384962;5509760;5601369;5604710;5646913;5661377;5686024;5739944;5745893;5783896,False
recent_pool,11398,11286,10,0.7,5418422;5547542;5595286;5712127;5812856;6042048;6146460;6538888;6558685;6777719,False
recent_pool,11398,11324,10,1.0,5340790;5418384;5468245;5470070;5675831;5794181;6153535;6325777;6648079;6974886,False
recent_pool,11398,11352,10,0.7,5335157;5346058;5422009;5505576;5625259;5639830;5684626;5758396;5814200;5909870,False
recent_pool,11398,11362,10,1.0,5375880;5562142;5572288;5614579;5700896;5796556;5802905;5916558;6489748;6576080,False
recent_pool,11408,10104,10,0.4,5343097;5420533;5435021;5637844;5671872;5684105;5728683;5795149;5910509;6083590,False
recent_pool,11408,10264,10,1.0,5361532;5414353;5415961;5559791;5592020;5599194;5652637;5837199;5878506;5898235,False
recent_pool,11408,10285,10,0.0,5410037;5413183;5430402;5593100;5646189;5717282;5729924;5730543;5849751;6112871,False
recent_pool,11408,10747,10,0.1,5485623;5504763;5667502;5690993;5843229;6069701;6099498;6120838;6197482;6203359,False
recent_pool,11408,10755,10,0.6,5326720;5342332;5383031;5416265;5549807;5630343;5806537;5812008;5878741;5897445,False
recent_pool,11408,10916,10,0.8,5401561;5444984;5464983;5546130;5817891;5853989;5857466;6259646;6330663;6383562,False
recent_pool,11408,10920,10,0.05,5438758;5474056;5481526;5592269;5596783;5648329;5660790;5717186;5732832;5804653,False
recent_pool,11408,10964,10,0.55,5436623;5558329;5590331;5600340;5600672;5648048;5685245;5739891;5751121;5826887,False
recent_pool,11408,10970,10,0.4,5334726;5472055;5635721;5707989;5744141;5779469;5824501;5842969;5926378;5948272,False
recent_pool,11408,11094,10,0.35,5327532;5393467;5427940;5496489;5585816;5658171;5671882;5702014;5727976;5732065,False
recent_pool,11408,11100,10,0.3,5365056;5384443;5395011;5418763;5425179;5426900;5444313;5671019;5686165;6036476,False
recent_pool,11408,11179,10,0.6,5354173;5365149;5412140;5451080;5470515;5550726;5554624;5689809;5694297;5799211,False
recent_pool,11408,11201,10,0.2,5348147;5355404;5414647;5651712;5783919;6148025;6763883;6890298;6975390;7059471,False
recent_pool,11408,11205,10,0.55,5362434;5390265;5415569;5463560;5479091;5483694;5502457;5602935;5635549;5735212,False
recent_pool,11408,11273,10,0.0,5365939;5372151;5453157;5663531;5807250;5819838;6245514;6267198;6282352;6351743,False
recent_pool,11408,11285,10,0.7,5601336;5764971;5767304;5799944;5847247;6123773;6148355;6161238;6265646;6358529,False
recent_pool,11408,11286,10,0.0,5326716;5424760;5432555;5487758;5495968;5577946;5651398;5798942;5819313;5842464,False
recent_pool,11408,11324,10,0.75,5424153;5481933;5583930;5597356;5623085;5650634;6170133;6587505;6641121;6651837,False
recent_pool,11408,11352,10,0.4,5334078;5342939;5348391;5405643;5426831;5439706;5473043;5611631;5628802;5684425,False
recent_pool,11408,11362,10,1.0,5347849;5432774;5600790;5605596;5606239;5630335;5637748;5761404;5878115;5944782,False
recent_pool,11430,10104,10,0.7,5482044;5487647;5495727;5612225;5613523;5648898;5680496;5690546;5769106;5769531,False
recent_pool,11430,10264,10,1.0,5423789;5473011;5498590;5508312;5620199;5620613;5660874;5677822;5867693;5881567,False
recent_pool,11430,10285,10,0.0,5414773;5439356;5497711;5619628;5643953;5785649;6148986;6374431;6633747;6642270,False
recent_pool,11430,10747,10,0.0,5351735;5371244;5425992;5481918;5553704;5738155;5768500;5907222;6047450;6408232,False
recent_pool,11430,10755,10,0.9,5327713;5332431;5407320;5727345;5811189;5861353;6082473;6216160;6685156;6757533,False
recent_pool,11430,10916,10,0.8,5327710;5472957;5628195;5657611;5660862;5721819;5928750;5968206;6237986;6296613,False
recent_pool,11430,10920,10,0.1,5327725;5406144;5471523;5483914;5642684;5667111;5668286;5673362;5676577;5753563,False
recent_pool,11430,10964,10,0.7,5367759;5372655;5655911;5665948;5786186;6044164;6224587;6253152;6302132;6715049,False
recent_pool,11430,10970,10,0.8,5389422;5394817;5400046;5426319;5491491;5558427;5568866;5617957;5651170;5673701,False
recent_pool,11430,11094,10,0.95,5342090;5438227;5639635;5714381;5761836;5805789;5815827;5901946;6030578;6198659,False
recent_pool,11430,11100,10,0.2,5363685;5465066;5646099;5661502;5725193;5741508;5790411;5859933;6088129;7067671,False
recent_pool,11430,11179,10,0.3,5335551;5364830;5396280;5595586;5609575;5626884;5674880;5688602;5718615;5747850,False
recent_pool,11430,11201,10,0.1,5426219;5465903;5502753;5665125;5670121;5698993;5790497;5826666;5849447;5879920,False
recent_pool,11430,11205,10,0.65,5348765;5353599;5395429;5404794;5449615;5544115;5587125;5669087;5764166;6022054,False
recent_pool,11430,11273,10,0.0,5388780;5583955;5624444;5637939;5711609;5807539;5846611;5850206;5874930;5923770,False
recent_pool,11430,11285,10,0.4,5333827;5421637;5470747;5611599;5715604;5740219;5759001;5774663;5803053;5867963,False
recent_pool,11430,11286,10,0.0,5383351;5397654;5400839;5443066;5448052;5452406;5550460;5615451;5692870;5703240,False
recent_pool,11430,11324,10,0.7,5334751;5348996;5365948;5399882;5692771;5693150;5716210;5805404;5875124;5884257,False
recent_pool,11430,11352,10,0.2,5339466;5353946;5507216;5619008;5683265;5706049;5757633;5808262;6023782;6077828,False
recent_pool,11430,11362,10,1.0,5434377;5434470;5443196;5595692;5660215;5746083;5746620;5752175;5782078;5830924,False
recent_pool,11436,10104,10,0.5,5378253;5494594;5592690;5627020;5739305;5767665;5881658;6357774;6413600;6796716,False
recent_pool,11436,10264,10,1.0,5380757;5396404;5411576;5429408;5456516;5490781;5556469;5578507;5610845;5658715,False
recent_pool,11436,10285,10,0.1,5375460;5381203;5399519;5499613;5554271;5582623;5726382;5768596;5841822;5889254,False
recent_pool,11436,10747,10,0.2,5359865;5437593;5457910;5586683;5603249;5650040;5712858;5812243;5869205;5892354,False
recent_pool,11436,10755,10,0.9,5415298;5440054;5447791;5488058;5832475;5895210;5949948;6224614;6247343;6385923,False
recent_pool,11436,10916,10,0.6,5390362;5390898;5391875;5556592;5585289;5678976;5770110;5859837;6338557;6362342,False
recent_pool,11436,10920,10,0.1,5341742;5352563;5365220;5419193;5500030;5543053;5570946;5619871;5684864;5769480,False
recent_pool,11436,10964,10,0.35,5327915;5410450;5417701;5704628;5785262;5812704;5884907;5928474;6617182;6908009,False
recent_pool,11436,10970,10,0.55,5570249;5712051;5718924;5721199;5850133;5945976;6399711;6531792;6790397;7019746,False
recent_pool,11436,11094,10,0.6,5331789;5582962;5611295;5657450;5689105;5701308;5871915;6060869;6124815;6379033,False
recent_pool,11436,11100,10,0.4,5347679;5467910;5470406;5633607;5662563;5760164;5761356;5802152;6141430;6216022,False
recent_pool,11436,11179,10,0.6,5446700;5448586;5501796;5544529;5622538;5655201;5691327;5706410;5713646;5838386,False
recent_pool,11436,11201,10,0.1,5373259;5406603;5470977;5493058;5500304;5547296;5650860;5785476;5905731;6014974,False
recent_pool,11436,11205,10,0.8,5380411;5427371;5449166;5503969;5582351;5590236;5666245;5684947;5690749;5733264,False
recent_pool,11436,11273,10,0.2,5381700;5448479;5469970;5491133;5498723;5556409;5577662;5593204;5720930;5784845,False
recent_pool,11436,11285,10,0.7,5467220;5616882;5675274;5816921;5865590;5867476;5891601;6796463;6845171;6868821,False
recent_pool,11436,11286,10,0.0,5436154;5444518;5596735;5660739;5662579;5702256;5725493;5756261;5890244;6086421,False
recent_pool,11436,11324,10,0.65,5415275;5423537;5436874;5722549;5749280;5799371;5814699;6095586;6136201;6290485,False
recent_pool,11436,11352,10,0.5,5507385;5631127;5821781;5943686;5995100;6596173;6610580;7094273;7154834;7181527,False
recent_pool,11436,11362,10,0.9,5328753;5361792;5368064;5505242;5649703;5671170;5677458;5773044;5796873;5909942,False
recent_pool,11438,10104,10,0.3,5327977;5348154;5428899;5437051;5438352;5470160;5476888;5542863;5881377;5908548,False
recent_pool,11438,10264,10,1.0,5368853;5382952;5427707;5489023;5732510;5744224;5753081;5769473;5817009;5952008,False
recent_pool,11438,10285,10,0.0,5545367;5545923;5561699;5674481;5674638;5750039;5779886;5782292;5816156;5841219,False
recent_pool,11438,10747,10,0.0,5402041;5487297;5573917;5610130;5626294;5903833;6202734;6351551;6607218;6663181,False
recent_pool,11438,10755,10,0.6,5327975;5327985;5331335;5403672;5403680;5510151;5542013;5673438;5727063;5774161,False
recent_pool,11438,10916,10,0.9,5609251;5714464;5795824;5801720;5856965;5877584;6053862;6112370;6115359;6341237,False
recent_pool,11438,10920,10,0.0,5330785;5376712;5388247;5665467;5726283;5894225;6310512;6605456;6898789;7088761,False
recent_pool,11438,10964,10,0.4,5404993;5414629;5433123;5447473;5452127;5481811;5672543;5697231;5742345;5831399,False
recent_pool,11438,10970,10,0.3,5373250;5386882;5421317;5453361;5604182;5670259;5743391;5756620;5835740;5855118,False
recent_pool,11438,11094,10,0.4,5354572;5501914;5511078;5625196;5636221;5747164;6199516;6324820;6326532;6387296,False
recent_pool,11438,11100,10,0.1,5416586;5448333;5466775;5621941;5765172;5811576;5891437;6243763;6311004;6513144,False
recent_pool,11438,11179,10,0.15,5349712;5368480;5398636;5418597;5505388;5509613;5574738;5627777;5784631;5798560,False
recent_pool,11438,11201,10,0.0,5329912;5441029;5481503;5557583;5572010;5717844;5771179;5800261;5862191;5884833,False
recent_pool,11438,11205,10,0.55,5486272;5494392;5768430;5778750;5907123;5937141;6168558;6382087;6382560;6459490,False
recent_pool,11438,11273,10,0.1,5433327;5590532;5603748;5636959;5665573;5696294;5794588;5899400;5951572;6031266,False
recent_pool,11438,11285,10,0.45,5344726;5359977;5362641;5368907;5396821;5661995;5754039;5782557;5897598;5929171,False
recent_pool,11438,11286,10,0.0,5390442;5400763;5552014;5622733;5658247;5698659;5714445;5874087;5938535;6019286,False
recent_pool,11438,11324,10,0.4,5412080;5501221;5572489;5600363;5622511;5626894;5631237;5648709;5675660;5728257,False
recent_pool,11438,11352,10,0.3,5347562;5415554;5426742;5648655;5650984;5780455;5819927;5901242;5907020;5934547,False
recent_pool,11438,11362,10,1.0,5332803;5357495;5379201;5432878;5605523;5633916;5671729;5712840;6557515;6857452,False
recent_pool,11439,10104,10,0.95,5408181;5546111;5584877;5627144;5652865;5670733;6226647;6490694;6615267;6691812,False
recent_pool,11439,10264,10,1.0,5340788;5386192;5550108;5550684;5593298;5698943;5724957;5871896;5904711;5940600,False
recent_pool,11439,10285,10,0.2,5495515;5613269;5665697;5667944;5672211;5771919;5799153;5813128;5817718;5865748,False
recent_pool,11439,10747,10,0.7,5356559;5374577;5381690;5587932;5607132;5613840;5744965;5915792;5931963;6147352,False
recent_pool,11439,10755,10,0.9,5343387;5456488;5458755;5626493;5819404;5882667;5993934;6541342;7154566;7403678,False
recent_pool,11439,10916,10,1.0,5358892;5364914;5861034;5905513;6213024;6218285;6517946;6549822;6592504;7125213,False
recent_pool,11439,10920,10,0.8,5363125;5372477;5405398;5502731;5547237;5643569;5743184;6054474;6245703;6397420,False
recent_pool,11439,10964,10,0.6,5385052;5480073;5490826;5691417;5710015;5712391;5714955;5846725;5861276;5945028,False
recent_pool,11439,10970,10,0.9,5571278;5725840;6037217;6130274;6432228;6799754;6801932;7031514;7070331;7250216,False
recent_pool,11439,11094,10,1.0,5328042;5411100;5492871;5506739;5621640;5647744;5710606;5718289;5801096;5838431,False
recent_pool,11439,11100,10,0.7,5328044;5328022;5341593;5342749;5392054;5464499;5712527;5979007;6023561;6123129,False
recent_pool,11439,11179,10,0.9,5355267;5594323;5617986;5690098;5753743;5769437;5795701;5810979;5815975;5821358,False
recent_pool,11439,11201,10,0.3,5376831;5395992;5403815;5459821;5493431;5654525;5718836;5735542;5778956;5797240,False
recent_pool,11439,11205,10,0.9,5352040;5473026;5488302;5574347;5630052;5665146;5824886;5856493;5910304;6126596,False
recent_pool,11439,11273,10,0.3,5378074;5443427;5558495;5632625;5669850;5673236;5712049;5890703;5896698;5937303,False
recent_pool,11439,11285,10,0.9,5349016;5407965;5427212;5437910;5461513;5559706;5655807;5862183;5937828;6066198,False
recent_pool,11439,11286,10,0.5,5334651;5359650;5391028;5455152;5475229;5478391;5633168;5683680;5823430;5833049,False
recent_pool,11439,11324,10,0.9,5448358;5476476;5604021;5604210;5716509;5731124;5759906;5800518;5831987;5906003,False
recent_pool,11439,11352,10,0.8,5338003;5341134;5402161;5425221;5546254;5612779;5742347;5822823;5891986;5928410,False
recent_pool,11439,11362,10,1.0,5328018;5395766;5440294;5472011;5753381;5830472;5889629;6146878;6238280;6264035,False
recent_pool,11444,10104,10,0.5,5362035;5407296;5573114;5699821;6112097;6339166;6402689;6438785;6660567;6713864,False
recent_pool,11444,10264,10,0.9,5627264;5717200;5723924;5767764;5933773;5978903;6003406;6007898;6170257;6306944,False
recent_pool,11444,10285,10,0.0,5422034;5485699;5643170;5663293;5677863;5680746;5795898;5812632;5830191;5872803,False
recent_pool,11444,10747,10,0.0,5434933;5436547;5445745;5648621;5714249;5875612;6292788;6406879;6715783;6901669,False
recent_pool,11444,10755,10,0.45,5352212;5584620;5610388;5666368;5693377;5796570;6090535;6150122;6331482;6441179,False
recent_pool,11444,10916,10,0.4,5429418;5439646;5510465;5707531;5728037;5894018;5945061;5953097;6055235;6151967,False
recent_pool,11444,10920,10,0.1,5551098;5672876;5815900;5999385;6066715;6281144;6287345;6539531;6665269;6706523,False
recent_pool,11444,10964,10,0.3,5372088;5396294;5416786;5497162;5584199;5601711;5711146;5719379;5759745;5786590,False
recent_pool,11444,10970,10,0.1,5359975;5402170;5438997;5502314;5504545;5507018;5614468;5615583;5630039;5655403,False
recent_pool,11444,11094,10,0.3,5367139;5405812;5437943;5440862;5499893;5622423;5626873;5695669;5793179;6042294,False
recent_pool,11444,11100,10,0.0,5328194;5369112;5455725;5459136;5570994;5592064;5627338;5880445;6127514;6769428,False
recent_pool,11444,11179,10,0.25,5328189;5346688;5455945;5508260;5625980;5642715;6016100;6286807;6315192;6338896,False
recent_pool,11444,11201,10,0.0,5390351;5414706;5548395;5723947;5759200;5775701;5895196;6029846;6172614;6480167,False
recent_pool,11444,11205,10,0.4,5501837;5553625;5773023;5960440;5961671;6024570;6102460;6319092;6429032;6929773,False
recent_pool,11444,11273,10,0.0,5328182;5333305;5396615;5580800;5632859;5794687;5825131;5840927;5863028;5898968,False
recent_pool,11444,11285,10,0.3,5335086;5378434;5587099;5606411;5616339;5653735;5813810;5950951;6007498;6149580,False
recent_pool,11444,11286,10,0.0,5328195;5354132;5465178;5675521;5800057;5839524;5843142;5859428;6099154;6149032,False
recent_pool,11444,11324,10,0.2,5416382;5490023;5559959;5607794;5819483;5833395;5839247;5887751;6326489;6820455,False
recent_pool,11444,11352,10,0.0,5393614;5434228;5497417;5611966;5736216;5804531;5819356;5831118;5842514;5863138,False
recent_pool,11444,11362,10,0.95,5331992;5370303;5397033;5457192;5503376;5510489;5552876;5574207;5649788;5681887,False
recent_pool,11446,10104,10,0.7,5351703;5352850;5445191;5459583;5603348;5690867;6027400;6178198;6317608;6921555,False
recent_pool,11446,10264,10,1.0,5381762;5655155;5650581;5671610;5714139;5806302;5819170;5825184;5826192;6300510,False
recent_pool,11446,10285,10,0.2,5544686;5721825;5828261;5871309;5879684;6143822;6291403;6311917;6333332;6396351,False
recent_pool,11446,10747,10,0.2,5328255;5394537;5410073;5436456;5473581;5673634;5863771;5905233;5909557;5939071,False
recent_pool,11446,10755,10,0.55,5328250;5382268;5437678;5573154;5573395;5661037;5695188;5752700;5839259;6102299,False
recent_pool,11446,10916,10,0.85,5328254;5341949;5364630;5422671;5422813;5462923;5472873;5618896;5654966;5715999,False
recent_pool,11446,10920,10,0.1,5328262;5332328;5345590;5432607;5499379;5503433;5637410;5667356;5668281;5710938,False
recent_pool,11446,10964,10,0.7,5344666;5494251;5547508;5554450;5594241;6043564;6064493;6279255;6300142;6539700,False
recent_pool,11446,10970,10,1.0,5350718;5385299;5422099;5583097;5600325;5662416;5674001;5773767;5849273;5872710,False
recent_pool,11446,11094,10,0.6,5367164;5409372;5421044;5460163;5677769;5733379;5739745;5893432;6116232;6332524,False
recent_pool,11446,11100,10,0.2,5352267;5410740;5554856;5653219;5843773;6179972;6209299;6419399;6643129;6654877,False
recent_pool,11446,11179,10,0.5,5392410;5457346;5497928;5546823;5811987;5848987;6148264;6207823;6263264;6556310,False
recent_pool,11446,11201,10,0.2,5626945;5704468;5728580;5758862;5787227;5806694;6054530;6173796;6443513;6524743,False
recent_pool,11446,11205,10,0.6,5374979;5415993;5452359;5480555;5542693;5553551;5584750;5656447;5689992;5690086,False
recent_pool,11446,11273,10,0.0,5380639;5551587;5608560;5660533;5716706;5755513;5911394;6043126;6172318;6334827,False
recent_pool,11446,11285,10,0.4,5328249;5348840;5497055;5550338;5581485;5610095;5633812;5665847;5678367;5692746,False
recent_pool,11446,11286,10,0.1,5454477;5458348;5555208;5700106;6088191;6106022;6490939;6531488;6996952;7024120,False
recent_pool,11446,11324,10,0.3,5345048;5396762;5403299;5608885;5641447;5687021;5741653;5873789;6071814;6264944,False
recent_pool,11446,11352,10,0.1,5328251;5331546;5588913;5654110;5896397;6044723;6264609;6385471;6745369;6761967,False
recent_pool,11446,11362,10,1.0,5387886;5427717;5455879;5569342;5573343;5623236;5665716;5710664;5773700;5818864,False
recent_pool,11448,10104,10,0.8,5366139;5598578;5631460;5715371;5725459;5759628;5764724;5780267;5810566;5837834,False
recent_pool,11448,10264,10,1.0,5376532;5385377;5415982;5619544;5776912;5779262;5783664;5829468;5869948;6019483,False
recent_pool,11448,10285,10,0.1,5379004;5424587;5435875;5471625;5577948;5646758;5668612;5869568;5892379;6314589,False
recent_pool,11448,10747,10,0.1,5334143;5417008;5551102;5656324;5676693;5731601;5773723;5893647;6053626;6073694,False
recent_pool,11448,10755,10,0.75,5366991;5377434;5402133;5506549;5792822;5847029;6216694;6262724;6527550;6560825,False
recent_pool,11448,10916,10,0.75,5455821;5490785;5618331;5668291;5733875;5844296;5873763;5946673;6010336;6073613,False
recent_pool,11448,10920,10,0.1,5423193;5487569;5616555;5833361;5951500;5995219;6224282;6489049;6832606;6889906,False
recent_pool,11448,10964,10,0.4,5354903;5361069;5396141;5413991;5479004;5744280;5779569;5815353;5891509;5905980,False
recent_pool,11448,10970,10,0.6,5366573;5375633;5442965;5460589;5461153;5465499;5582477;5629696;5728717;5770399,False
recent_pool,11448,11094,10,0.85,5328360;5332043;5361057;5433165;5447037;5471045;5941881;6353074;6407038;6566618,False
recent_pool,11448,11100,10,0.0,5328386;5590516;5596385;5656178;5667519;5795871;5834258;5840066;5858329;5920946,False
recent_pool,11448,11179,10,0.25,5328381;5346584;5389138;5428368;5481819;5591625;5638874;5748963;5807566;5907202,False
recent_pool,11448,11201,10,0.0,5331691;5391498;5392326;5424057;5455906;5458382;5588419;5685163;5724246;5786175,False
recent_pool,11448,11205,10,0.95,5328362;5407618;5508642;5710972;5773012;5818684;5876797;6039190;6073082;6235608,False
recent_pool,11448,11273,10,0.0,5451511;5572743;5773198;5821305;5845503;5932260;6273078;6307531;6367565;6803010,False
recent_pool,11448,11285,10,0.75,5328370;5328384;5365807;5411360;5596600;5652419;5772021;5820397;5877599;5883758,False
recent_pool,11448,11286,10,0.0,5369831;5372739;5387403;5441294;5500048;5593432;5599225;5614136;5615840;5652421,False
recent_pool,11448,11324,10,0.5,5349630;5358207;5426076;5797585;5800054;5815061;5818408;5825132;5932932;6307466,False
recent_pool,11448,11352,10,0.3,5342201;5417990;5458445;5508166;5509889;5744638;5822435;5880073;5892820;5920298,False
recent_pool,11448,11362,10,0.9,5342894;5608894;5717052;5797928;5802108;5813690;5883403;6184575;6186439;6255754,False
recent_pool,11449,10104,10,0.6,5502625;5805142;5922859;5977104;6011661;6051949;6054617;6314608;6546230;6802114,False
recent_pool,11449,10264,10,1.0,5495965;5587657;5630214;5799164;5813533;5816838;5936726;6173743;6236149;6288822,False
recent_pool,11449,10285,10,0.1,5362872;5553411;5558561;5651784;5780706;6059513;6316815;6342389;6635125;6832752,False
recent_pool,11449,10747,10,0.0,5368598;5399303;5414218;5452474;5471089;5557784;5662873;5765685;5812865;5849448,False
recent_pool,11449,10755,10,0.8,5329412;5329438;5353456;5376154;5505604;5591082;5680447;5840089;5871875;6095359,False
recent_pool,11449,10916,10,0.8,5393534;5433376;5475846;5495684;5677764;5687750;5744884;5753776;5878148;5900916,False
recent_pool,11449,10920,10,0.0,5338761;5345228;5398448;5553038;5559332;5587019;5630131;5765269;5848142;6058254,False
recent_pool,11449,10964,10,0.7,5328479;5411115;5484439;5584848;5588892;5597791;5641830;5661244;5661589;5674417,False
recent_pool,11449,10970,10,0.3,5391434;5424246;5426174;5481302;5573870;5631310;5805767;5817073;5824432;5883239,False
recent_pool,11449,11094,10,0.85,5555169;5716607;5721145;5756495;5838080;5853725;5924198;5953381;6250641;6274480,False
recent_pool,11449,11100,10,0.2,5422453;5555300;5635331;5736233;6104001;6346449;6374543;6473820;6547569;6559787,False
recent_pool,11449,11179,10,0.6,5420345;5600505;5617579;5645749;5696612;5739332;5833574;5848870;5871944;5945606,False
recent_pool,11449,11201,10,0.15,5328464;5346287;5362701;5415249;5441096;5575704;5644678;5717418;5767857;6133008,False
recent_pool,11449,11205,10,0.7,5328487;5332151;5332395;5397865;5470909;5688239;5745854;5760497;5978637;6270443,False
recent_pool,11449,11273,10,0.1,5328462;5361586;5391933;5397743;5416374;5453596;5587846;5597164;5693960;5717256,False
recent_pool,11449,11285,10,0.8,5328471;5356947;5358748;5394042;5690795;5759326;5838433;5865821;5873021;5922860,False
recent_pool,11449,11286,10,0.05,5340730;5369749;5380915;5615960;5659232;5674788;5744300;5767162;5859622;5867054,False
recent_pool,11449,11324,10,0.8,5437527;5547015;5610370;5670640;5737447;5778227;5799156;5860429;5891376;6191245,False
recent_pool,11449,11352,10,0.4,5601358;5662596;5724362;5893175;5896352;5955402;6237790;6238011;6330128;6406194,False
recent_pool,11449,11362,10,1.0,5398641;5478049;5582348;5621767;5659139;5671732;5694608;5728587;5768088;5924642,False
recent_pool,11451,10104,10,0.95,5328561;5355490;5356997;5747023;5750160;5883103;5899165;5906646;6053192;6333368,False
recent_pool,11451,10264,10,1.0,5349328;5364739;5421526;5550599;5697860;5700750;5746959;5797380;5800499;5932972,False
recent_pool,11451,10285,10,0.5,5348555;5368574;5375130;5462795;5492335;5607572;5772120;5807939;5860070;6012547,False
recent_pool,11451,10747,10,0.9,5376919;5588973;5599963;5711326;5782782;5796146;6018429;6269756;6294355;6339084,False
recent_pool,11451,10755,10,1.0,5389249;5397600;5435719;5488281;5491655;5772368;5834666;5873882;5880046;5892172,False
recent_pool,11451,10916,10,1.0,5328557;5386834;5453554;5505047;5560542;5770426;5770462;5817699;5854108;5857695,False
recent_pool,11451,10920,10,1.0,5328550;5409012;5410330;5423196;5601137;5826489;5863125;6135571;6422376;6435877,False
recent_pool,11451,10964,10,0.9,5414396;5423244;5875152;6236801;6245601;6287814;6350752;6407998;6554856;6572971,False
recent_pool,11451,10970,10,1.0,5358973;5411612;5559041;5587395;5625233;5654775;5677385;5724797;5994073;6003432,False
recent_pool,11451,11094,10,1.0,5435910;5436460;5609607;5619292;5638354;5692131;5748453;5849441;5928924;6364506,False
recent_pool,11451,11100,10,0.7,5368382;5550860;5570723;5651909;5867238;6239626;6473931;6837323;7076629;7166977,False
recent_pool,11451,11179,10,0.9,5357648;5446830;5494278;5599666;5835021;6099029;6197900;6204090;6207557;6265671,False
recent_pool,11451,11201,10,0.2,5420307;5450827;5571181;5874893;5879131;5891719;5892690;6024259;6302570;6386466,False
recent_pool,11451,11205,10,1.0,5363010;5423579;5496214;5552321;5593128;5595901;5614333;5660897;5675615;5794028,False
recent_pool,11451,11273,10,0.55,5328556;5412566;5581173;5630242;5737697;5818856;5830871;5937071;5955526;6025164,False
recent_pool,11451,11285,10,0.9,5357675;5410407;5453109;5458484;5493630;5495928;5713536;5799826;5937990;6116946,False
recent_pool,11451,11286,10,0.4,5620248;5625797;5652743;5677348;5813978;5862392;6011730;6283678;7224098;7354278,False
recent_pool,11451,11324,10,1.0,5328552;5373244;5448354;5642256;5668518;5732816;5785822;5878279;5909135;5912355,False
recent_pool,11451,11352,10,0.5,5342681;5355441;5436563;5436580;5542559;5598902;5718024;6228204;6340250;6463846,False
recent_pool,11451,11362,10,1.0,5338465;5388013;5440253;5482013;5621004;5692539;5726529;5831372;5846524;6235104,False
recent_pool,11452,10104,10,0.8,5343604;5423038;5596965;5604137;5683047;5735930;5893012;5952834;6297718;6458856,False
recent_pool,11452,10264,10,1.0,5328581;5335074;5417659;5462275;5550382;5586710;5685839;5725103;5841682;5877684,False
recent_pool,11452,10285,10,0.0,5328582;5455115;5486031;5568470;5569799;5738354;6024398;6067691;6245638;6643040,False
recent_pool,11452,10747,10,0.1,5339040;5406235;5615514;5819037;5842834;5923270;6028012;6439691;6690939;6861441,False
recent_pool,11452,10755,10,0.75,5349361;5366636;5487448;5630620;5659046;5793183;5829388;6282384;6313600;6341350,False
recent_pool,11452,10916,10,0.8,5330266;5347956;5353678;5393563;5398809;5441751;5545104;5614581;5643513;5662748,False
recent_pool,11452,10920,10,0.1,5328573;5349330;5392509;5396324;5433262;5694729;5703778;5825072;5857038;6053075,False
recent_pool,11452,10964,10,0.3,5370315;5377112;5401339;5410627;5437815;5507556;5549606;5754251;5766178;5837877,False
recent_pool,11452,10970,10,0.4,5403597;5504771;5555924;5569160;5659734;5706767;5793414;5812132;5840654;5849056,False
recent_pool,11452,11094,10,0.75,5333421;5372459;5388702;5397153;5450270;5506694;5507162;5590239;5603418;5729817,False
recent_pool,11452,11100,10,0.4,5373766;5400004;5401025;5471013;5824521;5826737;6091641;6292609;6322012;6331507,False
recent_pool,11452,11179,10,0.7,5435273;5441202;5468220;5698947;5832805;5871133;6210914;6240096;6586529;6967953,False
recent_pool,11452,11201,10,0.0,5359391;5421805;5578448;5701985;5739091;5871588;6000498;6314232;6816646;6840235,False
recent_pool,11452,11205,10,0.7,5363369;5407464;5431678;5451962;5544333;5630464;5797856;5865111;5934357;6015449,False
recent_pool,11452,11273,10,0.0,5363191;5404535;5420916;5554528;5688592;5726313;5850667;5887901;5945232;6020615,False
recent_pool,11452,11285,10,0.5,5408672;5447802;5556089;5633804;5780810;5858074;5889613;5894168;5907200;5928998,False
recent_pool,11452,11286,10,0.05,5434509;5670947;5718385;5724160;5737042;5739749;5841678;5898413;6161246;6170496,False
recent_pool,11452,11324,10,0.6,5365748;5473816;5598043;5717927;5795395;5806662;5952495;6048048;6066577;6131878,False
recent_pool,11452,11352,10,0.2,5405381;5635855;5650966;5693591;5899938;5938041;6167869;6745133;7056921;7100316,False
recent_pool,11452,11362,10,1.0,5328579;5368695;5412572;5570549;5585748;5601949;5767184;5850641;5905799;6100087,False
recent_pool,11453,10104,10,0.9,5358277;5590691;5681397;5682013;5717065;5785591;5810531;5810871;5926429;6172102,False
recent_pool,11453,10264,10,1.0,5328673;5341658;5387096;5413820;5486414;5504154;5580668;5593633;5607940;5745260,False
recent_pool,11453,10285,10,0.15,5392698;5494848;5620204;5634163;5644460;5793327;5817810;5897599;5954030;6205477,False
recent_pool,11453,10747,10,0.2,5345215;5354612;5411544;5450717;5569297;5597958;5636902;5640851;5682095;5747663,False
recent_pool,11453,10755,10,1.0,5328661;5328686;5329226;5365318;5486870;5493692;5642130;5671072;5727222;5768239,False
recent_pool,11453,10916,10,0.9,5328676;5335630;5442518;5463677;5645940;5685556;5855854;5856794;5863812;5884897,False
recent_pool,11453,10920,10,0.3,5355985;5430581;5593396;5814959;6124199;6128777;6363271;6630981;7183379;7242094,False
recent_pool,11453,10964,10,0.8,5338490;5397400;5575361;5619925;5771129;5807422;5820857;5910785;6067810;6318322,False
recent_pool,11453,10970,10,0.6,5347087;5349876;5547076;5575048;5595391;5596709;5696083;5734230;5820374;5888716,False
recent_pool,11453,11094,10,0.8,5336089;5340694;5355791;5374496;5479075;5573174;5575576;5587643;5588064;5610131,False
recent_pool,11453,11100,10,0.6,5426981;5484017;5557618;5598288;5607096;5613817;5710974;5713120;5784509;5876739,False
recent_pool,11453,11179,10,0.75,5458971;5476346;5612868;5806412;5838925;6071816;6114574;6205228;6541341;6607023,False
recent_pool,11453,11201,10,0.3,5329289;5355065;5437048;5656722;5839323;5844949;5978047;6247912;6516226;6777545,False
recent_pool,11453,11205,10,1.0,5354217;5355169;5378640;5413056;5631215;5654372;5722861;5742435;5893733;6025524,False
recent_pool,11453,11273,10,0.3,5328683;5560486;5613622;5638957;5710056;5758164;5779587;5923055;6131248;6171462,False
recent_pool,11453,11285,10,0.95,5358696;5369667;5499975;5663287;5665466;5729662;5879847;5890009;5903276;5911152,False
recent_pool,11453,11286,10,0.2,5328687;5357033;5449114;5682883;5722930;5786073;5817702;5853835;5930561;6055217,False
recent_pool,11453,11324,10,0.9,5328682;5387335;5427854;5546524;5691382;5792074;5796071;5809365;5923750;5994612,False
recent_pool,11453,11352,10,0.5,5382942;5386457;5406084;5427109;5494580;5585719;5597920;5599397;5683318;5786253,False
recent_pool,11453,11362,10,1.0,5360706;5471714;5569887;5574401;5823404;5830617;5893857;5907629;5923224;5937023,False
reference_pool,11381,2284,10,1.0,5413375;5459232;5493232;5545457;5551404;5611578;5769536;5833580;5905902;6558262,False
reference_pool,11381,2475,10,0.75,5325613;5553595;5582202;5685591;5689035;5690907;5718330;5720799;5824598;5839085,False
reference_pool,11381,2743,10,0.8,5346089;5363047;5364866;5600759;5603388;5659093;5794908;5828839;5934605;6116485,False
reference_pool,11381,2784,10,0.6,5348025;5365734;5425527;5441738;5453587;5584576;5660174;5663412;5738723;5817652,False
reference_pool,11381,2804,10,0.9,5407596;5509134;5657416;5694570;5750608;5807670;5823800;5832065;5844884;5873794,False
reference_pool,11381,2862,10,0.9,5407303;5407402;5419633;5554771;5655786;5794032;5905515;6358492;6398021;6525352,False
reference_pool,11381,2876,10,0.8,5325606;5390541;5398760;5403591;5414226;5424735;5562275;5635865;5655479;5693835,False
reference_pool,11381,2901,10,0.7,5376706;5416060;5468409;5584709;5852845;5893215;5954121;6137232;6166812;6169764,False
reference_pool,11381,2907,10,0.7,5412727;5477368;5573031;5586110;5634475;5794641;5830250;5836017;5948650;6054425,False
reference_pool,11381,2914,10,0.9,5350366;5403343;5471503;5498410;5503420;5619832;5627784;5783676;5799089;5820322,False
reference_pool,11381,2995,10,0.7,5379080;5430240;5488497;5803306;5822101;5935579;5976395;6067935;6200219;6514082,False
reference_pool,11381,3172,10,0.8,5341818;5352725;5576735;5584719;5597629;5611423;5612447;5636145;5647985;5728765,False
reference_pool,11381,3250,10,1.0,5326775;5332775;5358635;5412999;5468655;5486879;5568887;5590624;5593817;5711803,False
reference_pool,11381,3277,10,0.9,5345306;5370624;5452411;5454902;5569651;5583758;5613790;5625807;5631747;5673761,False
reference_pool,11381,3304,10,1.0,5325617;5348816;5407501;5416089;5609059;5609928;5775230;6148304;6163290;6301830,False
reference_pool,11381,3400,10,1.0,5460405;5465764;5541750;5718645;5724193;5773819;5782082;6113951;6152344;6186109,False
reference_pool,11381,3413,10,1.0,5341492;5375526;5510481;5684967;5791081;5941467;6162353;6239812;6242882;6263178,False
reference_pool,11381,3420,10,0.85,5450758;5495375;5606093;5698811;5739401;5792087;5865498;5956101;6024567;6055660,False
reference_pool,11381,3424,10,1.0,5374403;5393577;5462305;5467350;5569232;5592722;5598786;5677865;5678325;5682726,False
reference_pool,11381,3524,10,1.0,5328942;5395043;5433538;5440143;5455791;5569593;5582048;5634399;5871792;6011750,False
reference_pool,11381,3574,10,0.7,5459845;5551222;5582680;5608769;5673440;5861680;5943162;6015990;6022190;6211416,False
reference_pool,11381,3629,10,0.9,5351747;5393953;5476268;5505861;5558488;5620678;5695092;5826074;5930920;6121272,False
reference_pool,11381,3639,10,0.7,5326549;5374155;5462876;5647689;5655420;5799042;5872212;6497978;6644480;6718877,False
reference_pool,11381,3778,10,0.8,5351792;5376945;5383719;5408768;5412953;5420386;5472246;5506195;5547420;5594841,False
reference_pool,11381,3948,10,0.9,5328805;5498596;5622590;5839773;5852862;5874275;5922641;5933165;5999638;6163418,False
reference_pool,11381,4130,10,1.0,5553864;5600962;6029165;6212784;6232816;6491036;6594953;6596166;6602917;6945833,False
reference_pool,11381,4168,10,1.0,5410661;5592804;5698087;5709305;5728107;5797244;5856440;5872775;5906174;5941770,False
reference_pool,11381,4364,10,1.0,5325609;5325631;5338946;5374352;5420031;5542661;5607485;5611086;5691071;5796019,False
reference_pool,11381,4390,10,0.75,5325618;5426546;5433383;5604626;5659263;5666979;5683151;5717251;5720562;5723541,False
reference_pool,11381,4462,10,0.9,5402992;5428194;5547026;5590094;5634316;5732505;5780045;5818395;5977040;6339567,False
reference_pool,11381,4472,10,1.0,5356605;5382875;5458918;5580362;5590223;5704905;5707166;5739247;6129792;6283401,False
reference_pool,11381,4517,10,0.25,5341334;5366038;5390720;5547352;5629468;5694693;5758825;5790361;5807391;5819710,False
reference_pool,11381,4535,10,0.4,5455795;5703947;5774486;5900335;6051525;6057442;6117039;6586893;6705870;6923444,False
reference_pool,11381,4628,10,0.8,5334134;5339936;5364955;5427598;5569256;5580231;5619769;5658733;5660069;5699062,False
reference_pool,11381,4700,10,0.1,5338797;5373518;5407507;5442510;5466587;5507555;5674231;5751274;5782907;5834228,False
reference_pool,11381,4727,10,0.7,5329296;5355607;5361650;5386900;5390457;5400542;5404855;5410613;5509629;5632423,False
reference_pool,11381,4731,10,0.7,5583302;5593456;5595885;5855744;5938847;5940039;5952616;6100694;6565506;6643193,False
reference_pool,11381,4858,10,1.0,5325610;5429105;5625717;5636947;5652446;5805248;5820826;5827009;5835917;5893763,False
reference_pool,11381,5104,10,1.0,5378069;5498012;5556887;5562335;5654948;5680009;5724207;6080218;6144921;6375375,False
reference_pool,11381,5231,10,1.0,5584102;5665036;5717409;5834359;5834883;5869528;6129442;6159149;6167322;6365646,False
reference_pool,11381,5608,10,0.3,5325612;5404930;5447727;5586995;5719642;5824012;5945781;5982394;6149771;6352763,False
reference_pool,11381,6109,10,1.0,5365955;5371773;5399687;5415789;5439713;5460810;5471927;5508250;5574458;5612471,False
reference_pool,11381,6696,10,1.0,5332880;5409699;5486079;5751714;5825008;5859512;6148642;6220023;6461554;6483198,False
reference_pool,11381,7138,10,1.0,5341825;5367531;5409701;5459142;5629229;5829882;5927887;6186154;6610633;6672139,False
reference_pool,11381,7535,10,1.0,5325607;5358275;5369427;5394691;5575901;5606445;5615308;5659447;5730310;5745154,False
reference_pool,11381,8186,10,1.0,5414686;5418236;5603470;5665493;5669884;5947973;6090621;6157339;6237950;6306613,False
reference_pool,11381,8301,10,0.2,5337673;5339167;5341655;5411797;5412354;5481241;5490869;5638255;5695576;5748868,False
reference_pool,11381,8332,10,1.0,5431652;5725238;5728607;5805775;5887870;5909568;6112718;6204819;6497630;6648613,False
reference_pool,11381,8360,10,1.0,5325603;5407172;5447327;5472740;5672326;5854266;6043833;6348770;6707606;7358558,False
reference_pool,11381,8397,10,1.0,5460821;5463738;5669289;5678132;5705817;5709265;5812478;5812940;5860241;6025623,False
reference_pool,11381,8414,10,0.0,5325620;5325629;5423049;5478534;5487299;5497826;5611274;5688059;5709648;5711225,False
reference_pool,11381,8419,10,0.8,5422106;5573906;5577953;5598201;5702531;5711405;5738874;5772356;5838565;5965619,False
reference_pool,11381,8434,10,1.0,5378221;5385821;5438175;5595220;5634413;5636288;5784516;5802023;5849463;5852428,False
reference_pool,11381,8510,10,0.0,5475805;5556749;5603461;5603974;5702230;5785796;5801395;5880388;5896297;5920720,False
reference_pool,11381,8562,10,0.1,5363939;5447415;5493787;5592013;5657271;5672024;5730251;5861262;6031801;6044212,False
reference_pool,11381,8602,10,1.0,5325628;5358364;5488386;5604667;5614368;5838184;5867000;5874843;5924105;5945105,False
reference_pool,11381,8607,10,0.0,5367478;5372164;5437058;5497103;5575296;5642511;5646304;5763947;5924394;6053975,False
reference_pool,11381,8647,10,0.7,5344282;5346292;5370819;5610046;5719940;5736271;5742220;5749438;5757859;5817299,False
reference_pool,11381,8676,10,1.0,5354092;5423065;5510412;5580427;5651911;5675064;5736061;5935000;5978401;6010683,False
reference_pool,11381,8712,10,0.8,5370234;5466823;5476070;5500425;5623930;5642699;6189673;6271120;6318242;6336181,False
reference_pool,11381,8748,10,0.6,5399123;5428977;5441930;5455296;5486589;5576993;5579951;5590895;5599033;5613595,False
reference_pool,11381,8749,10,0.8,5344466;5548121;5631765;5749439;5779993;5923390;5933161;5940911;6008318;6142217,False
reference_pool,11381,8802,10,0.9,5325630;5354091;5832965;5847562;5980774;5981664;6048244;6144262;6361041;6564346,False
reference_pool,11381,8825,10,0.0,5388412;5399627;5430020;5494044;5544950;5675365;5699613;5749781;5802809;5919581,False
reference_pool,11381,8828,10,0.2,5398298;5615269;5803019;5821608;5900648;6083273;6349142;6359980;6473387;7157551,False
reference_pool,11381,8834,10,0.0,5325614;5325622;5358700;5395816;5422032;5476763;5488635;5597341;5618373;5711121,False
reference_pool,11381,8841,10,0.0,5369472;5405283;5561537;5660863;5779588;5792355;5926569;6099532;6330320;6857796,False
reference_pool,11381,8965,10,0.9,5734269;5741560;5836273;5867604;5907495;6169736;6404173;6636804;6756561;6760542,False
reference_pool,11381,9048,10,0.1,5381134;5479420;5551249;5638040;5680338;5686646;5734395;5736942;5742062;5825307,False
reference_pool,11381,9049,10,0.1,5406835;5625403;5827213;6085548;6378977;6432455;6508870;6892238;7024516;7235566,False
reference_pool,11381,9065,10,1.0,5325623;5329749;5344430;5355883;5391496;5414713;5425029;5836861;6037126;6244978,False
reference_pool,11381,9261,10,1.0,5623705;5687723;5753927;5784941;5841646;5869216;6145323;6218552;6304404;6367926,False
reference_pool,11381,9684,10,0.45,5333957;5365579;5381894;5395599;5423512;5446507;5542203;5612609;5715753;5729256,False
reference_pool,11381,9696,10,1.0,5342443;5350030;5425098;5554123;5584038;5699885;5708640;5950620;6041429;6272067,False
reference_pool,11381,9743,10,1.0,5357566;5364647;5391033;5409430;5568880;5651283;5677448;5728302;5778913;5793362,False
reference_pool,11381,9815,10,1.0,5344971;5480875;5548234;5576026;5615034;5930621;5999841;6099471;6123417;6246505,False
reference_pool,11381,9831,10,0.8,5325626;5376728;5623138;5655778;5676704;5810973;5816701;5831326;5847864;6311489,False
reference_pool,11381,9842,10,0.9,5378257;5405030;5416142;5453237;5499502;5585560;5633703;5720032;5768140;6288287,False
reference_pool,11381,9858,10,0.7,5325619;5481372;5673183;5782918;5798791;5844379;5875499;5936448;6032485;6194040,False
reference_pool,11381,9933,10,0.9,5724171;5728164;5730150;5786361;5831483;6241341;6250792;6284347;6503198;6520418,False
reference_pool,11381,10059,10,0.95,5404204;5424843;5429497;5449360;5496445;5502747;5617190;5692022;5729789;5738238,False
reference_pool,11391,2284,10,0.9,5384558;5390411;5410384;5633048;5637894;5655533;5690056;5738235;5738924;5759277,False
reference_pool,11391,2475,10,0.8,5448948;5459281;5569998;5614543;5668237;5794013;6458023;6738967;6758105;6765993,False
reference_pool,11391,2743,10,0.7,5326082;5369498;5413944;5449194;5459852;5507255;5509905;5611133;5629151;5644802,False
reference_pool,11391,2784,10,0.35,5389958;5395277;5451916;5466173;5570683;5601438;5655624;5655674;5692527;5738811,False
reference_pool,11391,2804,10,0.75,5343835;5475934;5541808;5547860;5635169;5655473;5715710;5748131;5789810;5821094,False
reference_pool,11391,2862,10,1.0,5345716;5347653;5435837;5465532;5466430;5466492;5572009;5604132;5631950;5639394,False
reference_pool,11391,2876,10,1.0,5338773;5372456;5389932;5446716;5489889;5642916;5693178;5756768;5808036;5842257,False
reference_pool,11391,2901,10,1.0,5455176;5486255;5487905;5491116;5608275;5658584;5723833;5807678;5871480;6369057,False
reference_pool,11391,2907,10,0.9,5361991;5368512;5408605;5721113;5807206;5841787;5885477;5889232;5931499;6267693,False
reference_pool,11391,2914,10,0.9,5346938;5484470;5660287;5682984;5691528;5699251;5708699;5733676;5750709;5818646,False
reference_pool,11391,2995,10,1.0,5338824;5473638;5508723;5592746;5612064;5614461;5616632;5828275;5855741;6101067,False
reference_pool,11391,3172,10,0.9,5326900;5356092;5386373;5419510;5483110;5625019;5640393;5697007;5769486;6107118,False
reference_pool,11391,3250,10,1.0,5463965;5572515;5611211;5657802;5685036;5688360;5757367;6051330;6054112;6054182,False
reference_pool,11391,3277,10,0.7,5384863;5391135;5455576;5476683;5478903;5574845;5577352;5605605;5733672;5736330,False
reference_pool,11391,3304,10,1.0,5542350;5590641;5627490;5695138;5774776;5826201;5827474;5855849;5858899;5881080,False
reference_pool,11391,3400,10,1.0,5337053;5343871;5360787;5480580;5480968;5553877;5585563;5698963;5733579;5763981,False
reference_pool,11391,3413,10,1.0,5326089;5429041;5430311;5436762;5541453;5544593;5557355;5600676;5723680;5795311,False
reference_pool,11391,3420,10,0.9,5326092;5326784;5375827;5497466;5542766;5628602;5635502;5730024;5756794;5808973,False
reference_pool,11391,3424,10,1.0,5356885;5442014;5493306;5546728;5646202;5672696;5912392;5931771;6087103;6449749,False
reference_pool,11391,3524,10,1.0,5327001;5358456;5572099;5610752;5666355;5805311;5830500;5838930;5904505;6011914,False
reference_pool,11391,3574,10,0.7,5353106;5409758;5706011;5772115;5798698;5834306;6094293;6239992;6259760;6277771,False
reference_pool,11391,3629,10,1.0,5390461;5569416;5743980;5795878;5845377;6095727;6123030;6146327;6580479;6791048,False
reference_pool,11391,3639,10,0.5,5507027;5654497;5797773;5904717;6010340;6047082;6101771;6225804;6582090;6620142,False
reference_pool,11391,3778,10,0.9,5326063;5326080;5332573;5354650;5461836;5574879;5607491;5696826;5707595;5745388,False
reference_pool,11391,3948,10,0.85,5356550;5400406;5556356;5617827;5643808;5862980;6271599;6518005;6562492;6723519,False
reference_pool,11391,4130,10,1.0,5378143;5420016;5455846;5477862;5507886;5597715;5606419;5719447;5723260;5738966,False
reference_pool,11391,4168,10,1.0,5326071;5368010;5446902;5502871;5546574;5653962;5681874;5708378;5811228;5879377,False
reference_pool,11391,4364,10,1.0,5375438;5419105;5422010;5460156;5562191;5617659;5662241;5798615;5871056;5872285,False
reference_pool,11391,4390,10,0.7,5347713;5377391;5379930;5428388;5492958;5509816;5546904;5582942;5812989;5919733,False
reference_pool,11391,4462,10,0.95,5332042;5476201;5594070;5671748;5730274;5779423;5798247;5940727;6043254;6281236,False
reference_pool,11391,4472,10,1.0,5589890;5632923;5739553;5839870;5873041;5878925;6030239;6236385;6330474;6364997,False
reference_pool,11391,4517,10,0.3,5475491;5509394;5768056;5781254;5828827;6028578;6198634;6362072;6707489;6931032,False
reference_pool,11391,4535,10,0.3,5351516;5354289;5379355;5449059;5464385;5623893;5663012;5715890;5744875;5747595,False
reference_pool,11391,4628,10,0.9,5507106;5554425;5602858;5634033;5659346;5805182;5860975;5938526;6091592;6235695,False
reference_pool,11391,4700,10,0.0,5326665;5343086;5379818;5627172;5867059;5927912;6147228;6162888;6358299;6470289,False
reference_pool,11391,4727,10,0.9,5398861;5414478;5436272;5544314;5572002;5630756;5721608;5763770;5771902;5824499,False
reference_pool,11391,4731,10,0.7,5450630;5455173;5498612;5556932;5588579;5607063;5637792;5658208;5689158;5896457,False
reference_pool,11391,4858,10,1.0,5326067;5355431;5382067;5405415;5496366;5585158;5615525;5642481;5684619;5715225,False
reference_pool,11391,5104,10,1.0,5426600;5471423;5481706;5552853;5599385;5694344;6255232;6384978;6492880;6588900,False
reference_pool,11391,5231,10,1.0,5358240;5422907;5573815;5807560;5835698;5979684;6100671;6226354;6590780;6685757,False
reference_pool,11391,5608,10,0.5,5326068;5366339;5375004;5493762;5593423;5774171;5775329;5781099;5832594;5842124,False
reference_pool,11391,6109,10,1.0,5399952;5549087;5596364;5624869;5637416;5651812;5845823;5847035;5850223;5939710,False
reference_pool,11391,6696,10,1.0,5422496;5446358;5644203;5670251;5828222;5953065;6042475;6084134;6089067;6272596,False
reference_pool,11391,7138,10,1.0,5334261;5342359;5350426;5435593;5474199;5476259;5657510;5704752;5735032;5820536,False
reference_pool,11391,7535,10,1.0,5346666;5453559;5486900;5603658;5626930;5756048;5764733;5835254;5863478;5927935,False
reference_pool,11391,8186,10,1.0,5332485;5373078;5686191;5842160;6105944;6325049;6745054;6877776;6988589;7233990,False
reference_pool,11391,8301,10,0.3,5435050;5489288;5497271;5507043;5636917;5661461;5749562;5767546;5826327;5924949,False
reference_pool,11391,8332,10,1.0,5354605;5386151;5433407;5612399;5640047;5739505;5798555;5810944;5845351;6040900,False
reference_pool,11391,8360,10,1.0,5356994;5411401;5441745;5458228;5460447;5467731;5467749;5582775;5614403;5681811,False
reference_pool,11391,8397,10,1.0,5332294;5365765;5407238;5418096;5459442;5462849;5559014;5586444;5610862;5623961,False
reference_pool,11391,8414,10,0.0,5429915;5490064;5820080;5839624;5842040;5872012;5910441;6064100;6120473;6241960,False
reference_pool,11391,8419,10,0.8,5360778;5596584;5663321;6139964;6263648;6412898;6589957;6650833;6854179;7054653,False
reference_pool,11391,8434,10,1.0,5370867;5387565;5395550;5447679;5500797;5627082;5793428;5841649;5930488;5932872,False
reference_pool,11391,8510,10,0.1,5400444;5503570;5560862;5606107;5807822;5862669;5935085;6146939;6415565;6631397,False
reference_pool,11391,8562,10,0.2,5326065;5443410;5459934;5677273;5707715;5753249;5863687;5887820;5904940;6025438,False
reference_pool,11391,8602,10,1.0,5543525;5615682;5653098;5658250;5722918;5760367;5767796;5799665;5846491;5871822,False
reference_pool,11391,8607,10,0.0,5346991;5364278;5398483;5422175;5435652;5620733;5652626;5661737;5688315;5738816,False
reference_pool,11391,8647,10,0.6,5332646;5404783;5492301;5544608;5562394;5627313;5647704;5690320;5852568;5906196,False
reference_pool,11391,8676,10,1.0,5376108;5480541;5695761;5745758;5834622;5861862;6026889;6370575;6461034;6637046,False
reference_pool,11391,8712,10,0.8,5346490;5404165;5481007;5504855;5509083;5594568;5626913;5671047;5746402;6055101,False
reference_pool,11391,8748,10,1.0,5426121;5582929;5614169;5628721;5635158;5883836;5937033;6189847;6304686;6383560,False
reference_pool,11391,8749,10,0.85,5397436;5400036;5469151;5550923;5572219;5609045;5721588;5732033;5847937;5928170,False
reference_pool,11391,8802,10,0.8,5334727;5454852;5656758;5672206;5721472;5851506;5906987;5950767;6022682;6311106,False
reference_pool,11391,8825,10,0.3,5326064;5510103;5556637;5617489;5679160;5714598;5815766;5846851;5869680;6175980,False
reference_pool,11391,8828,10,0.3,5373485;5396618;5559878;5639850;5668550;5714968;5772900;5877449;5887731;5911444,False
reference_pool,11391,8834,10,0.0,5343749;5346841;5503306;5607709;5746271;5750960;5795104;5797032;5823425;5833766,False
reference_pool,11391,8841,10,0.1,5414091;5553271;5605399;5611490;5635332;5653997;5670062;5703936;5821424;5988182,False
reference_pool,11391,8965,10,0.9,5389389;5406593;5412250;5551781;5583633;5661149;5718748;5867996;6034919;6240574,False
reference_pool,11391,9048,10,0.2,5357392;5361717;5367295;5462256;5496608;5717756;5866672;5868622;5948131;6326383,False
reference_pool,11391,9049,10,0.3,5412334;5474392;5504313;5547619;5610302;6192065;6248490;6394502;6412725;6514483,False
reference_pool,11391,9065,10,1.0,5375474;5630831;5743152;5790340;5820735;5847956;5852936;6200624;6297975;6426815,False
reference_pool,11391,9261,10,1.0,5326076;5437700;5474905;5558085;5591569;5611445;5723882;5775721;5800226;5844599,False
reference_pool,11391,9684,10,0.0,5342410;5376769;5387526;5389984;5416917;5463178;5558957;5589668;5606995;5686576,False
reference_pool,11391,9696,10,1.0,5443294;5501109;5576694;5590743;5593594;5828047;5893633;6071722;6333843;6492432,False
reference_pool,11391,9743,10,1.0,5345672;5479640;5557031;5636887;5655909;5715082;5860424;6014011;6029969;6231190,False
reference_pool,11391,9815,10,1.0,5353617;5552095;5604991;5647399;5924207;6087885;6124448;6129455;6201253;6376082,False
reference_pool,11391,9831,10,0.7,5396190;5484874;5614213;5744118;5828726;5834293;6015206;6070504;6364967;7184782,False
reference_pool,11391,9842,10,0.7,5335436;5374676;5389118;5408787;5411241;5449066;5449799;5476054;5555943;5572686,False
reference_pool,11391,9858,10,0.8,5366697;5457317;5482540;5492386;5578252;5592886;5668549;5725887;5758324;5758427,False
reference_pool,11391,9933,10,1.0,5397586;5448220;5592732;5647840;5686938;5716414;5726404;5727756;5798256;5801268,False
reference_pool,11391,10059,10,0.9,5342887;5376802;5422054;5433710;5614728;5652283;5656628;5670364;5811162;5833841,False
reference_pool,11398,2284,10,1.0,5326346;5330937;5368137;5396551;5462783;5489345;5612125;5668197;5791263;5882055,False
reference_pool,11398,2475,10,0.9,5443005;5476794;5480748;5503434;5635353;5638423;5659776;5669653;5786184;5791247,False
reference_pool,11398,2743,10,1.0,5429547;5558272;5683634;5756269;5805310;5805666;5921469;6140967;6265927;7037403,False
reference_pool,11398,2784,10,0.9,5379767;5627332;5631012;5663815;5791654;5836083;6173333;6215406;6226982;6564148,False
reference_pool,11398,2804,10,1.0,5408412;5418325;5568033;5891766;6137472;6233736;6835040;6917229;7129632;7183361,False
reference_pool,11398,2862,10,1.0,5348710;5366298;5398554;5417684;5423129;5424804;5437651;5450133;5503441;5725587,False
reference_pool,11398,2876,10,1.0,5437775;5494544;5645331;5691348;5731258;5820522;6181629;6272633;6475127;6483001,False
reference_pool,11398,2901,10,1.0,5326342;5445693;5461032;5467687;5497007;5505455;5648744;5754008;5802322;6148726,False
reference_pool,11398,2907,10,1.0,5326347;5385578;5389518;5412592;5428222;5474424;5585596;5646104;5684665;5691478,False
reference_pool,11398,2914,10,1.0,5326340;5387171;5412857;5477842;5578007;5609711;5837449;5889338;5891955;6055112,False
reference_pool,11398,2995,10,0.9,5353557;5508671;5559657;5626869;5631386;5883147;6129790;6264569;6292989;6378166,False
reference_pool,11398,3172,10,0.95,5348432;5385257;5435204;5614664;5617462;5737214;5797790;5800827;5823833;5863350,False
reference_pool,11398,3250,10,1.0,5326348;5342670;5389348;5473335;5557507;5583434;5709427;5748056;5908824;6200724,False
reference_pool,11398,3277,10,1.0,5408567;5415262;5623356;5812168;6069695;6138523;6148921;6294739;6305926;6321770,False
reference_pool,11398,3304,10,1.0,5466721;5629540;5910611;5911912;6079501;6162468;6235020;6312130;6610506;6673160,False
reference_pool,11398,3400,10,1.0,5334118;5373907;5620621;5655148;5673018;5789751;6317490;6358156;6612365;6700787,False
reference_pool,11398,3413,10,0.95,5390676;5399252;5440625;5441276;5476347;5611329;5633127;5729965;5745489;5807886,False
reference_pool,11398,3420,10,1.0,5335959;5354921;5435915;5436801;5624256;5740871;5989336;6373627;6887992;7042933,False
reference_pool,11398,3424,10,1.0,5383319;5384567;5422984;5452003;5484772;5734358;5735435;6112611;6220633;6452078,False
reference_pool,11398,3524,10,1.0,5407496;5692493;5758174;5774127;5835011;5851500;5854791;5936249;6038889;6082187,False
reference_pool,11398,3574,10,0.9,5405478;5455936;5507915;5583274;5638045;5712557;5727454;5850106;5869573;6047840,False
reference_pool,11398,3629,10,1.0,5336492;5413449;5476111;5504746;5583649;5673983;5796944;6353605;6408509;6496846,False
reference_pool,11398,3639,10,0.8,5326353;5569992;5615897;5635899;5685686;5805944;5817167;5915981;6025769;6315293,False
reference_pool,11398,3778,10,1.0,5412067;5453628;5600039;6037910;6178800;6305280;6383822;6398623;6651007;7096169,False
reference_pool,11398,3948,10,0.9,5450907;5464765;5643671;5645137;5650049;5697670;5717311;5787508;6261600;6513414,False
reference_pool,11398,4130,10,0.85,5426124;5427955;5431366;5662814;5729990;5871975;5954153;5986858;6055462;6074359,False
reference_pool,11398,4168,10,1.0,5396651;5434161;5441602;5496268;5499875;5503735;5621930;5704152;5772336;5910374,False
reference_pool,11398,4364,10,1.0,5326343;5378756;5378782;5546917;5572897;5650947;5680465;5731659;5896947;5924184,False
reference_pool,11398,4390,10,0.85,5330343;5336038;5419464;5502618;5504922;5581219;5584650;5748209;5830559;5841097,False
reference_pool,11398,4462,10,0.9,5336485;5336573;5464094;5607574;5604315;5618228;5647332;5666159;5674570;5805005,False
reference_pool,11398,4472,10,1.0,5326334;5356599;5385802;5508430;5571144;5617484;5670089;5715432;5760311;5813779,False
reference_pool,11398,4517,10,0.9,5389232;5411126;5509379;5576753;5576889;5587753;5600154;5641391;5646437;5680397,False
reference_pool,11398,4535,10,0.6,5368930;5494114;5548531;5593111;5652393;5672780;5693664;5723475;5815424;5865019,False
reference_pool,11398,4628,10,0.8,5381090;5424930;5584828;5587076;5702097;5757084;5858736;5860644;6302256;6376500,False
reference_pool,11398,4700,10,0.0,5477194;5557340;5626415;5637697;5653849;5679412;5813854;5891228;5948504;6026344,False
reference_pool,11398,4727,10,1.0,5343924;5346085;5374939;5393360;5404599;5480502;5630400;5850858;5931115;5933173,False
reference_pool,11398,4731,10,0.9,5363899;5397914;5408725;5480913;5502415;5547039;5609777;5713986;5780038;5853506,False
reference_pool,11398,4858,10,1.0,5368803;5372158;5378274;5382724;5478377;5497043;5501499;5616831;5780520;5784676,False
reference_pool,11398,5104,10,1.0,5326339;5382885;5416875;5446033;5476115;5605331;5620627;5682214;5779081;5787827,False
reference_pool,11398,5231,10,1.0,5441741;5454483;5495632;5600420;5619323;5629771;5748289;5772591;5807710;5904656,False
reference_pool,11398,5608,10,0.4,5326357;5326354;5420952;5498893;6048473;6364468;6480939;6714436;6774366;7061476,False
reference_pool,11398,6109,10,1.0,5356835;5373068;5441404;5559894;5713336;5723252;5750453;5759415;5765218;5824372,False
reference_pool,11398,6696,10,1.0,5342495;5343032;5423812;5453153;5477029;5477890;5479752;5579614;5673830;5743231,False
reference_pool,11398,7138,10,1.0,5328653;5370713;5407654;5423518;5498279;5601379;5658529;6242906;6406965;6484917,False
reference_pool,11398,7535,10,1.0,5375182;5477006;5493695;5546387;5547395;5598603;5727694;5896273;5945639;5995470,False
reference_pool,11398,8186,10,1.0,5384491;5396786;5651678;5679231;5796608;5867016;6133551;6201519;6207402;6280112,False
reference_pool,11398,8301,10,0.5,5326360;5349705;5361557;5361739;5364784;5407421;5444291;5574522;5581365;5683129,False
reference_pool,11398,8332,10,1.0,5333635;5357389;5441579;5449097;5474514;5580580;5673302;5738616;5745084;5852266,False
reference_pool,11398,8360,10,1.0,5326345;5331565;5333860;5342731;5398247;5471736;5580286;5828102;5924124;6036350,False
reference_pool,11398,8397,10,1.0,5497710;5508458;5773686;6057947;6064072;6103278;6222493;6237525;6299161;6454366,False
reference_pool,11398,8414,10,0.0,5408406;5489269;5615537;5655978;5691977;5817288;5826121;6037783;6097668;6316668,False
reference_pool,11398,8419,10,1.0,5374124;5508004;5510050;5510734;5511430;5586114;5637850;5724429;5794407;5801861,False
reference_pool,11398,8434,10,1.0,5335666;5368633;5370589;5486028;5688612;5773562;6105050;6264042;6277839;6521597,False
reference_pool,11398,8510,10,0.5,5342769;5427911;5746055;5755445;5787817;5903895;5997132;6005792;6135473;6378152,False
reference_pool,11398,8562,10,0.7,5382212;5425446;5474091;5869654;5872844;5985418;6101731;6143503;6284982;6361331,False
reference_pool,11398,8602,10,1.0,5393075;5402289;5406339;5470296;5594536;5627631;5661641;5712278;5789765;5927266,False
reference_pool,11398,8607,10,0.5,5406579;5422588;5462514;5496148;5622895;5774904;5804648;5829502;5924685;6118930,False
reference_pool,11398,8647,10,1.0,5326333;5390975;5479735;5550964;5613983;5700923;5881574;6029308;6167618;6202053,False
reference_pool,11398,8676,10,1.0,5344740;5357601;5611498;5644953;5725698;5759045;5768054;5864393;6091247;6269781,False
reference_pool,11398,8712,10,1.0,5326344;5350142;5370897;5398673;5409084;5429266;5611991;5661896;5702219;5834446,False
reference_pool,11398,8748,10,1.0,5367601;5421594;5455110;5552282;5593887;5618294;5624875;5676394;5685333;5688902,False
reference_pool,11398,8749,10,1.0,5387709;5411164;5471474;5583394;5619330;5628735;5689874;5717488;5764068;6072568,False
reference_pool,11398,8802,10,0.95,5501703;5569874;5644084;5723605;5781003;5789613;5881662;5889955;5898716;5932053,False
reference_pool,11398,8825,10,0.55,5345508;5374733;5379198;5439031;5550602;5599579;5677372;5690570;5844217;5846352,False
reference_pool,11398,8828,10,0.6,5355500;5372837;5489914;5551650;5562128;5660527;5702944;5784049;6612714;6936872,False
reference_pool,11398,8834,10,0.7,5407669;5560023;5619149;5716638;5875174;5890497;5895005;6565964;6847085;7386047,False
reference_pool,11398,8841,10,0.3,5435334;5444033;5497731;5544105;5548189;5560280;5562333;5574284;5805091;5812785,False
reference_pool,11398,8965,10,1.0,5353312;5605069;5670723;5771831;5787258;5848879;5920892;5936263;5955424;6007339,False
reference_pool,11398,9048,10,0.5,5347228;5347373;5395910;5451621;5468307;5498828;5655977;5722631;5804290;5940685,False
reference_pool,11398,9049,10,0.4,5350892;5666916;5696228;5724840;5733225;5843515;5856576;6184257;6218778;6386276,False
reference_pool,11398,9065,10,1.0,5393273;5405474;5416445;5497815;5638673;5673869;5831393;6132528;6467960;7237716,False
reference_pool,11398,9261,10,1.0,5362582;5369431;5391149;5826144;5894985;5910531;6134359;6139945;6154536;6291159,False
reference_pool,11398,9684,10,0.6,5359633;5576992;5705370;5731338;5731809;5786791;6019453;6173768;6400352;6554668,False
reference_pool,11398,9696,10,1.0,5334284;5442806;5443098;5452002;5551645;5588609;5687990;5722929;6280390;6367675,False
reference_pool,11398,9743,10,1.0,5367687;5392963;5414527;5546671;5596415;5772444;5848501;5880231;5987094;6083501,False
reference_pool,11398,9815,10,1.0,5340733;5371497;5380612;5395047;5415294;5497241;5573994;5608443;5663432;5809379,False
reference_pool,11398,9831,10,1.0,5336061;5375626;5450921;5560679;5589761;5745734;5747775;5902097;6050016;6094296,False
reference_pool,11398,9842,10,0.9,5416041;5461539;5639202;5667207;5719630;5888491;6161641;6163236;6178725;6303754,False
reference_pool,11398,9858,10,0.9,5354636;5454958;5504250;5548130;5598621;5601690;5733232;5768861;5796505;5805593,False
reference_pool,11398,9933,10,1.0,5399768;5661596;5689110;5737937;5759396;5815151;5885044;5937850;6032964;6074903,False
reference_pool,11398,10059,10,1.0,5326341;5371614;5508130;5577641;5618385;5656203;6069280;6132704;6219230;6827948,False
reference_pool,11408,2284,10,1.0,5326721;5402281;5471112;5495452;5553377;5560204;5621750;5825278;5946975;6095124,False
reference_pool,11408,2475,10,0.5,5329012;5360683;5415979;5455882;5465273;5643690;5978328;6105819;6281258;6361625,False
reference_pool,11408,2743,10,0.6,5367857;5371912;5409250;5460995;5465804;5542742;5597157;5633207;5649186;5916141,False
reference_pool,11408,2784,10,0.0,5326728;5474242;5571260;5579383;5604055;5666787;5797734;6032959;6244198;6312967,False
reference_pool,11408,2804,10,0.4,5371353;5470585;5502110;5557207;5575506;5641948;5758817;5810647;5837394;5841053,False
reference_pool,11408,2862,10,0.7,5333444;5479709;5580111;5611157;5641031;5783904;5817432;6104276;6295047;6329996,False
reference_pool,11408,2876,10,0.6,5378847;5403084;5445235;5471350;5580587;5620439;5651582;5856330;5946412;6026066,False
reference_pool,11408,2901,10,0.65,5326709;5363876;5421639;5475713;5561810;5634990;5899162;6252060;6356589;6451203,False
reference_pool,11408,2907,10,0.5,5397291;5451680;5503960;5510113;5592454;5684804;5700961;5724854;5730484;5767843,False
reference_pool,11408,2914,10,0.6,5345358;5367033;5373429;5443856;5464655;5485941;5542672;5549775;5583108;5658005,False
reference_pool,11408,2995,10,0.8,5446233;5506069;5577084;5624696;5874397;6186675;6214935;6240807;6271538;6889910,False
reference_pool,11408,3172,10,0.3,5640537;5646993;5705233;5742508;5782594;5819108;5827817;5863340;6034221;6158630,False
reference_pool,11408,3250,10,0.95,5348499;5449841;5694668;5911275;6104777;6208155;6292040;6302015;6631690;6976469,False
reference_pool,11408,3277,10,0.5,5326710;5355482;5424317;5427947;5510181;5632761;5692466;5810841;5889270;5935861,False
reference_pool,11408,3304,10,1.0,5326711;5369847;5450679;5462001;5757488;5798333;5895590;6111213;6285443;6437913,False
reference_pool,11408,3400,10,1.0,5359164;5445546;5487643;5489442;5579409;5594587;5615896;5658580;5716756;5723381,False
reference_pool,11408,3413,10,1.0,5385790;5395425;5576036;5589174;5612758;5618143;5703968;5723915;5738207;5904604,False
reference_pool,11408,3420,10,0.5,5343483;5427928;5438499;5454126;5507423;5547923;5569565;5672874;5748190;6045570,False
reference_pool,11408,3424,10,0.95,5361682;5407666;5645609;5657019;6401990;6407887;6535857;6561699;6589582;6590337,False
reference_pool,11408,3524,10,1.0,5568650;5614743;5820272;5869260;5927061;6372235;6488309;6548565;6612337;6667822,False
reference_pool,11408,3574,10,0.45,5474264;5508786;5580960;5731917;5743530;5816903;5923153;6165263;6282932;6358639,False
reference_pool,11408,3629,10,1.0,5415659;5470711;5613552;5882035;6135078;6257396;6332634;6387923;6461113;6542759,False
reference_pool,11408,3639,10,0.5,5326715;5335175;5339290;5428923;5437203;5442977;5477034;5507803;5573729;5624153,False
reference_pool,11408,3778,10,0.55,5381837;5414448;5431257;5499596;5674003;5876871;5889147;6087193;6298362;6583121,False
reference_pool,11408,3948,10,0.5,5373247;5542997;5585021;5654088;5716405;5734373;5754575;5841232;5841541;5867656,False
reference_pool,11408,4130,10,0.6,5369714;5381782;5384914;5612107;5649258;5649284;5747298;5768331;5846669;6083255,False
reference_pool,11408,4168,10,0.9,5326705;5546793;5611714;5622345;5635940;5707992;5752827;5848554;5878130;6165213,False
reference_pool,11408,4364,10,0.95,5423673;5478571;5579841;5791511;5833576;5894849;5900954;6136692;6168018;6179661,False
reference_pool,11408,4390,10,0.65,5446778;5488463;5509117;5581914;5602720;5605492;5867982;5922681;5951136;6015055,False
reference_pool,11408,4462,10,0.5,5601695;5616456;5624483;5812697;5874886;5895097;6048124;6058518;6183910;6220759,False
reference_pool,11408,4472,10,0.8,5545017;5663274;5732169;5821504;5828283;6213972;6231890;7172842;7489984;7490717,False
reference_pool,11408,4517,10,0.0,5359584;5390920;5420729;5436716;5667904;5796090;5890716;5936151;6012029;6020516,False
reference_pool,11408,4535,10,0.2,5712614;5784729;5909862;5911815;6067988;6088584;6301819;6507080;6697136;6752705,False
reference_pool,11408,4628,10,0.2,5384397;5424591;5487099;5638188;5766313;5811704;5881945;6247757;6353408;6381887,False
reference_pool,11408,4700,10,0.0,5395242;5400847;5592089;5868953;5869775;6087149;6233170;6304256;6365212;6530276,False
reference_pool,11408,4727,10,0.4,5410700;5505630;5593024;5735636;5737731;5840187;6066454;6071690;6210409;6221056,False
reference_pool,11408,4731,10,0.4,5326722;5557065;5611874;5627323;5631285;5685607;5734660;5738267;5810897;5871636,False
reference_pool,11408,4858,10,0.8,5326717;5390900;5492096;5497364;5616532;5631124;5681955;5828247;5921771;6357161,False
reference_pool,11408,5104,10,1.0,5347947;5383903;5752447;5778714;5816443;5902232;5926534;5933940;6146343;6153106,False
reference_pool,11408,5231,10,1.0,5387015;5451496;5461719;5496770;5569159;5587671;5643088;5725180;5730300;5764861,False
reference_pool,11408,5608,10,0.0,5326703;5383704;5451634;5473005;5503606;5576061;5876679;6126010;6142502;6209161,False
reference_pool,11408,6109,10,0.9,5326712;5326725;5353616;5419775;5442210;5554465;5596281;5674886;5770646;5795302,False
reference_pool,11408,6696,10,1.0,5341378;5365850;5377165;5427381;5438715;5482190;5504138;5604696;5754390;5828845,False
reference_pool,11408,7138,10,0.9,5438600;5557711;5586068;5703561;5804482;5841127;6171334;6228262;6526132;6526383,False
reference_pool,11408,7535,10,1.0,5326724;5435394;5606739;5784270;5819737;5884259;5952623;6049058;6243231;6370856,False
reference_pool,11408,8186,10,0.95,5326704;5385853;5416904;5445892;5599408;5635213;5696255;6232438;6324151;6362244,False
reference_pool,11408,8301,10,0.1,5367521;5556624;5587524;5592808;5763893;5889164;5895136;5932924;6014965;6262154,False
reference_pool,11408,8332,10,0.7,5391513;5456532;5548940;5553995;5594628;5623796;5626978;5654261;5694055;5909250,False
reference_pool,11408,8360,10,1.0,5400978;5497682;5559903;5614535;5721207;6031642;6051826;6185100;6193781;6480737,False
reference_pool,11408,8397,10,0.9,5336880;5342177;5382027;5479774;5604566;5666090;5676453;5696390;5760253;5843267,False
reference_pool,11408,8414,10,0.0,5326713;5329666;5377756;5402185;5661483;5761323;5843682;5852072;5893783;5911638,False
reference_pool,11408,8419,10,0.6,5469157;5493112;5556589;5841954;5870889;5897906;5933779;6261422;6481978;6839463,False
reference_pool,11408,8434,10,0.7,5370593;5379261;5468986;5497421;5553591;5554631;5642760;5739137;5761091;5782448,False
reference_pool,11408,8510,10,0.2,5329664;5373577;5393185;5462892;5574660;5698673;5787097;5787531;5839214;5888841,False
reference_pool,11408,8562,10,0.1,5326708;5449851;5484410;5499662;5644864;5647628;5860495;6040794;6045459;6062962,False
reference_pool,11408,8602,10,0.9,5358789;5373897;5402421;5452620;5601447;5744520;5777608;5812688;5876944;5878872,False
reference_pool,11408,8607,10,0.0,5365413;5383334;5399076;5543426;5543509;5547480;5594975;5669126;5699312;5821532,False
reference_pool,11408,8647,10,0.5,5360605;5480376;5501536;5558228;5558936;5574497;5628097;5692134;6344920;6469820,False
reference_pool,11408,8676,10,1.0,5424486;5445733;5642141;5739114;5867790;5868654;6261119;6336301;6498445;6632940,False
reference_pool,11408,8712,10,0.75,5425863;5449037;5627421;5651645;5737866;6037361;6122637;6128531;6143510;6352612,False
reference_pool,11408,8748,10,0.4,5358051;5364165;5425919;5432591;5478068;5482066;5489281;5585515;5590631;5643742,False
reference_pool,11408,8749,10,0.65,5340903;5367428;5371674;5376296;5499918;5506268;5648804;5677586;5789716;5797956,False
reference_pool,11408,8802,10,0.75,5354328;5372705;5410256;5418869;5455376;5590298;5640419;5674402;5789994;5818739,False
reference_pool,11408,8825,10,0.05,5329718;5363895;5453118;5541085;5548856;5638060;5648810;5693103;5780718;5800484,False
reference_pool,11408,8828,10,0.0,5347476;5423328;5493741;5499833;5546647;5770000;5862105;5864898;5906724;5941473,False
reference_pool,11408,8834,10,0.0,5389672;5853139;5905991;5987458;6021974;6266061;6305128;6526148;6613211;6646345,False
reference_pool,11408,8841,10,0.1,5420568;5478765;5592415;5626682;5674224;5718679;5778111;5892520;5941923;6056429,False
reference_pool,11408,8965,10,0.8,5378769;5556129;5808818;5812128;5850265;5909503;5942327;6828578;6995026;7033919,False
reference_pool,11408,9048,10,0.1,5409410;5623416;5758743;5800073;5804713;5806597;5818518;5858726;5878751;6668468,False
reference_pool,11408,9049,10,0.0,5476603;5510117;5680959;5692703;5807363;5874772;5879634;5959912;6152479;6272584,False
reference_pool,11408,9065,10,1.0,5461874;5613879;5720855;6197767;6382995;6570558;6767182;6836622;7069172;7209239,False
reference_pool,11408,9261,10,1.0,5363310;5370876;5373344;5458675;5508843;5546885;5620907;5680550;5760795;5839061,False
reference_pool,11408,9684,10,0.0,5338566;5350183;5361022;5362840;5429110;5572295;5589718;5621969;5818044;5830578,False
reference_pool,11408,9696,10,1.0,5397510;5420262;5424112;5434740;5442137;5465917;5484840;5599634;5665780;5674634,False
reference_pool,11408,9743,10,0.9,5553626;5595782;5675664;5678458;5687304;5829701;5884532;5922768;5937709;6030998,False
reference_pool,11408,9815,10,1.0,5341939;5345259;5345475;5394677;5484537;5627953;5728592;5729759;5751832;5753789,False
reference_pool,11408,9831,10,0.5,5378624;5499619;5555534;5614057;5645099;5686213;5826314;5941945;6064455;6091537,False
reference_pool,11408,9842,10,0.45,5332541;5435790;5444237;5458772;5938980;5980147;6004376;6042844;6151273;6405870,False
reference_pool,11408,9858,10,0.3,5338362;5384507;5615101;5692135;5737653;5901359;6146146;6200238;6349354;6440528,False
reference_pool,11408,9933,10,0.7,5386538;5455394;5548178;5614413;5653626;5693482;5695042;5722084;5772684;5903331,False
reference_pool,11408,10059,10,0.8,5460651;5543194;5603389;5655210;5719186;5844475;5879175;6256003;6270558;6424483,False
reference_pool,11430,2284,10,1.0,5417728;5507627;5584827;5609572;5610025;5616900;5653627;5683590;5723094;5738959,False
reference_pool,11430,2475,10,0.8,5371973;5419751;5444700;5504401;5643160;5686987;5742324;5796819;6026578;6045100,False
reference_pool,11430,2743,10,0.6,5327709;5381857;5423299;5488789;5591693;5656276;5720708;5722212;5742765;5833284,False
reference_pool,11430,2784,10,0.25,5378819;5440603;5464930;5481742;5630125;5636738;5659890;5666278;5718061;5765409,False
reference_pool,11430,2804,10,0.55,5328762;5481359;5498758;5548108;5712867;5753174;5755052;5768487;5784706;5872078,False
reference_pool,11430,2862,10,1.0,5327723;5328130;5403078;5584864;5635883;5648814;5875811;6169675;6750148;6800504,False
reference_pool,11430,2876,10,0.8,5365066;5405777;5413222;5465496;5665596;5691690;5874790;5893140;6125659;6274190,False
reference_pool,11430,2901,10,0.5,5327718;5351728;5354046;5361730;5396550;5405135;5462054;5467144;5644924;5708896,False
reference_pool,11430,2907,10,0.8,5337873;5341712;5409281;5501556;5666569;5714734;5806148;5949169;6391424;6465518,False
reference_pool,11430,2914,10,0.4,5361418;5419792;5428351;5435675;5610957;5615037;5622772;5768656;5818125;5863567,False
reference_pool,11430,2995,10,0.85,5390391;5462347;5589778;5622567;5714234;5806536;5827505;5888296;6038577;6170246,False
reference_pool,11430,3172,10,0.6,5327724;5375998;5509407;5560914;5672061;5856279;5937874;6096966;6392305;6401323,False
reference_pool,11430,3250,10,0.95,5332946;5337980;5377991;5389785;5480353;5553854;5558688;5743631;5768816;5905858,False
reference_pool,11430,3277,10,0.8,5327712;5328499;5391193;5484043;5568086;5733046;5760064;5786265;5810753;5857996,False
reference_pool,11430,3304,10,1.0,5447701;5473263;5567838;5672286;5829374;5901936;6270968;6524454;6559355;6717641,False
reference_pool,11430,3400,10,1.0,5398287;5423308;5425667;5449829;5462717;5477159;5556431;5596473;5621225;5657258,False
reference_pool,11430,3413,10,1.0,5327706;5450277;5460946;5490825;5508887;5580158;5686766;5746925;5853659;6227570,False
reference_pool,11430,3420,10,0.85,5337833;5348260;5392361;5404413;5405144;5507430;5548360;5873161;5895201;6275186,False
reference_pool,11430,3424,10,1.0,5339259;5480198;5490637;5541848;5578270;5753230;6175522;6216865;6346191;6544720,False
reference_pool,11430,3524,10,0.9,5334950;5503874;5699604;5744271;5826240;5858807;5936482;6042286;6115078;6209660,False
reference_pool,11430,3574,10,0.6,5365224;5415622;5485003;5825262;5861347;5894566;6073152;6373003;6406022;6531145,False
reference_pool,11430,3629,10,0.9,5337705;5355547;5364819;5371094;5457304;5785159;5823542;5829482;6375041;6396729,False
reference_pool,11430,3639,10,0.5,5329918;5385069;5452930;5571795;5617987;5707679;6036955;6171947;6313954;6669489,False
reference_pool,11430,3778,10,0.6,5327702;5471707;5761232;5807880;6022052;6048759;6057849;6091392;6116475;6177406,False
reference_pool,11430,3948,10,0.8,5478523;5480083;5703128;5801833;5814019;6039783;6427348;6441191;7190889;7501945,False
reference_pool,11430,4130,10,1.0,5374098;5381543;5386587;5401360;5670153;5688523;5734931;5761191;5863736;5926397,False
reference_pool,11430,4168,10,0.9,5365749;5379268;5422097;5476678;5614950;5706472;5770719;5850675;5877902;5901600,False
reference_pool,11430,4364,10,1.0,5399905;5404249;5432712;5675116;5735278;5768544;5771279;5787769;5861049;5867158,False
reference_pool,11430,4390,10,0.85,5490171;5579750;5651461;5698728;6097696;6145494;6221860;6316485;6388752;6440429,False
reference_pool,11430,4462,10,0.6,5349908;5352201;5363014;5415451;5421485;5421705;5429213;5474385;5545262;5580713,False
reference_pool,11430,4472,10,0.9,5435918;5568245;5605009;5620902;5733246;5775696;5835043;6145416;6164461;6257961,False
reference_pool,11430,4517,10,0.0,5567709;5592920;5600251;5653661;5753886;5786177;5901590;5939079;6136910;6171431,False
reference_pool,11430,4535,10,0.1,5332359;5367694;5386874;5544239;5606958;5629152;5636456;5709790;5784438;5860390,False
reference_pool,11430,4628,10,0.7,5356928;5378488;5410985;5458661;5576804;5577518;5587690;5786028;5845035;5933807,False
reference_pool,11430,4700,10,0.0,5327722;5406815;5454621;5472669;5746041;5747526;5784407;5847143;5915815;6065120,False
reference_pool,11430,4727,10,0.6,5327715;5580744;5600972;5627326;5634637;5736992;5746106;5902749;6027426;6071825,False
reference_pool,11430,4731,10,0.7,5461113;5643354;5668082;5743990;5819139;5821076;5834005;5863556;5883115;5943695,False
reference_pool,11430,4858,10,1.0,5350115;5403835;5461447;5709428;5756483;5878669;5912015;5973029;6219260;6368324,False
reference_pool,11430,5104,10,1.0,5364193;5400391;5444320;5483237;5888290;5925567;6954254;7038452;7120548;7223611,False
reference_pool,11430,5231,10,1.0,5328564;5361856;5398310;5421853;5574129;5647773;5724087;5734321;6110045;6172245,False
reference_pool,11430,5608,10,0.2,5331511;5406315;5434663;5503359;5504201;5599827;5694849;5722134;5861599;5864285,False
reference_pool,11430,6109,10,1.0,5406642;5407960;5410606;5707742;5927463;5927303;6016248;6031804;6066329;6135583,False
reference_pool,11430,6696,10,1.0,5354851;5551438;5579384;5813376;5880236;5891851;6524564;6675938;6995293;7201993,False
reference_pool,11430,7138,10,1.0,5361593;5370086;5398322;5407035;5556713;5559224;5613270;5686368;5732263;5777288,False
reference_pool,11430,7535,10,1.0,5488444;5682156;5803156;5908968;5953718;5994229;6038924;6068647;6098928;6145506,False
reference_pool,11430,8186,10,1.0,5362380;5426926;5433164;5458935;5465985;5585130;5585580;5662534;5733757;5804087,False
reference_pool,11430,8301,10,0.1,5443580;5624009;5668876;5796973;5934141;6103525;6285342;6508065;6944864;7104690,False
reference_pool,11430,8332,10,0.9,5332591;5403637;5433673;5441889;5510235;5604925;5721555;5745891;5752284;5787584,False
reference_pool,11430,8360,10,1.0,5343936;5347489;5359858;5383502;5590063;5600005;5710585;5812577;5814042;5883458,False
reference_pool,11430,8397,10,0.95,5641909;5656845;5758830;5817543;5891616;6162697;6252111;6328495;6457452;6727299,False
reference_pool,11430,8414,10,0.0,5492215;5509504;5544650;5578708;5583353;5586524;5597171;5602047;5662702;5734120,False
reference_pool,11430,8419,10,0.9,5382559;5550888;5623607;5702945;5718398;5863240;6585033;7009840;7013249;7097710,False
reference_pool,11430,8434,10,1.0,5327707;5401542;5630130;5690382;5804693;5843167;5922595;6085312;6351880;6356455,False
reference_pool,11430,8510,10,0.0,5430384;5468487;5483579;5571340;5649920;5688337;5697049;5783316;5834231;6224639,False
reference_pool,11430,8562,10,0.2,5382828;5421068;5431619;5509237;5604043;5640578;5777264;5784783;5877021;5884286,False
reference_pool,11430,8602,10,1.0,5334542;5448486;5454907;5487940;5669774;5859627;5997093;6043759;6686403;6730706,False
reference_pool,11430,8607,10,0.0,5359022;5375489;5593775;5610100;5632408;5877241;6097952;6330277;6351713;6378606,False
reference_pool,11430,8647,10,0.8,5363958;5419962;5488299;5500087;5502768;5734345;5743375;5821959;6006147;6074992,False
reference_pool,11430,8676,10,0.9,5339906;5346795;5363391;5403923;5473396;5756817;5811692;5816059;5818610;6101094,False
reference_pool,11430,8712,10,0.7,5346904;5450773;5497059;5603423;5616785;5619869;5630601;5698674;5778056;6097396,False
reference_pool,11430,8748,10,0.9,5402155;5485853;5601716;5640273;5682779;5737076;5770489;5786538;6262840;6313873,False
reference_pool,11430,8749,10,0.6,5329539;5352595;5452792;5454745;5681554;5803808;5832951;5877561;5908140;6048146,False
reference_pool,11430,8802,10,0.5,5327731;5377447;5378839;5396113;5432362;5458303;5483449;5578955;5586601;5626562,False
reference_pool,11430,8825,10,0.0,5560626;5572435;5572725;5624827;5629644;5652590;5672875;5702913;5711411;5768995,False
reference_pool,11430,8828,10,0.0,5327721;5399693;5600311;5656198;5761641;5821075;5942348;5946907;6129491;6760911,False
reference_pool,11430,8834,10,0.0,5327720;5386773;5393774;5394527;5458153;5500677;5554391;5838192;5840655;5873544,False
reference_pool,11430,8841,10,0.0,5396114;5450891;5458756;5585102;5796267;5810546;5844024;5866995;5933686;5942785,False
reference_pool,11430,8965,10,0.7,5545538;5626776;5833358;5889616;6067132;6077124;6290427;6477676;6583085;6944445,False
reference_pool,11430,9048,10,0.2,5334640;5349816;5361031;5397228;5405861;5426422;5699194;5751294;5924509;6019275,False
reference_pool,11430,9049,10,0.0,5357134;5487808;5498139;5727120;5830957;5902357;5933169;6078590;6085270;6192935,False
reference_pool,11430,9065,10,1.0,5327726;5330372;5449617;5453300;5460580;5616951;5632404;5648258;5856442;5860234,False
reference_pool,11430,9261,10,1.0,5378948;5453426;5454908;5548560;5597995;5715939;5843189;5894703;5927108;6151973,False
reference_pool,11430,9684,10,0.2,5412674;5455140;5560569;5710663;5765797;5874006;5878750;5883534;5898182;5906638,False
reference_pool,11430,9696,10,1.0,5366054;5465634;5505938;5684558;6317905;6559006;7114781;7175659;7218863;7457066,False
reference_pool,11430,9743,10,0.85,5389257;5470869;5580817;5660873;5810887;5859978;6313825;6752989;7003973;7122691,False
reference_pool,11430,9815,10,0.9,5366888;5560239;5605999;5679015;5682563;5690650;5801820;5813409;5823858;5842653,False
reference_pool,11430,9831,10,0.7,5329964;5352645;5408024;5466304;5485726;5581302;5684337;5737730;5859105;5931201,False
reference_pool,11430,9842,10,0.8,5328936;5448359;5459962;5581745;5628377;5637841;5663289;5695718;5716631;5811606,False
reference_pool,11430,9858,10,0.5,5374361;5403650;5436943;5487420;5491576;5495563;5496234;5774690;5822453;5922867,False
reference_pool,11430,9933,10,0.8,5392739;5406700;5583815;5596429;5613920;5675600;5697895;5775283;5816408;5835814,False
reference_pool,11430,10059,10,0.9,5327704;5331892;5347668;5363329;5372941;5462073;5656050;5675572;5796927;5930882,False
reference_pool,11436,2284,10,0.9,5348404;5425620;5450453;5503850;5505798;5595004;5760979;5797293;5939202;6080423,False
reference_pool,11436,2475,10,0.65,5411590;5424837;5441026;5489742;5735786;5879515;5910665;5969130;6005174;6100421,False
reference_pool,11436,2743,10,0.35,5361743;5446082;5714641;5757219;5816715;6136077;6166140;6184938;6321147;6349320,False
reference_pool,11436,2784,10,0.6,5347176;5375420;5435130;5460941;5599302;5643332;5655230;5673162;5735213;5822246,False
reference_pool,11436,2804,10,0.7,5360402;5436388;5439576;5586157;5642734;5663382;5814351;5820923;6140581;6248866,False
reference_pool,11436,2862,10,0.5,5628087;5716126;5720054;5797989;5905796;6310752;6496561;6615653;6647119;6664932,False
reference_pool,11436,2876,10,0.65,5339328;5434576;5469084;5471992;5505293;5509186;5545209;5556166;5556477;5597242,False
reference_pool,11436,2901,10,0.35,5348056;5795382;5836783;5865377;5900283;5917129;6061187;6266561;6894818;6936409,False
reference_pool,11436,2907,10,0.5,5343848;5369708;5381026;5394161;5429555;5461780;5561104;5669819;5747843;5754925,False
reference_pool,11436,2914,10,0.4,5585079;5607051;5648728;5655049;5668081;5694781;5731502;5752971;5807839;5819641,False
reference_pool,11436,2995,10,0.4,5442674;5458471;5608611;5611995;5636646;5674874;5784393;5787006;5833067;6023472,False
reference_pool,11436,3172,10,0.55,5447469;5574195;5577191;5611462;5756218;6043468;6072763;6137491;6154907;6261163,False
reference_pool,11436,3250,10,1.0,5337966;5553657;5662179;5749658;6304288;6542125;6589907;6829311;7427043;7614273,False
reference_pool,11436,3277,10,0.8,5327907;5327929;5334573;5553927;5570256;5580446;5770790;5889265;6212963;6254692,False
reference_pool,11436,3304,10,1.0,5338316;5346638;5462957;5593402;5734530;5758799;5761843;5835979;5878409;6120560,False
reference_pool,11436,3400,10,1.0,5373092;5376216;5379215;5501065;5503604;5703092;5753647;5843088;5977699;6157285,False
reference_pool,11436,3413,10,1.0,5341944;5508883;5561288;5757267;5764617;6026251;6094874;6304026;6536591;6674997,False
reference_pool,11436,3420,10,0.65,5327905;5383833;5394770;5455989;5465658;5495479;5577780;5631579;5646266;5817447,False
reference_pool,11436,3424,10,1.0,5331358;5342474;5372185;5435053;5554732;5654796;5742451;5750255;5824608;5877917,False
reference_pool,11436,3524,10,1.0,5399351;5493650;5595937;5628056;5632131;5717434;5734953;5763698;6241303;6245532,False
reference_pool,11436,3574,10,0.5,5327916;5577977;5633484;5669922;5672095;5676189;5786532;5810580;5847879;6140229,False
reference_pool,11436,3629,10,0.7,5369657;5377561;5377979;5403359;5440676;5470146;5498060;5695596;5734609;5814108,False
reference_pool,11436,3639,10,0.6,5369706;5428938;5504292;5550837;5569823;5606807;5626022;5946843;6025620;6506945,False
reference_pool,11436,3778,10,0.6,5327909;5327919;5357077;5386122;5483116;5493689;5558613;5645079;5688084;5765350,False
reference_pool,11436,3948,10,0.7,5446298;5575402;5605310;5797067;5798344;5827985;6087778;6364575;6418932;6457140,False
reference_pool,11436,4130,10,0.75,5418048;5585854;5643973;5738246;5767381;5816138;6064139;6162290;6250481;6691906,False
reference_pool,11436,4168,10,0.9,5327923;5327930;5427842;5428016;5469152;5470057;5492168;5556502;5560690;5775100,False
reference_pool,11436,4364,10,1.0,5329449;5456828;5662888;5710889;5772333;5809214;5857272;5900453;6131254;6224425,False
reference_pool,11436,4390,10,0.5,5393974;5395807;5438197;5464936;5561743;5574579;5630510;5649380;5734810;5924950,False
reference_pool,11436,4462,10,0.8,5362111;5391560;5431251;5510555;5592982;5687774;5780916;5802933;5807116;5946414,False
reference_pool,11436,4472,10,0.8,5341998;5371294;5381252;5456510;5489810;5618819;5626261;5806504;5808472;5850974,False
reference_pool,11436,4517,10,0.2,5438855;5644843;5666683;5730655;5802473;5843698;5865002;5874575;5882694;5939750,False
reference_pool,11436,4535,10,0.1,5351075;5586049;5753194;5814944;5973132;6026928;6056420;6086695;6123034;6492429,False
reference_pool,11436,4628,10,0.5,5355338;5401048;5401374;5423797;5489966;5675742;5693665;5738064;5843325;5856806,False
reference_pool,11436,4700,10,0.0,5358347;5619516;5626549;5634339;5657929;5809186;5822676;5930829;6075183;6235518,False
reference_pool,11436,4727,10,0.5,5359016;5385099;5405896;5413213;5471633;5494867;5552407;5811280;5860462;5885077,False
reference_pool,11436,4731,10,0.3,5431880;5597154;5608792;5622477;5676548;5737943;5758492;5811625;5846404;5893929,False
reference_pool,11436,4858,10,0.65,5358631;5384782;5460597;5490655;5582258;5657629;5858335;5860114;5873689;5880261,False
reference_pool,11436,5104,10,1.0,5412832;5432288;5478795;5492214;5559807;5693886;5696483;5704774;5712865;5727879,False
reference_pool,11436,5231,10,0.9,5329847;5410154;5647543;5691064;5740368;5880953;6051888;6348601;6368397;6831327,False
reference_pool,11436,5608,10,0.0,5336375;5423159;5552280;5629107;5633901;5644753;5693546;5733152;5820655;5854016,False
reference_pool,11436,6109,10,0.95,5397398;5399331;5437580;5452111;5475806;5592024;5629558;5640418;5688890;5697717,False
reference_pool,11436,6696,10,0.95,5368559;5425256;5593505;5617314;5682208;5688080;5704491;5721240;5745386;5763967,False
reference_pool,11436,7138,10,1.0,5360528;5399461;5402946;5424410;5441559;5463260;5482145;5541978;5572417;5645793,False
reference_pool,11436,7535,10,1.0,5403733;5441274;5456280;5495462;5615817;5759335;6073949;6769123;6834772;6838624,False
reference_pool,11436,8186,10,1.0,5466957;5471447;5663667;5723814;6154455;6209789;6265504;6765009;7014153;7064153,False
reference_pool,11436,8301,10,0.1,5327910;5362777;5485050;5633283;5754563;5834028;5876975;5897640;6221981;6634423,False
reference_pool,11436,8332,10,0.75,5382115;5601389;5858424;5909199;5919233;6035786;6036731;6068673;6127116;6310146,False
reference_pool,11436,8360,10,1.0,5327908;5403660;5487289;5578391;5627099;5732011;5740638;5851956;5922213;5923032,False
reference_pool,11436,8397,10,0.8,5327912;5378884;5428284;5430794;5442492;5495901;5551163;5590647;5668528;5675525,False
reference_pool,11436,8414,10,0.0,5332683;5372512;5455425;5546193;5678558;5769003;5880199;6187452;6222153;6282158,False
reference_pool,11436,8419,10,0.85,5356615;5379879;5440871;5442682;5577016;5671845;5735146;5770620;5784784;5853951,False
reference_pool,11436,8434,10,1.0,5327913;5327914;5327928;5353944;5405404;5405978;5406181;5406933;5493543;5550400,False
reference_pool,11436,8510,10,0.0,5433483;5621567;5681123;5954516;6052089;6122441;6132332;6463983;6496980;6547031,False
reference_pool,11436,8562,10,0.3,5327931;5787220;5828294;5861234;5867333;5877678;5916359;5942241;5998095;6248764,False
reference_pool,11436,8602,10,0.9,5342963;5359117;5447611;5460467;5561340;5849561;6045992;6315981;6456183;6499344,False
reference_pool,11436,8607,10,0.0,5446732;5454910;5479732;5573942;5579274;5632448;5800215;5819228;5848498;5916038,False
reference_pool,11436,8647,10,0.7,5384984;5430912;5499433;5622399;5677277;5782572;5847623;5953877;6028955;6123414,False
reference_pool,11436,8676,10,1.0,5327922;5357233;5399061;5602421;5611541;5648785;5697560;6183628;6383222;6775894,False
reference_pool,11436,8712,10,0.6,5370474;5380880;5416578;5585788;5656445;6018375;6091202;6264009;6293490;6398247,False
reference_pool,11436,8748,10,0.5,5358264;5388898;5394562;5428156;5460377;5510231;5654256;5701769;5804018;5820314,False
reference_pool,11436,8749,10,0.35,5433725;5448255;5507211;5556071;5623210;5707081;5764485;5780542;5816813;5859715,False
reference_pool,11436,8802,10,0.9,5327926;5372672;5379140;5602290;5655056;5686243;5909494;5941607;6401169;6732861,False
reference_pool,11436,8825,10,0.1,5365459;5395556;5401015;5673044;5699360;5761124;5852635;5919185;6095543;6243486,False
reference_pool,11436,8828,10,0.1,5385388;5385713;5471353;5473288;5475802;5659319;5684571;5741350;5838424;5892487,False
reference_pool,11436,8834,10,0.0,5353928;5377959;5424879;5437768;5636808;5663342;5665723;5754196;5869564;6115799,False
reference_pool,11436,8841,10,0.1,5386208;5420971;5462567;5500337;5684654;5831267;6166136;6255270;6257035;6323846,False
reference_pool,11436,8965,10,0.6,5395306;5443416;5541931;5627577;5656588;5676327;5765448;5783526;5929648;6189388,False
reference_pool,11436,9048,10,0.0,5327917;5327920;5346992;5408279;5408573;5694391;5694894;5716485;5744493;5775779,False
reference_pool,11436,9049,10,0.0,5452554;5464224;5774227;5853441;5854393;5933947;6036022;6111338;6261516;6338254,False
reference_pool,11436,9065,10,1.0,5386619;5473846;5492350;5682569;5728193;5793040;5816406;5822736;5864184;5908550,False
reference_pool,11436,9261,10,1.0,5422383;5867060;5902349;5902691;6270560;6381229;6390323;6864303;6963487;7797941,False
reference_pool,11436,9684,10,0.0,5348181;5389813;5451949;5471604;5681175;5684685;5711973;5772586;5799552;5817860,False
reference_pool,11436,9696,10,1.0,5327906;5371088;5447111;5479905;5595057;5631642;5639216;5676126;5735839;5813302,False
reference_pool,11436,9743,10,0.9,5350394;5448822;5479831;5578682;5621932;5625789;5630107;5671601;5766321;5882014,False
reference_pool,11436,9815,10,0.9,5376126;5428394;5451132;5461699;5628511;5634354;5640357;5672973;5723496;5754614,False
reference_pool,11436,9831,10,0.5,5397530;5483084;5616130;5721174;5736090;5751828;6075839;6455515;6662659;6706032,False
reference_pool,11436,9842,10,0.4,5394454;5568209;5615496;5832968;5875834;5895629;5946774;6024616;6083246;6523632,False
reference_pool,11436,9858,10,0.4,5430646;5483397;5500557;5628705;5637071;5697434;5700050;5752477;5761401;5867057,False
reference_pool,11436,9933,10,0.75,5350207;5405792;5406587;5505991;5676906;5819975;5844237;6058329;6140098;6258394,False
reference_pool,11436,10059,10,0.6,5327925;5340086;5341714;5372817;5393123;5395897;5429187;5480926;5607226;5754482,False
reference_pool,11438,2284,10,0.8,5391919;5426965;5436088;5569125;5657009;5679550;5691844;5718860;5792345;5808499,False
reference_pool,11438,2475,10,0.4,5418582;5423635;5490833;5549310;5550088;5687265;5688801;5704933;5730849;5856660,False
reference_pool,11438,2743,10,0.1,5333686;5382084;5382564;5405182;5406772;5446944;5505123;5643802;5680749;6201893,False
reference_pool,11438,2784,10,0.2,5662996;5701383;5730583;5844611;5878876;6023593;6083045;6383049;6635054;6640408,False
reference_pool,11438,2804,10,0.2,5456265;5488487;5501476;5588969;5877271;6023228;6054619;6070005;6143960;6600089,False
reference_pool,11438,2862,10,0.6,5337429;5360283;5402387;5482197;5586480;5699773;5773429;5797754;5820274;5826315,False
reference_pool,11438,2876,10,0.45,5383769;5401042;5548087;5570725;5606021;5657872;5783756;5807616;5819847;5933301,False
reference_pool,11438,2901,10,0.35,5351568;5358676;5373474;5377975;5479976;5556496;5588948;5612542;5625441;5752884,False
reference_pool,11438,2907,10,0.3,5360881;5365712;5495845;5541382;5707377;5745460;5777858;5784262;5860225;5867271,False
reference_pool,11438,2914,10,0.4,5402275;5416721;5459369;5509450;5811146;5876639;6255922;6311039;6799982;6877825,False
reference_pool,11438,2995,10,0.35,5358616;5406634;5480925;5510478;5546786;5677656;5681643;5691300;5711719;5739313,False
reference_pool,11438,3172,10,0.3,5331721;5340931;5382552;5655469;5765614;5803595;5810859;5836580;6081293;6356490,False
reference_pool,11438,3250,10,1.0,5362625;5398073;5634694;5945659;6036335;6517268;6600932;6720626;6869773;6889929,False
reference_pool,11438,3277,10,0.45,5457195;5481216;5498019;5504281;5557769;6334740;6378911;6856480;7009610;7428831,False
reference_pool,11438,3304,10,1.0,5342432;5462941;5464571;5486977;5544183;5626507;5628294;5662670;5837867;5870595,False
reference_pool,11438,3400,10,1.0,5355421;5409193;5444214;5677302;5739198;5907831;5920290;5929860;6082033;6555671,False
reference_pool,11438,3413,10,1.0,5365017;5449929;5464632;5474792;5596659;5635283;5748376;6018758;6196771;6501891,False
reference_pool,11438,3420,10,0.65,5327987;5362889;5505552;5603872;5615129;5779671;5798300;5798503;5820144;5916065,False
reference_pool,11438,3424,10,0.9,5480792;5489665;5653958;5734285;5872375;5922090;6203879;6281520;6355791;6373395,False
reference_pool,11438,3524,10,1.0,5368832;5497962;5555055;5587121;5589109;5638322;5680528;5691743;5807628;5877102,False
reference_pool,11438,3574,10,0.4,5346456;5441430;5459557;5487398;5608949;5669047;5909490;5926407;6122677;6560985,False
reference_pool,11438,3629,10,0.5,5358693;5396486;5455285;5491999;5569216;5665833;5729416;5856559;5888336;6118639,False
reference_pool,11438,3639,10,0.35,5347498;5401629;5424107;5473224;5486418;5493619;5554430;5557842;5603868;5715120,False
reference_pool,11438,3778,10,0.35,5677047;5686895;5692772;5697658;5716217;5762086;5796924;5860830;5927819;5938073,False
reference_pool,11438,3948,10,0.5,5337188;5371784;5391847;5442103;5469140;5487755;5577833;5589207;5590217;5696800,False
reference_pool,11438,4130,10,0.7,5478698;5548981;5598702;5654600;5667633;5784579;5795016;5796480;5890352;6091984,False
reference_pool,11438,4168,10,0.55,5358432;5369129;5390256;5407987;5409349;5413961;5474081;5560345;5694033;5710847,False
reference_pool,11438,4364,10,0.9,5447438;5456013;5489219;5574877;5608797;5708628;5716082;5758675;5854765;6210779,False
reference_pool,11438,4390,10,0.2,5341044;5387048;5405934;5443322;5495590;5633423;5687569;5805422;5854319;5858561,False
reference_pool,11438,4462,10,0.5,5327995;5339019;5365018;5392334;5445418;5507381;5700181;5783839;6127600;6169357,False
reference_pool,11438,4472,10,0.95,5355221;5355344;5386396;5440303;5474640;5551377;5612403;5656613;5759199;5780413,False
reference_pool,11438,4517,10,0.0,5346150;5419313;5560192;5619502;5775068;5819513;5850645;5918633;6240180;6263832,False
reference_pool,11438,4535,10,0.1,5327994;5343186;5387408;5407180;5600087;5685615;5718247;5748171;5979025;6371202,False
reference_pool,11438,4628,10,0.2,5408322;5427672;5442524;5483606;5552734;5561803;5595137;5685598;5713176;5724133,False
reference_pool,11438,4700,10,0.0,5379842;5455775;5477454;5552700;5675826;5684048;5778730;5876441;5952012;6094158,False
reference_pool,11438,4727,10,0.5,5327986;5343530;5374637;5410690;5449318;5479786;5481413;5501859;5557522;5637695,False
reference_pool,11438,4731,10,0.0,5327988;5362159;5368219;5393238;5394525;5600407;5692624;5766118;5844444;5849268,False
reference_pool,11438,4858,10,0.8,5335446;5434843;5585422;5674500;5679506;5727410;5745228;5804994;6000739;6100481,False
reference_pool,11438,5104,10,1.0,5348918;5639167;5695952;5765756;5949352;5993762;6074049;6172349;6478970;6507794,False
reference_pool,11438,5231,10,0.7,5395718;5417511;5420967;5440299;5486543;5582026;5591597;5823249;5839732;5857364,False
reference_pool,11438,5608,10,0.0,5495406;5625133;5635103;5700897;5732803;6069406;6129304;6192118;6293914;6384673,False
reference_pool,11438,6109,10,0.7,5328001;5387508;5488119;5488208;5602379;5814659;6045426;6077441;6318761;6553241,False
reference_pool,11438,6696,10,0.95,5339457;5390798;5392975;5446806;5630960;5701496;5746181;5865428;5893418;5938548,False
reference_pool,11438,7138,10,1.0,5346467;5355754;5361767;5454478;5635033;5650426;5652362;5741017;5742741;5765126,False
reference_pool,11438,7535,10,0.95,5484037;5823510;6259130;6750353;6870507;7173026;7280590;7360230;7662720;7677301,False
reference_pool,11438,8186,10,0.9,5327991;5401255;5557227;5630033;5911704;6478981;6574977;6967638;7075807;7215434,False
reference_pool,11438,8301,10,0.0,5342984;5432003;5456098;5739794;5820426;5846748;5953511;6121235;6254003;6336462,False
reference_pool,11438,8332,10,0.7,5376383;5389980;5462270;5482658;5657804;5669736;5744209;5947826;6082152;6236506,False
reference_pool,11438,8360,10,1.0,5339396;5665072;5687241;5780902;5817928;5942521;6116755;6179120;6194249;6270916,False
reference_pool,11438,8397,10,0.75,5329607;5422848;5432019;5472865;5508926;5614424;5652266;5657424;5730255;5880130,False
reference_pool,11438,8414,10,0.0,5365812;5431949;5435610;5491265;5496053;5548809;5569628;5699918;5726842;5791898,False
reference_pool,11438,8419,10,0.6,5327978;5327999;5329565;5345774;5636233;5683041;5878708;6079096;6124189;6257906,False
reference_pool,11438,8434,10,0.65,5366776;5410881;5433810;5441959;5500090;5561040;5643342;5670157;5676788;5681216,False
reference_pool,11438,8510,10,0.0,5348224;5420258;5751341;5816877;5926835;6112007;6258426;6448464;6502760;6580420,False
reference_pool,11438,8562,10,0.0,5344781;5353667;5387690;5434009;5456027;5460762;5493797;5615568;5661225;5698351,False
reference_pool,11438,8602,10,1.0,5417495;5553219;5797431;5804710;5838622;6272002;6295259;6375655;6497515;6647337,False
reference_pool,11438,8607,10,0.0,5327989;5432462;5434314;5508232;5553246;5579848;5693033;5736735;5950201;6122695,False
reference_pool,11438,8647,10,0.2,5345239;5378095;5428795;5430864;5487462;5558921;5637946;5662050;5717869;5771063,False
reference_pool,11438,8676,10,1.0,5328002;5425097;5445074;5583468;5619760;5641618;5677620;5680876;5773486;5817845,False
reference_pool,11438,8712,10,0.45,5369327;5389210;5614419;5697182;5699820;5791820;5794603;5834164;6029396;6105432,False
reference_pool,11438,8748,10,0.3,5366803;5393869;5475826;5481684;5482740;5558790;5651830;5743109;6133228;6142762,False
reference_pool,11438,8749,10,0.2,5338266;5339739;5341984;5408833;5556760;5580484;5600330;5668908;5699127;5738018,False
reference_pool,11438,8802,10,0.05,5332406;5374244;5377077;5443443;5470338;5486488;5486742;5499861;5504955;5577859,False
reference_pool,11438,8825,10,0.1,5362110;5401408;5458708;5459419;5485672;5542747;5546743;5679220;5861628;5866905,False
reference_pool,11438,8828,10,0.0,5344334;5393441;5588511;5660499;5661561;5779407;5824849;5852455;5877217;5896551,False
reference_pool,11438,8834,10,0.0,5473460;5484628;5489636;5626642;5645231;5747456;5815279;5829484;5894673;5990605,False
reference_pool,11438,8841,10,0.0,5327976;5409156;5673987;5756508;5813301;5871402;5883099;6026406;6118206;6151014,False
reference_pool,11438,8965,10,0.65,5327980;5418852;5445574;5445861;5489607;5587183;5627571;5670560;5703849;5760596,False
reference_pool,11438,9048,10,0.0,5375358;5393971;5402034;5544920;5587192;5619897;5651949;5690712;5730908;5754580,False
reference_pool,11438,9049,10,0.0,5327992;5328660;5491648;5717402;5731016;6126450;6163487;6489025;6835676;6840158,False
reference_pool,11438,9065,10,1.0,5355004;5433093;5446924;5554937;5669428;5681615;5715603;5736686;5737691;5820767,False
reference_pool,11438,9261,10,1.0,5327997;5385622;5415758;5455754;5553063;5623073;5749018;5752187;5759068;5800928,False
reference_pool,11438,9684,10,0.0,5327983;5629450;5642514;5692353;5733788;5742270;5765312;5794860;5807170;5864927,False
reference_pool,11438,9696,10,0.95,5348757;5349217;5370195;5375423;5626387;5641692;5644936;5705389;5768273;5950319,False
reference_pool,11438,9743,10,0.9,5330503;5343861;5364908;5415265;5421307;5471997;5591556;5646580;5652739;5783418,False
reference_pool,11438,9815,10,0.75,5358062;5370201;5472967;5662921;5702847;5745148;5908710;6058309;6824945;6832465,False
reference_pool,11438,9831,10,0.3,5327979;5329816;5331902;5377527;5448418;5475949;5640767;5729507;5833530;6170980,False
reference_pool,11438,9842,10,0.35,5353688;5374171;5467339;5592483;5596051;5680139;5831753;5862094;5969571;6067400,False
reference_pool,11438,9858,10,0.3,5400739;5450569;5499263;5510409;5543801;5553904;5584152;5632631;5700313;5701122,False
reference_pool,11438,9933,10,0.25,5327996;5411070;5422012;5573832;5669932;5670699;5752456;5780654;5828656;6033855,False
reference_pool,11438,10059,10,0.5,5398526;5417323;5441111;5446547;5446678;5468173;5496854;5646426;5679789;5782862,False
reference_pool,11439,2284,10,0.9,5372720;5493267;5571374;5623597;5673585;5675830;5702185;5716899;5728792;5840563,False
reference_pool,11439,2475,10,1.0,5335567;5448458;5457241;5506975;5618270;5714138;5746665;5809851;5834494;5839981,False
reference_pool,11439,2743,10,1.0,5364681;5371203;5589739;5603354;5677657;5690251;6148318;6221556;6321163;6402066,False
reference_pool,11439,2784,10,0.8,5332255;5359403;5395857;5423828;5427817;5442410;5457621;5666126;5694037;5758277,False
reference_pool,11439,2804,10,0.9,5403374;5441851;5581648;5595792;5606736;5639719;5674061;5720400;5767065;5867614,False
reference_pool,11439,2862,10,0.8,5328041;5328020;5493519;5511405;5587778;5702938;5752636;5799809;5806677;5823429,False
reference_pool,11439,2876,10,0.8,5339955;5392151;5433752;5510077;5541318;5618129;5627803;5651988;5780736;5791214,False
reference_pool,11439,2901,10,0.8,5330701;5413382;5462241;5466744;5490066;5643749;5648280;5747207;6063696;6216010,False
reference_pool,11439,2907,10,0.9,5350965;5387856;5398317;5447660;5644230;5716472;5767479;5996096;6076324;6370551,False
reference_pool,11439,2914,10,1.0,5328027;5436306;5542164;5545510;5653185;5659162;5679688;5698303;5787212;5817555,False
reference_pool,11439,2995,10,1.0,5433386;5775785;5802158;5839573;6261322;6346619;6498850;6673334;7382033;7499045,False
reference_pool,11439,3172,10,1.0,5506434;5602871;5659140;5728877;5822190;5839067;5847995;5874093;5927986;6005780,False
reference_pool,11439,3250,10,1.0,5328036;5416744;5553858;5573643;5575408;5607103;5653932;5774060;5794887;5838937,False
reference_pool,11439,3277,10,1.0,5386196;5449980;5658425;5919867;6000665;6405988;6434989;6615046;7102176;7451684,False
reference_pool,11439,3304,10,1.0,5464226;5668195;5860825;5922150;6030832;6162383;6163511;6178189;6205201;6265956,False
reference_pool,11439,3400,10,1.0,5328019;5334162;5365304;5388127;5666784;5688235;5753621;5812233;5861630;5883256,False
reference_pool,11439,3413,10,1.0,5343499;5375663;5652076;5712820;5815212;5851931;5864906;6003015;6278415;6346451,False
reference_pool,11439,3420,10,1.0,5328030;5369428;5437350;5553861;5715291;5774341;5848012;6028095;6187654;6300256,False
reference_pool,11439,3424,10,1.0,5375832;5391856;5417082;5446589;5474533;5548021;5569678;5600619;5807990;5939651,False
reference_pool,11439,3524,10,1.0,5371594;5499878;5812545;5885081;5935551;5936279;5988070;6007796;6200564;6311297,False
reference_pool,11439,3574,10,1.0,5487160;5503942;5601731;5619700;5721699;5730148;5741594;5849162;5853805;5949167,False
reference_pool,11439,3629,10,1.0,5542642;5710718;5823191;5896449;6000958;6638319;6767172;6847709;6929470;7193019,False
reference_pool,11439,3639,10,1.0,5366525;5476803;5562109;5593736;5824666;5874804;6152135;6194747;6277789;6404096,False
reference_pool,11439,3778,10,0.9,5384071;5455442;5601339;5689813;5718591;5748260;5806800;6239926;7277867;7463166,False
reference_pool,11439,3948,10,1.0,5484251;5485486;5605378;5650559;5713855;5768880;6243708;6301718;6332045;6359292,False
reference_pool,11439,4130,10,0.9,5577707;5707530;5815020;5898154;5909059;5924406;6019273;6129256;6194761;6534674,False
reference_pool,11439,4168,10,1.0,5328024;5346953;5456312;5593373;5600411;5633153;5670808;6070569;6210650;6363456,False
reference_pool,11439,4364,10,1.0,5365010;5409363;5431365;5489342;5573535;5582382;5596012;5679508;5751857;5756448,False
reference_pool,11439,4390,10,1.0,5468541;5507212;5637638;5695295;5716947;5766141;5810130;5852579;5954201;5975845,False
reference_pool,11439,4462,10,0.9,5328016;5342422;5438706;5444349;5454507;5466305;5692867;5767169;5767582;5820112,False
reference_pool,11439,4472,10,1.0,5328023;5434047;5787828;5846540;5902162;5905450;6377471;6601801;6903476;7267851,False
reference_pool,11439,4517,10,0.6,5413771;5458599;5544914;5553821;5700710;5739562;5766013;5876652;5903918;6201137,False
reference_pool,11439,4535,10,0.7,5350076;5357280;5550253;5552120;5581572;5663663;5720676;5811772;5863088;6011504,False
reference_pool,11439,4628,10,0.9,5328039;5486241;5620142;5687605;5690059;5711722;5833512;6126225;6168093;6341737,False
reference_pool,11439,4700,10,0.1,5328040;5357174;5367083;5451190;5506881;6525522;6544104;6672233;6861112;6883584,False
reference_pool,11439,4727,10,0.9,5628432;5783298;5937775;6061575;6188388;6416938;6549632;6592522;6650976;6877890,False
reference_pool,11439,4731,10,0.8,5391914;5485118;5509404;5546166;5574145;5633188;5700010;5706966;5737955;5803334,False
reference_pool,11439,4858,10,1.0,5345583;5633736;5749366;5835497;5858441;5872560;5906089;6079436;6101211;6294800,False
reference_pool,11439,5104,10,1.0,5387480;5412986;5469687;5615429;5670704;5868522;6076208;6097500;6263851;6754852,False
reference_pool,11439,5231,10,1.0,5366804;5418650;5506922;5661080;5730689;5794006;5799587;5828321;5926566;5961869,False
reference_pool,11439,5608,10,0.3,5398734;5443940;5488456;5546923;5568974;5582122;5709216;5714942;5767464;5878177,False
reference_pool,11439,6109,10,1.0,5453394;5469485;5575870;5654801;5708016;5713380;5717937;5767905;5893210;6368715,False
reference_pool,11439,6696,10,1.0,5399283;5423024;5450895;5593061;5608311;5708871;5754182;5952924;6010643;6130662,False
reference_pool,11439,7138,10,1.0,5341614;5451081;5603579;5652189;5672759;6059491;6070935;6108104;6869533;6920363,False
reference_pool,11439,7535,10,1.0,5395002;5577265;5618420;5636883;5715060;5764203;5854198;6037119;6227630;6332321,False
reference_pool,11439,8186,10,1.0,5407819;5471831;5574131;5580950;5600679;5621128;5637000;5669925;5693876;5720712,False
reference_pool,11439,8301,10,0.5,5328026;5395865;5421571;5460865;5505618;5559886;5639955;5765306;5818594;5969633,False
reference_pool,11439,8332,10,1.0,5354235;5394920;5579527;5660407;5819507;5951578;6021748;6021923;6024705;6093768,False
reference_pool,11439,8360,10,1.0,5359347;5365328;5374101;5409525;5447659;5475004;5477462;5547572;5682441;5761288,False
reference_pool,11439,8397,10,1.0,5364848;5418546;5437246;5630482;5654802;5677738;5726623;5731559;5769021;5839258,False
reference_pool,11439,8414,10,0.1,5378318;5443973;5559149;5686702;5809493;5838947;6066294;6114157;6348142;6630379,False
reference_pool,11439,8419,10,1.0,5363299;5378889;5390082;5428432;5441881;5446144;5497380;5504490;5510490;5586429,False
reference_pool,11439,8434,10,1.0,5329009;5338150;5412418;5450898;5465622;5635662;5654220;5699102;5748755;5798439,False
reference_pool,11439,8510,10,0.3,5340462;5420151;5608534;5717064;5835423;5840615;5864670;5943135;6809654;6829969,False
reference_pool,11439,8562,10,0.6,5328037;5383641;5387022;5474462;5501443;5542910;5584088;5616835;5693748;5740869,False
reference_pool,11439,8602,10,1.0,5329004;5362107;5423004;5586279;5594933;5615235;5669682;5712156;5734262;5791327,False
reference_pool,11439,8607,10,0.0,5428278;5561459;5628337;5728677;5731077;5818186;5947971;5992625;6971021;7042706,False
reference_pool,11439,8647,10,0.8,5542315;5617862;5637618;5644892;5702006;5807185;5872793;6065096;6149193;6427454,False
reference_pool,11439,8676,10,1.0,5328032;5343562;5560791;5751424;5768320;5801155;5864499;6031224;6034898;6206032,False
reference_pool,11439,8712,10,0.8,5543642;5720710;5805272;6132188;6248642;6253491;6272665;6891339;7023466;7054533,False
reference_pool,11439,8748,10,0.8,5376693;5385351;5427145;5491126;5557971;5568312;5623753;5821405;6172977;6234986,False
reference_pool,11439,8749,10,0.85,5411925;5602551;5631769;5817325;5841444;5901360;6007324;6104306;6327632;6339975,False
reference_pool,11439,8802,10,1.0,5350710;5394331;5436331;5461498;5498489;5569169;5577723;5660436;6021946;6361515,False
reference_pool,11439,8825,10,0.6,5473192;5504174;5573690;5594725;5616227;5720991;5783337;5807403;5818750;6057876,False
reference_pool,11439,8828,10,0.25,5328029;5338607;5406272;5543470;5580118;5728470;5900697;5926594;6205786;6377528,False
reference_pool,11439,8834,10,0.6,5410003;5419350;5436646;5464080;5504046;5550409;5838055;5921927;5934524;6288316,False
reference_pool,11439,8841,10,0.4,5392142;5451389;5469974;5504033;5621242;5643791;5663876;5770609;5825406;5869725,False
reference_pool,11439,8965,10,1.0,5328031;5702794;5740074;5752303;5811095;5861696;5866801;5876716;5884788;5890953,False
reference_pool,11439,9048,10,0.6,5474453;5485968;5654568;5661991;5765847;5813691;5850561;5859217;5950597;5951048,False
reference_pool,11439,9049,10,0.4,5355674;5415429;5418954;5431448;5485119;5613156;5648151;5675430;5680293;5697637,False
reference_pool,11439,9065,10,1.0,5385610;5462337;5569894;6022208;6138664;6159662;6314771;6606541;6863291;7198418,False
reference_pool,11439,9261,10,1.0,5351685;5369650;5474561;5511247;5591103;5686592;5719098;5720475;5734986;5801692,False
reference_pool,11439,9684,10,0.35,5361490;5386054;5461439;5487308;5494458;5690014;5781125;5855906;5923869;5950958,False
reference_pool,11439,9696,10,1.0,5335124;5345919;5401685;5425923;5483525;5615737;5842687;5894680;5896959;5899348,False
reference_pool,11439,9743,10,1.0,5367215;5480549;5486564;5588387;5604773;5868096;5880981;6170940;6367597;6433830,False
reference_pool,11439,9815,10,1.0,5552817;5611641;5722916;5733796;5807995;5856198;5867247;5927425;6237678;6281699,False
reference_pool,11439,9831,10,0.8,5460824;5550758;5669049;5749064;5812608;5908389;6108017;6227755;6666517;6757703,False
reference_pool,11439,9842,10,0.9,5341395;5373964;5650953;5799966;5849458;5884275;5894137;5926637;6041283;6051645,False
reference_pool,11439,9858,10,1.0,5372075;5409353;5617814;5645109;5657068;5691527;5697938;5756145;5863443;5905994,False
reference_pool,11439,9933,10,1.0,5328017;5410055;5568099;5621641;5622249;5632531;5690646;5728316;5803622;5816997,False
reference_pool,11439,10059,10,1.0,5501584;5506348;5582259;5632731;5809061;5849842;5863449;5890319;5891822;5932066,False
reference_pool,11444,2284,10,0.85,5329866;5351177;5366347;5389482;5397064;5429980;5456334;5582203;5609048;5634277,False
reference_pool,11444,2475,10,0.2,5546518;5699570;5702144;5870254;5998939;6197648;6203044;6277945;6646511;6720369,False
reference_pool,11444,2743,10,0.25,5354397;5469815;5627645;5629665;5642485;5730934;5829048;5851682;5889420;6027472,False
reference_pool,11444,2784,10,0.0,5432030;5611531;5625070;5691027;5743491;5871153;5871171;6302002;6564024;7469397,False
reference_pool,11444,2804,10,0.2,5490060;5549435;5653234;5728148;5731186;5800513;5819557;5947933;6125629;6230719,False
reference_pool,11444,2862,10,0.15,5386888;5418879;5427662;5441860;5570019;5747249;5861085;6024248;6136642;6312634,False
reference_pool,11444,2876,10,0.4,5331828;5356934;5457522;5465152;5677394;5698625;5819169;5841524;5862805;6062554,False
reference_pool,11444,2901,10,0.4,5345945;5352158;5380288;5495910;5568144;5573060;5612925;5631862;5688329;5784245,False
reference_pool,11444,2907,10,0.2,5348174;5462373;5465789;5576737;5630037;5726153;5828606;5837860;5849736;5893586,False
reference_pool,11444,2914,10,0.2,5364439;5406290;5411052;5432224;5477571;5485205;5616267;5853697;5867500;5904640,False
reference_pool,11444,2995,10,0.05,5398728;5402958;5610610;5690053;5784425;5851532;5853632;5911641;6171887;6209884,False
reference_pool,11444,3172,10,0.05,5412478;5485426;5504997;5601288;5657141;5701161;5713685;5738123;5768972;5797960,False
reference_pool,11444,3250,10,1.0,5328184;5335012;5342018;5348492;5404510;5412184;5420213;5440372;5578118;5634650,False
reference_pool,11444,3277,10,0.25,5363604;5426774;5446194;5501529;5544176;5549299;5575027;5599734;5877874;6200097,False
reference_pool,11444,3304,10,1.0,5332023;5336773;5337741;5411301;5441625;5508252;5591119;5683192;5689807;5811362,False
reference_pool,11444,3400,10,1.0,5380112;5404210;5558132;5569581;5719403;5739863;5798658;5910428;6110349;6293694,False
reference_pool,11444,3413,10,0.8,5366729;5373806;5384898;5397917;5480380;5493873;5567966;5568267;5606594;5657871,False
reference_pool,11444,3420,10,0.4,5336333;5425033;5425449;5464979;5615227;5642542;5741885;5831130;5838654;5848967,False
reference_pool,11444,3424,10,1.0,5328183;5441481;5469482;5571276;5589946;5623927;5642499;5648636;5797318;5905180,False
reference_pool,11444,3524,10,1.0,5340585;5624101;5672860;5677176;5694121;5769826;6024124;6099967;6221827;6307810,False
reference_pool,11444,3574,10,0.5,5449294;5475419;5635988;5759343;5867367;5874444;6178400;6220776;7113494;7232190,False
reference_pool,11444,3629,10,0.6,5466761;5569904;5619609;5718060;5769226;5848522;6349560;6388081;6869927;7179389,False
reference_pool,11444,3639,10,0.1,5366295;5415627;5428036;5430382;5501031;5593321;5806335;5838718;5856922;5891418,False
reference_pool,11444,3778,10,0.2,5631796;5743818;5757237;5790925;5816799;5873846;5935385;5988217;6127809;6332473,False
reference_pool,11444,3948,10,0.4,5370193;5398091;5577980;5580126;5616516;5676473;5790278;5808641;5814319;5822197,False
reference_pool,11444,4130,10,0.5,5393154;5469715;5569877;5819187;5820973;6038173;6136037;6387569;6473227;6474114,False
reference_pool,11444,4168,10,0.3,5338110;5350370;5401630;5438024;5510268;5561303;5695186;5699557;5883477;6353574,False
reference_pool,11444,4364,10,0.9,5601020;5821007;5900525;5942304;6467184;6763504;6868104;7043178;7215315;7512053,False
reference_pool,11444,4390,10,0.35,5328200;5430761;5558608;5781162;5794270;6174360;6356364;6386190;6419049;6524810,False
reference_pool,11444,4462,10,0.4,5378686;5429705;5456127;5506459;5507166;5550026;5667528;5724157;5837156;5909034,False
reference_pool,11444,4472,10,0.75,5400559;5433212;5483282;5491191;5558671;5610759;5644932;5665075;5666876;5787216,False
reference_pool,11444,4517,10,0.0,5425091;5501159;5551401;5631614;5641644;5668112;5752870;5778064;5873996;5902219,False
reference_pool,11444,4535,10,0.0,5353127;5582970;5724678;5874301;5906620;6044043;6221339;6335880;6615991;6681660,False
reference_pool,11444,4628,10,0.1,5340285;5388936;5607306;5643926;5784351;5864135;5877004;5968383;6133460;6166808,False
reference_pool,11444,4700,10,0.0,5398736;5436703;5492090;5584704;5620674;5627975;5659619;5803038;5833679;5943727,False
reference_pool,11444,4727,10,0.2,5367796;5400190;5497892;5500668;5607071;5627419;5817925;5896728;5924382;6135209,False
reference_pool,11444,4731,10,0.2,5333603;5369951;5375828;5392596;5473001;5482421;5808674;6264193;6300862;6310704,False
reference_pool,11444,4858,10,0.7,5807128;5868563;6068624;6086734;6338448;6545914;6835353;6861000;7174040;7398648,False
reference_pool,11444,5104,10,1.0,5347863;5397515;5466308;5484074;5553359;5657265;5658421;5721845;5746146;5755356,False
reference_pool,11444,5231,10,0.7,5340186;5394728;5472252;5488271;5594728;5653075;5998825;6335923;6425564;7615424,False
reference_pool,11444,5608,10,0.0,5328201;5342678;5378983;5385818;5485852;5555803;5618821;5650286;5757449;5803900,False
reference_pool,11444,6109,10,0.7,5328206;5345534;5388553;5449285;5496072;5575789;5583816;5590598;5596679;5735972,False
reference_pool,11444,6696,10,0.8,5328190;5350708;5388494;5423220;5500582;5668871;5875248;6021292;6111134;6145871,False
reference_pool,11444,7138,10,0.9,5328186;5331250;5334934;5340441;5410175;5410221;5415457;5460007;5587412;5606664,False
reference_pool,11444,7535,10,0.8,5380830;5415192;5602170;5941283;5955538;6026808;6058361;6253766;6408852;6469846,False
reference_pool,11444,8186,10,0.95,5357349;5361670;5396070;5462680;5576068;5804634;5857209;6161950;6360395;6569403,False
reference_pool,11444,8301,10,0.0,5395273;5407983;5464367;5494172;5504065;5716723;5739758;5794836;5823794;5831542,False
reference_pool,11444,8332,10,0.6,5362059;5765962;5818532;5837091;5863878;6115913;6166416;6173667;6224252;6284817,False
reference_pool,11444,8360,10,0.9,5331127;5407603;5415374;5494472;5708644;5710886;5770774;5837624;5878372;5916559,False
reference_pool,11444,8397,10,0.5,5343697;5382960;5456918;5457652;5497080;5500045;5581511;5605432;5724667;5737014,False
reference_pool,11444,8414,10,0.0,5328193;5328204;5338835;5390497;5508919;5570869;5622724;5655252;5699762;5730143,False
reference_pool,11444,8419,10,0.35,5341486;5389721;5411355;5428900;5598890;5744172;5745287;5783357;5801093;6194997,False
reference_pool,11444,8434,10,0.65,5328205;5338481;5355285;5398813;5486256;5606392;5764989;5883322;5891757;5927814,False
reference_pool,11444,8510,10,0.1,5338398;5341472;5422626;5594926;5682874;5696102;5709697;5729583;5840386;5863446,False
reference_pool,11444,8562,10,0.0,5352953;5354586;5457524;5623192;5675735;5713187;5739581;5822699;5828363;5837985,False
reference_pool,11444,8602,10,1.0,5348367;5402187;5440442;5476306;5500401;5719714;5757523;5774933;5778121;5803824,False
reference_pool,11444,8607,10,0.0,5425799;5426467;5684787;5704986;5743383;5747302;5847996;6177652;6685154;6723646,False
reference_pool,11444,8647,10,0.2,5441233;5451847;5493148;5506262;5600354;5704691;5766504;5876311;5905166;5929214,False
reference_pool,11444,8676,10,0.9,5348982;5352798;5434827;5614068;5646926;5667446;5741812;5745229;5803284;6152443,False
reference_pool,11444,8712,10,0.6,5328180;5351968;5425139;5544945;5585219;5683888;5719581;5826376;5848695;6094275,False
reference_pool,11444,8748,10,0.2,5380828;5500301;5630421;5632419;5729367;5800253;5884484;5969852;6126560;6586854,False
reference_pool,11444,8749,10,0.0,5328203;5388756;5434709;5611385;5671921;5731500;5732416;5899082;5931141;6007698,False
reference_pool,11444,8802,10,0.1,5339788;5392171;5394755;5431277;5462678;5488280;5571299;5753426;5947725;6177702,False
reference_pool,11444,8825,10,0.0,5437897;5503621;5555161;5577105;5605770;5645807;5724595;5852004;5859880;6159993,False
reference_pool,11444,8828,10,0.0,5509222;5583838;5669651;5815145;5847553;5876741;5931200;5946936;5949957;6084785,False
reference_pool,11444,8834,10,0.0,5510483;5878911;5923105;6320428;6373545;6408308;6557020;6604712;6686348;6800864,False
reference_pool,11444,8841,10,0.0,5436940;5500263;5580870;5584278;5612492;5764137;5765211;5770367;5817372;5861684,False
reference_pool,11444,8965,10,0.4,5337851;5379305;5402094;5423532;5453438;5667082;5701788;5717143;5940729;5953033,False
reference_pool,11444,9048,10,0.0,5485975;5505361;5562034;5610921;5654836;5669451;5797212;5850669;5885626;6500146,False
reference_pool,11444,9049,10,0.1,5441456;5486730;5581492;5672831;5701679;5739003;6091906;6289438;6529455;6576934,False
reference_pool,11444,9065,10,0.95,5407005;5450173;5453502;5458176;5569337;5593847;5677113;5715920;5769208;5849272,False
reference_pool,11444,9261,10,0.9,5341212;5390879;5658387;5774493;5871839;6035540;6045281;6143114;6221171;6282622,False
reference_pool,11444,9684,10,0.0,5328198;5348568;5436769;5496779;5671327;5760866;5818288;5875765;5973691;6146877,False
reference_pool,11444,9696,10,0.9,5612835;5660199;5675280;5804768;5853841;5857705;5972859;6283979;6311336;6345368,False
reference_pool,11444,9743,10,0.8,5332146;5341094;5463618;5476854;5596249;5768111;5784813;5798939;5807034;5813647,False
reference_pool,11444,9815,10,0.65,5406322;5561176;5585808;5725611;5852760;5857973;5909464;5933432;6181352;6256155,False
reference_pool,11444,9831,10,0.3,5377838;5568235;5648205;5650915;5682104;5823506;5839015;6163910;6280113;6433928,False
reference_pool,11444,9842,10,0.15,5328181;5380229;5413836;5504678;5704174;5730087;5752505;5792328;5891553;6070748,False
reference_pool,11444,9858,10,0.3,5369491;5382634;5386895;5508581;5699676;5708823;5815034;6003517;6300664;6367422,False
reference_pool,11444,9933,10,0.4,5351645;5851032;6147880;6164576;6477265;6504592;6582685;7382867;7515408;7679070,False
reference_pool,11444,10059,10,0.35,5329765;5389469;5506965;5570650;5592875;5637900;5641700;5690989;5697556;5772851,False
reference_pool,11446,2284,10,1.0,5375830;5478711;5494129;5503635;5550282;5592688;5856241;5905732;5939794;6000492,False
reference_pool,11446,2475,10,0.8,5328269;5340461;5344354;5357889;5392161;5650969;5660327;5895737;6284562;6335018,False
reference_pool,11446,2743,10,0.5,5400115;5423465;5452116;5500545;5586788;5720405;5787001;6211703;6264313;6271560,False
reference_pool,11446,2784,10,0.0,5328272;5371348;5371848;5426628;5447323;5624392;5696263;5703601;5747764;5785304,False
reference_pool,11446,2804,10,0.7,5355293;5408217;5475085;5502738;5739839;5899682;5924774;6043815;6045633;6280417,False
reference_pool,11446,2862,10,0.7,5406170;5590032;5609582;5681713;5717093;5793315;5828680;5893536;6056928;6120565,False
reference_pool,11446,2876,10,0.25,5328275;5343844;5367673;5506701;5576856;5633499;5647457;5724082;5750624;5813838,False
reference_pool,11446,2901,10,0.4,5362937;5373129;5391444;5394937;5507885;5636825;5638791;5836430;5909796;6049135,False
reference_pool,11446,2907,10,0.6,5338806;5393737;5469741;5597616;5618081;5671242;5674957;5701191;5840774;5858405,False
reference_pool,11446,2914,10,0.4,5480318;5509459;5510335;5549655;5660190;5952480;6284568;6338013;7116811;7149570,False
reference_pool,11446,2995,10,0.5,5444043;5585889;5608563;5783365;5787507;6019231;6047124;6431509;6480851;6900065,False
reference_pool,11446,3172,10,0.45,5349949;5410280;5438743;5476870;5595397;5803608;5809238;5836993;5848536;5892595,False
reference_pool,11446,3250,10,1.0,5366515;5384626;5464408;5487081;5497716;5607458;5618659;5651492;5746692;5758022,False
reference_pool,11446,3277,10,0.65,5448434;5449015;5600934;5642567;5643093;5789595;6305978;6353459;6756841;6917995,False
reference_pool,11446,3304,10,1.0,5455124;5492060;5551819;5586691;5593134;5619094;5718737;5719679;5733820;5739330,False
reference_pool,11446,3400,10,1.0,5340524;5341537;5363333;5440434;5501093;5718978;6194283;6213013;6764609;6765254,False
reference_pool,11446,3413,10,1.0,5477321;5589309;5639465;5645936;5674824;5799652;5809029;5847501;5850865;5854102,False
reference_pool,11446,3420,10,0.8,5390154;5442193;5450428;5470833;5493533;5654596;5741660;5748387;5750318;5806413,False
reference_pool,11446,3424,10,1.0,5336143;5413867;5439916;5480589;5568972;5626844;5678292;5683440;5693025;5702395,False
reference_pool,11446,3524,10,1.0,5350967;5371971;5419196;5500895;5550685;5556080;5626000;5650212;5660491;5676976,False
reference_pool,11446,3574,10,0.5,5398472;5437770;5462891;5471978;5601542;5712248;5731491;5737911;5856253;6191913,False
reference_pool,11446,3629,10,0.8,5377188;5480904;5542635;5640274;5646256;5744924;5834979;5870325;5903088;5921401,False
reference_pool,11446,3639,10,0.3,5337037;5370730;5474016;5590297;5732520;5743663;5803131;5812724;6014032;6228744,False
reference_pool,11446,3778,10,0.6,5328263;5335194;5360441;5460113;5495502;5671847;5711762;5837687;5851159;5851201,False
reference_pool,11446,3948,10,0.6,5328270;5374814;5382719;5497133;5617590;5751542;5897734;5927379;5942161;6042697,False
reference_pool,11446,4130,10,0.8,5408326;5465943;5631362;5718785;5725362;5755881;5799434;5849917;6035415;6294374,False
reference_pool,11446,4168,10,0.95,5355051;5470075;5671993;5944839;6024186;6172871;6182051;6290235;6363810;6646024,False
reference_pool,11446,4364,10,0.9,5401274;5582921;5691135;6129647;6348621;6391197;6524684;6555852;6580156;6666967,False
reference_pool,11446,4390,10,0.7,5329833;5385588;5412789;5476071;5509486;5587626;5705317;5747827;5802692;6092562,False
reference_pool,11446,4462,10,0.6,5328252;5464815;5498798;5593760;5773902;6004987;6130844;6244387;6363834;6481465,False
reference_pool,11446,4472,10,0.8,5403618;5478560;5553444;5590106;5614720;5660488;5714956;5765556;5876589;5954177,False
reference_pool,11446,4517,10,0.0,5379764;5408551;5473121;5609591;5614518;5793394;5850050;5953920;6205594;6259417,False
reference_pool,11446,4535,10,0.35,5328259;5395085;5616974;5880125;6128622;6147800;6234328;6445254;6486471;6652696,False
reference_pool,11446,4628,10,0.6,5331197;5546269;5580806;5581867;5638201;5696879;5736690;5849651;5896355;6053520,False
reference_pool,11446,4700,10,0.1,5354914;5379175;5490038;5506631;5558051;5655595;5770899;5778322;5883915;5976433,False
reference_pool,11446,4727,10,0.5,5328257;5376938;5430364;5467472;5506817;5585845;5597670;5733463;5742698;5939578,False
reference_pool,11446,4731,10,0.45,5328264;5338117;5345854;5364614;5371752;5454778;5489919;5508434;5550617;5653585,False
reference_pool,11446,4858,10,0.75,5460107;5471436;5550392;5559984;5593001;5702115;5716712;5752156;5819386;5867489,False
reference_pool,11446,5104,10,1.0,5329850;5341346;5398773;5555468;5619737;5641104;5647890;5746895;5818685;5891194,False
reference_pool,11446,5231,10,0.8,5380893;5405024;5467730;5479737;5498081;5502895;5506774;5668306;5718923;5728948,False
reference_pool,11446,5608,10,0.0,5447961;5620634;5713179;5751241;6036991;6043473;6078365;6084493;6172739;6378377,False
reference_pool,11446,6109,10,0.9,5429972;5433737;5550824;5586038;5665844;5712005;5761409;5799757;5848519;5869151,False
reference_pool,11446,6696,10,1.0,5554868;5731159;5772843;5773983;5802516;6159903;6328098;6355131;6770238;7335262,False
reference_pool,11446,7138,10,1.0,5499108;5541102;5548769;5586518;5609232;5668891;5783855;5818478;5821794;5951271,False
reference_pool,11446,7535,10,0.95,5781091;5852003;5852462;5934119;5935670;6013884;6066746;6102909;6142448;6236732,False
reference_pool,11446,8186,10,1.0,5412634;5427233;5462620;5666714;5725377;5767703;5999007;6031808;6258370;6412989,False
reference_pool,11446,8301,10,0.2,5328261;5393719;5426513;5503042;5545660;5601268;5624647;5863734;5908701;5928306,False
reference_pool,11446,8332,10,0.7,5457845;5494492;5552805;5646615;5727868;5815390;5868711;5871172;5996734;6307652,False
reference_pool,11446,8360,10,1.0,5389293;5445557;5452421;5461162;5553283;5628330;5651721;5658832;5675062;5732700,False
reference_pool,11446,8397,10,0.9,5365571;5371566;5550932;5660231;5797767;5857388;5861019;5904732;6129007;6542097,False
reference_pool,11446,8414,10,0.0,5328278;5492196;5587516;5643083;5653773;5777850;5849755;5850995;5903044;6177440,False
reference_pool,11446,8419,10,0.9,5328271;5371046;5388533;5389036;5402625;5476938;5491596;5580419;5735275;6168673,False
reference_pool,11446,8434,10,0.9,5332854;5408837;5458959;5469298;5577024;5606838;5654699;5664987;5674382;5719949,False
reference_pool,11446,8510,10,0.0,5401723;5416074;5454882;5595844;5615464;5647573;5741507;5864810;5890010;5935968,False
reference_pool,11446,8562,10,0.0,5334537;5621360;5633227;5712217;5836813;5838105;6071260;6392176;6404318;6443758,False
reference_pool,11446,8602,10,1.0,5361543;5425740;5435744;5476447;5647961;5677741;5681183;5718419;5771070;5855728,False
reference_pool,11446,8607,10,0.0,5334068;5469025;5544059;5623218;5708945;5712462;5810329;5819789;5906521;6013867,False
reference_pool,11446,8647,10,0.8,5328277;5331857;5370064;5413506;5471443;5615582;5691237;5715512;5865177;6580001,False
reference_pool,11446,8676,10,0.95,5328267;5348699;5349510;5500184;5581391;5586311;5592477;5593572;5655539;5696699,False
reference_pool,11446,8712,10,0.6,5343355;5440330;5649132;5785777;5805350;5941132;6297706;6578281;6866609;7019018,False
reference_pool,11446,8748,10,0.4,5402291;5546283;5623006;5651775;5666372;5800975;5916291;6128491;6148516;6439878,False
reference_pool,11446,8749,10,0.45,5386462;5601413;5641259;5710890;5817582;5873571;5892636;5906408;5930508;6117157,False
reference_pool,11446,8802,10,0.45,5332220;5334076;5547561;5629172;6002153;6039056;6275086;6570408;6603021;6649465,False
reference_pool,11446,8825,10,0.0,5346066;5436512;5469601;5624449;5714334;5728901;5848791;5971570;6019931;6334938,False
reference_pool,11446,8828,10,0.0,5358191;5372474;5641661;5740679;5774298;5783253;5824267;5841981;5854059;6014362,False
reference_pool,11446,8834,10,0.1,5395978;5457983;5458523;5509664;5597609;5612070;5708936;5783492;5891191;5910816,False
reference_pool,11446,8841,10,0.0,5337720;5443523;5448455;5654229;5686824;5704342;5722098;5750552;5814809;5893820,False
reference_pool,11446,8965,10,0.5,5328268;5361751;5456959;5647028;5690983;5739952;5932537;6166481;6302272;6347203,False
reference_pool,11446,9048,10,0.0,5328266;5368880;5386589;5397376;5462017;5552811;5660960;5773776;5841363;5857229,False
reference_pool,11446,9049,10,0.15,5385168;5419269;5428020;5470522;5611884;5684377;5688195;5688656;5760202;5853311,False
reference_pool,11446,9065,10,1.0,5356811;5377362;5429467;5506296;5613506;5635367;5653450;5696279;5730584;5804326,False
reference_pool,11446,9261,10,1.0,5353108;5577919;5598089;5738862;5804816;5863649;6040739;6078534;6455321;6475005,False
reference_pool,11446,9684,10,0.0,5331338;5376200;5647696;5690957;5733235;5740273;5774978;5903834;6180969;6221027,False
reference_pool,11446,9696,10,1.0,5363934;5420402;5504503;5654324;5656038;5871083;6000810;6234555;6259388;6299491,False
reference_pool,11446,9743,10,0.9,5356343;5373754;5387955;5388384;5451144;5455451;5555576;5656970;5674006;5694204,False
reference_pool,11446,9815,10,0.8,5375297;5474763;5478479;5556595;5646362;5667796;5699963;5721518;5881694;5948312,False
reference_pool,11446,9831,10,0.45,5337812;5416229;5435708;5441289;5511343;5653570;5782689;5835509;5962008;6000546,False
reference_pool,11446,9842,10,0.9,5368876;5737156;5895022;5936998;6329767;6675521;7166904;7170020;7458120;7785335,False
reference_pool,11446,9858,10,0.8,5356686;5546626;5630722;5694113;5737448;5817768;6074829;6142075;6244326;6577238,False
reference_pool,11446,9933,10,0.6,5380405;5403325;5752165;5793385;5954309;5965565;6038195;6091567;6299100;6319606,False
reference_pool,11446,10059,10,0.85,5344472;5378740;5427457;5443051;5444493;5584691;5729218;5754512;5786125;5836391,False
reference_pool,11448,2284,10,0.95,5369673;5374118;5397737;5598646;5631914;5786743;5841624;5873715;5979877;6159532,False
reference_pool,11448,2475,10,0.7,5328378;5433213;5439108;5591465;5764484;5779312;5816181;6071369;6130234;6546537,False
reference_pool,11448,2743,10,0.45,5348814;5352539;5541224;5649310;5720670;5848924;6211295;6242534;6277534;6462163,False
reference_pool,11448,2784,10,0.3,5374781;5424619;5447262;5500650;5606073;5882601;6157248;6241119;6441859;6745159,False
reference_pool,11448,2804,10,0.75,5329387;5335035;5335468;5349593;5351707;5544160;5710362;5729214;5807126;5836458,False
reference_pool,11448,2862,10,0.7,5332128;5429712;5443501;5449652;5465751;5479383;5482441;5773568;5812754;6069531,False
reference_pool,11448,2876,10,0.5,5331522;5341248;5355961;5392909;5467200;5547136;5615458;5637852;6170941;6352889,False
reference_pool,11448,2901,10,0.6,5328367;5363166;5386153;5449582;5452973;5478550;5498754;5578907;5630900;5633310,False
reference_pool,11448,2907,10,0.6,5328377;5338025;5339412;5377084;5571806;5600879;5611170;5633634;5759050;5883928,False
reference_pool,11448,2914,10,0.65,5363041;5468942;5475577;5555969;5572967;5687478;5707149;5834390;6036008;6111599,False
reference_pool,11448,2995,10,0.8,5336049;5411366;5509831;5570011;5620699;5716464;5731791;5791651;5824990;5829750,False
reference_pool,11448,3172,10,0.3,5328373;5395475;5404558;5425023;5599160;5612524;5700971;5705528;5731277;5769416,False
reference_pool,11448,3250,10,1.0,5349398;5383680;5498021;5554034;5614577;5636241;5870962;5980144;6677082;6816441,False
reference_pool,11448,3277,10,0.9,5406911;5412490;5557615;5690542;5832058;5843745;5861241;5895970;6113808;6199004,False
reference_pool,11448,3304,10,1.0,5645630;5704319;5733565;5768427;5887738;5888130;5996041;6198166;6214747;6302637,False
reference_pool,11448,3400,10,1.0,5476879;5482530;5491563;5587682;5597229;5600723;5666267;5697292;5756080;5778107,False
reference_pool,11448,3413,10,0.9,5328380;5417289;5451748;5559103;5630285;5681605;5815991;5869287;5911934;6171959,False
reference_pool,11448,3420,10,0.5,5375378;5383694;5488503;5497483;5696353;5800605;5805209;5872022;5924333;6090549,False
reference_pool,11448,3424,10,1.0,5365259;5458456;5674682;5691733;5704946;5780176;5922794;5948000;6121409;6575187,False
reference_pool,11448,3524,10,1.0,5425450;5482187;5490077;5749663;5757033;5818866;5863907;6071149;6277125;6319691,False
reference_pool,11448,3574,10,0.7,5330931;5362386;5443977;5449133;5462279;5495695;5501200;5599514;5784607;5807133,False
reference_pool,11448,3629,10,0.7,5377418;5384208;5394366;5395838;5500973;6021132;6118089;6148969;6285716;6327797,False
reference_pool,11448,3639,10,0.6,5328368;5418644;5419219;5468322;5481884;5502646;5570758;5807007;5833337;5839032,False
reference_pool,11448,3778,10,0.6,5434776;5474137;5476456;5609129;5717580;5765374;5787490;5790059;5815765;6086774,False
reference_pool,11448,3948,10,0.8,5332172;5405384;5428755;5504973;5507914;5560657;5665827;5687345;5866752;5937132,False
reference_pool,11448,4130,10,0.8,5401699;5402347;5423595;5446827;5470208;5631335;5635969;5697085;5710784;5735982,False
reference_pool,11448,4168,10,0.9,5328372;5439840;5599930;5708788;5801227;5839402;5920101;6138909;6213720;6923745,False
reference_pool,11448,4364,10,0.95,5328361;5405088;5479637;5570829;5750106;5891908;6007896;6133840;6567663;6757770,False
reference_pool,11448,4390,10,0.5,5410365;5443628;5474594;5489062;5550823;5587623;5589880;5674366;5708753;5719567,False
reference_pool,11448,4462,10,0.65,5348082;5368158;5369643;5373433;5436942;5450664;5648500;5744619;5785074;6202942,False
reference_pool,11448,4472,10,0.8,5331098;5339250;5386555;5508789;5613214;5792340;5979122;6019607;6540000;6815369,False
reference_pool,11448,4517,10,0.0,5356069;5376057;5403090;5428341;5617305;5658914;5676468;5753578;5851549;5868007,False
reference_pool,11448,4535,10,0.05,5434010;5545830;5604019;5682845;5704286;5711520;5746453;5768285;5799979;5817483,False
reference_pool,11448,4628,10,0.4,5335324;5384541;5417798;5501865;5553308;5613835;5695621;5716487;5791742;6048158,False
reference_pool,11448,4700,10,0.0,5328383;5345673;5362437;5504136;5559255;5625393;5644771;5655036;5805004;5806141,False
reference_pool,11448,4727,10,0.7,5332160;5398403;5402397;5486821;5490420;5560842;5595636;5624893;5761958;5897518,False
reference_pool,11448,4731,10,0.3,5342138;5349993;5541600;5792753;5910619;5946149;6011634;6114494;6872865;6939075,False
reference_pool,11448,4858,10,0.8,5345556;5387906;5559698;5756334;5882105;5892409;5902534;5937359;6026233;6466806,False
reference_pool,11448,5104,10,1.0,5343825;5397526;5486520;5590105;5643908;5669650;5865101;5871378;5903504;6161478,False
reference_pool,11448,5231,10,0.8,5343720;5347248;5402620;5425823;5476016;5497408;5604799;5644644;5896045;5931563,False
reference_pool,11448,5608,10,0.1,5385456;5432548;5440679;5639924;6219690;6329714;6626589;7060382;7159679;7425244,False
reference_pool,11448,6109,10,0.9,5372586;5377085;5388650;5544763;5555537;5647615;5712291;5756465;5779713;5809242,False
reference_pool,11448,6696,10,1.0,5337707;5394024;5423089;5486012;5486431;5487515;5500386;5652707;5746671;5856704,False
reference_pool,11448,7138,10,1.0,5328375;5398134;5464906;5498945;5578730;5739536;5937211;5955913;6006150;6222951,False
reference_pool,11448,7535,10,1.0,5368913;5453274;5613533;5701780;5881495;6033333;6076427;6186120;6508767;7127799,False
reference_pool,11448,8186,10,1.0,5405858;5474076;5670683;5686661;5726910;6094070;6716547;6828880;7129542;7206847,False
reference_pool,11448,8301,10,0.15,5346789;5447048;5551342;5662340;5732344;5876050;6020937;6133541;6230384;6242794,False
reference_pool,11448,8332,10,0.85,5401911;5420824;5484305;5494371;5620167;5623344;5652875;5665605;5927025;6140704,False
reference_pool,11448,8360,10,1.0,5368355;5444776;5477980;5478071;5638448;5793679;5822043;6114886;6266150;6612659,False
reference_pool,11448,8397,10,1.0,5353771;5377157;5483240;5483830;5591431;5671292;5700354;5950600;6380773;6578477,False
reference_pool,11448,8414,10,0.0,5340198;5392428;5405365;5435135;5472083;5506954;5552343;5582294;5601681;5622778,False
reference_pool,11448,8419,10,0.85,5450617;5645773;5685216;5759072;5772022;5809184;6229681;6282311;6371634;6418233,False
reference_pool,11448,8434,10,0.95,5467222;5497491;5653731;5675825;5745058;5756118;5833171;5971101;5981376;6290076,False
reference_pool,11448,8510,10,0.0,5434506;5554112;5675881;5701797;5795160;5874711;5906106;6111219;6160083;6255258,False
reference_pool,11448,8562,10,0.1,5328382;5672379;5845334;5845976;5921555;5954091;6014159;6198162;6809501;6996944,False
reference_pool,11448,8602,10,0.9,5328359;5554601;5616960;5619168;5747185;5757755;5783383;5806055;5938612;6024466,False
reference_pool,11448,8607,10,0.1,5437807;5834576;5867440;5895476;5951864;6121998;6248788;6325447;6852830;6863512,False
reference_pool,11448,8647,10,0.6,5375437;5406500;5549355;5573602;5679956;5690603;5783793;5942905;5943971;6021725,False
reference_pool,11448,8676,10,0.9,5461882;5506384;5590681;5749010;5814741;5872276;5906423;6026099;6592566;7142924,False
reference_pool,11448,8712,10,0.65,5359703;5370467;5423968;5427400;5442385;5460424;5586915;5806439;5991040;6084309,False
reference_pool,11448,8748,10,0.35,5417567;5608940;5716818;5725078;6149372;6290845;6597407;6608328;7209211;7638110,False
reference_pool,11448,8749,10,0.2,5344716;5547922;5578869;5884672;5953939;5993282;6068875;6699602;6856028;7073160,False
reference_pool,11448,8802,10,0.6,5361558;5386487;5409991;5561399;5695594;5811347;5856025;5874921;5884593;5919698,False
reference_pool,11448,8825,10,0.0,5366078;5369131;5428928;5441875;5509548;5643252;5650298;5780558;5798696;5862246,False
reference_pool,11448,8828,10,0.3,5379882;5410153;5420649;5448512;5485079;5509691;5605867;5623804;5680430;5707766,False
reference_pool,11448,8834,10,0.1,5339536;5358686;5384868;5445332;5463345;5475355;5679849;5701524;5719730;5726855,False
reference_pool,11448,8841,10,0.2,5356047;5409348;5478758;5484507;5641744;5656319;5715978;5746220;5758521;5770576,False
reference_pool,11448,8965,10,0.7,5362499;5410777;5428578;5429190;5597645;5652023;5686232;5701624;5706625;5810111,False
reference_pool,11448,9048,10,0.1,5388704;5633474;5782247;5821966;5862361;5927460;6176481;6492427;6501539;6548432,False
reference_pool,11448,9049,10,0.3,5372585;5416833;5501881;5551924;5618387;5854477;5927072;6085230;6163428;6217785,False
reference_pool,11448,9065,10,1.0,5332448;5372091;5571741;5594510;5610676;5665152;5666343;5687234;5701210;5708280,False
reference_pool,11448,9261,10,1.0,5328385;5376005;5384588;5426315;5469835;5577995;5594086;5630347;5657350;5702629,False
reference_pool,11448,9684,10,0.05,5370754;5604762;5679468;5749319;5784371;5951115;6312946;6709721;6966394;6989527,False
reference_pool,11448,9696,10,1.0,5347124;5404884;5473131;5476480;5558349;5626925;5629454;5804383;5873263;5912006,False
reference_pool,11448,9743,10,0.8,5329790;5331232;5478256;5559630;5638460;5765148;5809309;5822682;5872941;5892822,False
reference_pool,11448,9815,10,0.75,5328363;5358313;5358970;5370416;5372068;5392194;5421156;5594114;5628912;5641975,False
reference_pool,11448,9831,10,0.6,5357920;5360595;5369330;5398181;5480933;5615499;5715279;5721659;7016353;7242884,False
reference_pool,11448,9842,10,0.3,5430845;5466585;5473863;5490430;5558139;5581929;5588297;5591189;5598378;5647726,False
reference_pool,11448,9858,10,0.4,5352458;5374752;5411210;5422640;5472294;5550297;5588388;5701516;5814104;5874706,False
reference_pool,11448,9933,10,0.7,5381563;5432087;5437392;5672578;5685804;5854463;5907601;6021732;6031883;6075615,False
reference_pool,11448,10059,10,0.8,5378125;5385008;5701238;5735335;5857144;6382516;6519158;6671510;6706553;6720447,False
reference_pool,11449,2284,10,1.0,5331973;5471896;5607761;5655759;5705998;5743714;5777805;5834531;5855222;5893496,False
reference_pool,11449,2475,10,0.8,5498063;5498148;5574662;5630273;5686321;6126230;6185052;6345347;6348019;6407615,False
reference_pool,11449,2743,10,0.75,5350813;5381416;5427511;5457803;5610442;5670504;5697461;5778180;5883537;5940026,False
reference_pool,11449,2784,10,0.3,5328466;5462235;5665529;5716290;5846623;6082364;6459495;6526909;6709820;7012519,False
reference_pool,11449,2804,10,0.75,5392021;5412244;5440404;5502471;5509089;5561632;5581520;5622613;5703268;5847452,False
reference_pool,11449,2862,10,0.5,5337578;5348590;5398197;5441214;5450708;5454601;5484338;5576287;5589217;5704625,False
reference_pool,11449,2876,10,0.7,5359492;5385822;5585260;5586553;5662956;5782416;5870204;5877942;5955488;6066457,False
reference_pool,11449,2901,10,0.65,5379516;5396493;5442065;5618959;5631721;5634901;5647771;5650913;5671484;5842275,False
reference_pool,11449,2907,10,0.2,5394520;5434931;5465398;5619954;5649566;5692751;5712437;5738216;5825919;5840080,False
reference_pool,11449,2914,10,0.4,5357242;5585023;5657096;5820347;5822143;5860837;5936645;6037870;6042355;6177859,False
reference_pool,11449,2995,10,0.6,5329672;5332122;5383242;5697376;5697456;5710736;5760515;5766606;5887854;5888585,False
reference_pool,11449,3172,10,0.4,5384537;5385338;5432660;5473568;5840984;5848107;5877210;5952730;6039329;6046133,False
reference_pool,11449,3250,10,1.0,5349729;5367500;5376086;5440681;5599315;5700020;5710562;5767373;5812546;5840721,False
reference_pool,11449,3277,10,0.75,5328474;5340435;5386971;5670554;5685400;5696875;5921320;6166394;6326611;6824563,False
reference_pool,11449,3304,10,1.0,5330975;5744570;5775181;5836597;5863482;5889562;6172465;6188950;6190859;6201585,False
reference_pool,11449,3400,10,1.0,5354498;5391567;5406727;5642723;5662136;5703681;5757692;5772967;6067363;6172656,False
reference_pool,11449,3413,10,1.0,5328463;5402737;5450348;5544741;5597405;5651546;5700263;5748537;5820707;5823188,False
reference_pool,11449,3420,10,0.8,5328484;5455344;5544060;5558711;5572603;5661376;5685935;5747594;5925120;6071198,False
reference_pool,11449,3424,10,1.0,5351477;5354070;5429097;5506608;5553243;5577685;5600118;5654620;5659792;5673967,False
reference_pool,11449,3524,10,1.0,5328469;5403718;5506712;5744535;5859855;5906757;6139706;6876064;7175286;7267345,False
reference_pool,11449,3574,10,0.5,5328480;5388403;5436032;5439960;5450257;5493549;5580863;5662920;5734003;5749129,False
reference_pool,11449,3629,10,1.0,5328467;5337693;5553835;5630954;5667980;5753862;5857279;5889464;5956209;6123121,False
reference_pool,11449,3639,10,0.7,5438312;5507131;5677421;5726055;5731538;5732607;5809448;5813749;5859075;5952647,False
reference_pool,11449,3778,10,0.7,5367933;5401112;5490613;5506021;5544273;5791985;5832101;6007620;6307406;6567424,False
reference_pool,11449,3948,10,0.65,5420432;5551597;5610139;5623752;5671141;5813566;5833359;5833811;5903534;6102221,False
reference_pool,11449,4130,10,0.85,5472609;5578192;5622862;5637828;5674279;5837265;5879650;6268867;6351504;7171162,False
reference_pool,11449,4168,10,0.8,5551590;5557685;5584092;5596336;5620497;5856857;5938715;6198811;6466355;6568676,False
reference_pool,11449,4364,10,1.0,5410986;5440814;5556759;5718934;5817611;5820897;5883665;5995962;6272206;6321305,False
reference_pool,11449,4390,10,0.6,5337906;5350194;5354837;5362441;5385835;5485864;5542000;5576815;5612049;5739735,False
reference_pool,11449,4462,10,0.25,5328485;5363670;5485817;5557376;5587895;5588108;5633796;5850559;5978913;6055503,False
reference_pool,11449,4472,10,0.9,5354363;5416730;5438737;5448927;5623380;5686709;5848868;6301889;6660914;6740758,False
reference_pool,11449,4517,10,0.4,5331161;5341435;5349299;5468498;5619865;5654083;5774622;5783718;5858119;5876644,False
reference_pool,11449,4535,10,0.3,5386340;5465958;5469855;5475761;5477065;5548322;5617558;5635645;5652151;5680318,False
reference_pool,11449,4628,10,0.5,5402478;5431202;5437599;5476884;5594244;5611206;5612611;5716843;5792088;5878258,False
reference_pool,11449,4700,10,0.0,5411717;5489712;5655466;5727160;5766730;5824739;5837149;5860717;5884122;6080768,False
reference_pool,11449,4727,10,0.65,5650354;5701709;5732897;5848023;6098478;6113225;6258310;6439658;6637655;6816088,False
reference_pool,11449,4731,10,0.5,5374038;5434053;5792196;5802739;5810760;5836193;6192097;6229645;6371451;6463313,False
reference_pool,11449,4858,10,0.9,5410849;5629125;5641894;5678776;5815005;6093758;6324642;6397206;6819021;7181108,False
reference_pool,11449,5104,10,0.95,5371972;5415606;5474101;5500603;5541558;5544263;5743212;5811213;6072465;6207269,False
reference_pool,11449,5231,10,0.9,5399332;5546679;5549915;5641512;5753344;5756275;5884462;5941884;5953206;6294363,False
reference_pool,11449,5608,10,0.1,5396368;5399152;5405711;5448952;5477062;5602944;5658379;5698079;5772171;5804926,False
reference_pool,11449,6109,10,1.0,5553129;5750913;5783581;5870381;5881677;6044325;6071419;6248146;6398296;6459050,False
reference_pool,11449,6696,10,1.0,5328488;5328489;5415206;5468706;5558606;5712853;5747400;5813595;5899511;6367766,False
reference_pool,11449,7138,10,1.0,5328476;5339559;5350125;5351634;5362315;5367848;5449156;5476243;5506278;5543436,False
reference_pool,11449,7535,10,1.0,5371841;5379312;5391048;5395691;5423215;5468958;5630177;5873305;5912386;5918772,False
reference_pool,11449,8186,10,1.0,5425004;5468624;5480491;5562084;5777879;5819693;5823571;5827040;5848754;5934607,False
reference_pool,11449,8301,10,0.0,5369377;5391383;5545433;5588953;5737425;5802964;5817716;5894444;6186005;6215210,False
reference_pool,11449,8332,10,1.0,5332672;5388298;5395176;5419109;5461817;5641622;5748678;5779198;5889247;6054319,False
reference_pool,11449,8360,10,0.95,5351654;5499803;6010464;6269273;6269915;6317847;6335904;6467457;6511604;6561359,False
reference_pool,11449,8397,10,0.9,5379936;5423566;5436175;5451663;5474295;5499865;5500811;5542376;5623503;5663268,False
reference_pool,11449,8414,10,0.0,5545934;5594417;5796036;5796820;5856762;5864711;5874539;6213739;6555191;6587285,False
reference_pool,11449,8419,10,0.85,5362079;5362539;5431465;5438001;5468849;5635847;5738982;5783182;5809143;5841512,False
reference_pool,11449,8434,10,0.9,5425223;5475439;5596246;5865505;5875030;5999392;6148387;6191954;6313845;6349476,False
reference_pool,11449,8510,10,0.1,5354262;5427408;5434045;5455207;5489013;5510903;5696590;5937474;6269960;6349588,False
reference_pool,11449,8562,10,0.0,5381334;5492204;5541532;5609697;5611834;5643726;5723897;5741940;5764052;5861009,False
reference_pool,11449,8602,10,1.0,5328475;5373348;5374605;5436872;5500179;5574713;5642756;5651596;5686494;5833460,False
reference_pool,11449,8607,10,0.05,5343943;5386805;5501747;5560024;5604890;5711156;5823655;5839399;5845851;5924069,False
reference_pool,11449,8647,10,0.55,5474887;5498108;5552287;5572913;5663848;5697872;5794691;5845082;5865928;5937335,False
reference_pool,11449,8676,10,1.0,5333562;5396881;5499335;5605854;5625493;5690415;5701325;5910474;5911057;6014995,False
reference_pool,11449,8712,10,0.7,5332275;5354287;5499147;5499679;5604103;5802055;6091274;6291485;6293856;6418643,False
reference_pool,11449,8748,10,0.7,5375976;5415020;5458901;5476139;5542727;5712406;5965624;6114186;6541045;6648767,False
reference_pool,11449,8749,10,0.6,5457451;5484482;5500790;5576184;5662959;5796788;5911449;6304069;7446303;7675571,False
reference_pool,11449,8802,10,0.3,5376986;5395145;5417850;5422321;5720236;5746666;5819939;5823330;5899285;6635511,False
reference_pool,11449,8825,10,0.15,5373677;5408162;5460980;5554115;5573990;5614404;5741084;5845053;5857236;5869803,False
reference_pool,11449,8828,10,0.1,5338415;5410893;5635767;5648966;5704547;5823978;5838706;5859100;5930872;5943138,False
reference_pool,11449,8834,10,0.0,5352667;5541572;5655679;5670646;5766728;5778896;5979845;6081737;6115752;6214494,False
reference_pool,11449,8841,10,0.0,5328482;5433363;5458157;5639446;5684566;5739123;5833044;5902539;5960099;5996668,False
reference_pool,11449,8965,10,0.7,5455294;5483931;5580787;5621161;5631588;5706628;5784953;5845656;5894697;5997615,False
reference_pool,11449,9048,10,0.1,5395593;5399051;5438098;5683721;5744466;5774358;5812177;5849501;5943141;5979905,False
reference_pool,11449,9049,10,0.2,5377017;5448251;5500178;5617962;5927380;5937234;6162553;6321114;6480304;6485288,False
reference_pool,11449,9065,10,1.0,5444650;5453219;5470083;5508577;5543265;5577397;5716027;5749512;5751758;5789892,False
reference_pool,11449,9261,10,1.0,5401190;5421506;5437534;5454952;5472671;5604728;5628954;5794909;6039021;6205981,False
reference_pool,11449,9684,10,0.2,5333975;5367290;5437874;5546575;5840709;5944914;5987131;6158354;6291587;6799233,False
reference_pool,11449,9696,10,0.9,5364243;5374897;5407451;5418779;5635273;5644146;5654737;5667702;5677381;6026831,False
reference_pool,11449,9743,10,1.0,5328461;5431943;5457665;5722972;5756611;5911946;5998049;6079052;6134694;6151761,False
reference_pool,11449,9815,10,0.9,5343436;5360197;5403592;5416467;5486133;5543245;5819725;5847886;6058424;6136760,False
reference_pool,11449,9831,10,0.7,5346901;5354946;5409447;5547626;5550588;5551790;5627665;5705914;5821897;5860716,False
reference_pool,11449,9842,10,0.5,5377394;5377877;5453674;5558127;5613475;5834497;5850968;6003761;6096375;6309582,False
reference_pool,11449,9858,10,0.35,5328478;5340722;5365638;5397106;5571632;5655984;5690756;5723000;5953331;6403968,False
reference_pool,11449,9933,10,1.0,5341837;5346995;5357592;5503737;5630321;5947518;6027619;6088226;6134031;6274667,False
reference_pool,11449,10059,10,0.7,5361675;5489677;5675958;5709481;5742288;5803667;5808679;5848822;5871373;6129976,False
reference_pool,11451,2284,10,1.0,5328543;5331793;5350451;5431975;5478510;5485790;5505973;5541794;5732676;5861610,False
reference_pool,11451,2475,10,0.9,5360801;5461592;5615991;5638407;5758426;5782677;5876587;5911886;5947162;5971887,False
reference_pool,11451,2743,10,0.9,5427550;5467645;5571152;5609427;5682844;5686132;5852563;5868838;5884808;6146623,False
reference_pool,11451,2784,10,0.95,5337740;5360365;5372556;5458711;5586081;5739230;5742518;5890909;6092661;6100496,False
reference_pool,11451,2804,10,1.0,5385846;5428515;5464319;5650661;5731970;5791606;5816389;6287044;6480252;6644186,False
reference_pool,11451,2862,10,1.0,5363985;5405752;5454592;5626952;5683233;5705915;5817723;5837769;5846145;5882466,False
reference_pool,11451,2876,10,1.0,5361553;5414001;5629111;5711804;5798145;5947995;6549041;6826081;6999560;7019470,False
reference_pool,11451,2901,10,0.8,5361289;5422827;5586970;5755334;5789567;5800169;5804640;5836294;5895236;6004170,False
reference_pool,11451,2907,10,0.9,5390753;5412828;5413833;5434898;5445367;5468183;5657650;5673799;5739328;5740245,False
reference_pool,11451,2914,10,0.9,5505679;5568374;5623803;5675306;5708693;5738721;6235846;6246685;6288947;6714699,False
reference_pool,11451,2995,10,1.0,5348397;5367935;5587483;5619047;5653992;5676261;5714797;5725283;5748259;5751262,False
reference_pool,11451,3172,10,1.0,5328540;5343505;5493665;5668996;5694640;5747083;5853368;5883079;5904715;6023433,False
reference_pool,11451,3250,10,1.0,5429036;5656726;5696328;5736135;5894674;6053507;6161347;6165343;6323018;6553703,False
reference_pool,11451,3277,10,1.0,5336244;5341745;5380115;5440929;5457584;5470534;5503637;5630693;5652830;5731365,False
reference_pool,11451,3304,10,1.0,5328533;5328545;5339637;5378963;5400339;5410883;5688003;5689070;5823803;5938752,False
reference_pool,11451,3400,10,1.0,5328562;5343299;5377997;5395325;5423180;5501442;5612337;5660348;5783625;5846460,False
reference_pool,11451,3413,10,1.0,5506869;5544568;5630651;5631039;5679726;5739048;6048341;6149016;6357611;6364062,False
reference_pool,11451,3420,10,1.0,5510888;5660786;5702033;5707017;5754517;5838738;5872362;5905609;5936216;6032978,False
reference_pool,11451,3424,10,1.0,5328538;5395588;5461401;5481015;5504079;5710167;6021369;6058528;6250163;6762894,False
reference_pool,11451,3524,10,1.0,5339718;5482841;5509915;5556044;5658592;5734121;5736239;5761648;5862131;5864777,False
reference_pool,11451,3574,10,0.9,5385924;5442231;5465587;5485768;5621120;5703593;5749473;5756386;5840799;5982153,False
reference_pool,11451,3629,10,1.0,5446671;5463630;5638635;5692186;5796483;5872334;5929550;5985459;6019631;6134281,False
reference_pool,11451,3639,10,1.0,5346886;5380966;5405016;5425373;5426759;5428706;5464902;5685859;5739298;5745719,False
reference_pool,11451,3778,10,1.0,5354124;5487831;5658400;5674660;5683739;5768319;5802851;5850170;6069600;6127563,False
reference_pool,11451,3948,10,1.0,5478322;5543727;5544519;5546208;5618610;5671326;5686627;5817282;5900566;6174114,False
reference_pool,11451,4130,10,1.0,5406034;5633243;5671214;5692710;5734119;6248170;6296959;6317920;6798062;7653298,False
reference_pool,11451,4168,10,0.9,5328537;5393350;5542238;5678426;5705450;6352593;6670380;7219162;7272608;7352979,False
reference_pool,11451,4364,10,1.0,5400920;5413452;5451390;5674357;5704987;5711859;5725900;5751726;5830773;5922094,False
reference_pool,11451,4390,10,1.0,5398185;5424281;5451093;5500017;5544516;5609235;5757380;5833206;5833256;5863517,False
reference_pool,11451,4462,10,1.0,5349940;5354902;5373260;5388459;5585584;5670792;5748330;5790688;5834042;5900589,False
reference_pool,11451,4472,10,1.0,5387881;5397097;5402948;5508233;5552617;5579892;5672595;5700322;5713614;5721634,False
reference_pool,11451,4517,10,0.8,5384775;5399369;5480369;5611903;5694616;5821326;5850422;5875495;6030249;6081784,False
reference_pool,11451,4535,10,0.5,5406474;5673942;5697919;5699933;5796913;5840845;5848524;5918871;6034918;6321707,False
reference_pool,11451,4628,10,1.0,5406568;5409112;5498198;5503725;5648882;5768666;5810402;6383713;6533070;6551200,False
reference_pool,11451,4700,10,0.1,5328547;5329670;5428931;5782323;5797248;5802961;5814474;5847954;6105923;6179237,False
reference_pool,11451,4727,10,0.9,5328539;5510415;5555256;5595979;5679264;5702638;5718317;5736678;5791752;6085886,False
reference_pool,11451,4731,10,0.9,5378747;5404108;5432289;5461183;5471175;5491883;5551493;5760540;5784809;5812258,False
reference_pool,11451,4858,10,1.0,5349794;5361396;5555131;5559924;5637463;5690531;5720819;5898374;5909948;6010799,False
reference_pool,11451,5104,10,1.0,5328560;5436041;5499852;5636593;5712720;5759092;5823032;5854967;5867087;5883450,False
reference_pool,11451,5231,10,1.0,5329089;5429849;5431176;5449676;5458621;5608872;5632294;5655788;5732720;5736780,False
reference_pool,11451,5608,10,0.2,5341607;5345461;5358247;5387734;5410645;5473782;5622293;5646296;5989679;6276009,False
reference_pool,11451,6109,10,1.0,5376559;5669914;5696664;5743176;5758674;6263862;6467206;6669185;7046770;7090995,False
reference_pool,11451,6696,10,1.0,5334429;5357325;5376129;5412086;5414781;5442165;5561246;5660922;5764888;5815232,False
reference_pool,11451,7138,10,1.0,5328553;5394799;5477865;5488623;5576296;5732682;5746882;5931974;6132340;6454272,False
reference_pool,11451,7535,10,1.0,5425322;5486734;5549224;5667430;5677335;5733603;5902265;6199258;6262551;6508537,False
reference_pool,11451,8186,10,1.0,5362465;5498525;5617338;5642434;5694290;5699348;5920381;6206502;6331287;6415738,False
reference_pool,11451,8301,10,0.25,5347202;5355586;5388517;5450576;5472933;5555530;5567828;5610288;5830714;5834345,False
reference_pool,11451,8332,10,1.0,5447728;5541442;5651468;5677688;5707479;5819978;5845871;6130249;6168235;6233292,False
reference_pool,11451,8360,10,1.0,5328559;5339900;5414308;5485685;5494497;5496761;5499719;5604818;5666407;5735708,False
reference_pool,11451,8397,10,1.0,5361398;5424887;5441468;5555427;5651805;5737577;5860037;5997669;6123427;6376996,False
reference_pool,11451,8414,10,0.3,5349083;5355916;5357467;5384824;5474933;5595718;5911645;5922574;5940919;6313235,False
reference_pool,11451,8419,10,0.9,5357782;5403390;5479920;5503492;5509298;5568838;5577843;5638784;5650822;5663132,False
reference_pool,11451,8434,10,1.0,5328558;5639460;5811291;5816547;5847916;5897926;6092394;6420633;6465094;6608999,False
reference_pool,11451,8510,10,0.2,5328554;5455356;5481530;5574902;5582049;5609389;5865072;5927808;6004024;6282220,False
reference_pool,11451,8562,10,0.3,5389873;5435336;5447754;5504968;5558138;5598513;5691988;5701999;5720158;5733957,False
reference_pool,11451,8602,10,1.0,5463376;5547441;5619267;5757538;5809643;5835992;5864356;5951952;5960184;6093953,False
reference_pool,11451,8607,10,0.3,5332052;5433713;5441609;5561682;5598286;5669446;5699416;5808301;5858671;6172713,False
reference_pool,11451,8647,10,0.9,5328555;5695197;5695609;5716029;5750633;5809469;5892762;6040648;6205419;6206776,False
reference_pool,11451,8676,10,1.0,5431805;5620377;5773588;5820283;5835237;5944799;6162445;6265669;6427523;6576776,False
reference_pool,11451,8712,10,0.9,5347502;5370715;5449689;5763958;5784820;5844371;5936434;6054289;6169794;6173490,False
reference_pool,11451,8748,10,0.95,5434882;5437141;5576243;5618884;5663615;6587499;6652240;6788874;6833607;7228032,False
reference_pool,11451,8749,10,1.0,5328551;5373232;5375181;5387865;5490046;5510266;5543083;5604750;5606752;5619482,False
reference_pool,11451,8802,10,0.9,5378775;5379863;5417811;5470108;5472842;5509759;5560375;5582157;5721575;5764459,False
reference_pool,11451,8825,10,0.4,5338567;5339070;5424036;5553001;5590944;5599294;5629584;5760282;5929203;6062723,False
reference_pool,11451,8828,10,0.5,5332862;5409001;5596058;5598759;5691899;5751196;5847676;6173023;6467303;6505666,False
reference_pool,11451,8834,10,0.5,5328534;5393602;5554381;5575423;5649457;5759864;5809377;5851100;5890681;6064383,False
reference_pool,11451,8841,10,0.2,5410414;5419272;5472162;5571371;5581260;5581294;5821415;5846392;5938116;5977118,False
reference_pool,11451,8965,10,0.95,5577913;5623586;5653295;5723348;5766121;5824307;6884065;6903854;6983216;7031019,False
reference_pool,11451,9048,10,0.4,5460148;5469243;5480116;5547581;5581682;5660063;5672336;6146141;6364762;6906156,False
reference_pool,11451,9049,10,0.3,5361204;5452548;5474275;5583843;5622458;5684193;5764523;5797729;6109148;6139595,False
reference_pool,11451,9065,10,1.0,5333750;5342686;5360388;5407975;5418878;5505169;5505274;5575953;5590114;5598726,False
reference_pool,11451,9261,10,1.0,5351704;5369182;5410490;5483517;5623136;5646421;5670269;5705760;5878257;5890303,False
reference_pool,11451,9684,10,0.2,5400287;5464880;5594546;5756971;5818674;5876062;6181139;6374425;6399026;6582048,False
reference_pool,11451,9696,10,1.0,5345993;5347106;5424352;5667619;5733604;5785843;5833364;5940355;6320979;6343472,False
reference_pool,11451,9743,10,1.0,5498552;5716463;5767224;5841904;5960023;6037081;6304864;6314749;6398280;6902764,False
reference_pool,11451,9815,10,1.0,5373479;5487262;5591686;5611535;5618120;5620658;5746244;5865865;6229666;6252542,False
reference_pool,11451,9831,10,0.95,5329750;5424363;5444316;5476646;5478500;5548174;5562179;5570653;5652642;5875784,False
reference_pool,11451,9842,10,0.9,5328535;5359894;5389328;5430789;5457930;5480140;5558165;5569824;5586639;5768286,False
reference_pool,11451,9858,10,1.0,5379416;5398654;5436758;5496481;5854511;6042450;6074962;6209698;6316629;6377267,False
reference_pool,11451,9933,10,0.9,5328542;5346664;5415094;5462107;5480954;5508624;5554384;5723172;5751783;5768725,False
reference_pool,11451,10059,10,1.0,5328544;5337968;5570160;5668515;5873830;5880141;6669921;6676877;6951729;7699013,False
reference_pool,11452,2284,10,1.0,5388488;5425327;5464409;5618732;5625716;5665872;5691119;5711739;5879861;5995108,False
reference_pool,11452,2475,10,0.9,5457635;5586002;5673306;5843670;5932759;6610116;6703247;7194375;7484485;7643334,False
reference_pool,11452,2743,10,0.4,5344875;5389618;5423052;5690263;5798391;5926776;6036232;6056368;6109144;6138685,False
reference_pool,11452,2784,10,0.2,5328881;5386275;5390929;5433565;5485100;5500610;5602585;5739433;5791744;5795997,False
reference_pool,11452,2804,10,0.7,5402912;5440297;5554767;5601973;5605184;5648142;5770543;5857264;6026463;6036367,False
reference_pool,11452,2862,10,0.8,5369514;5479523;5567700;5569103;5577737;5791934;5794371;5813499;5910732;5921627,False
reference_pool,11452,2876,10,0.7,5370641;5384053;5612020;5645266;5846964;5863715;6149369;6381666;6397780;6818705,False
reference_pool,11452,2901,10,0.5,5328584;5328596;5344626;5348846;5369435;5507017;5549770;5652531;5757768;6040910,False
reference_pool,11452,2907,10,0.5,5348029;5435203;5619512;5637847;5686525;5727221;5732488;5783998;5787290;5809767,False
reference_pool,11452,2914,10,0.5,5386631;5593117;5781138;5878588;6011565;6075143;6160325;6336311;6764092;6912817,False
reference_pool,11452,2995,10,0.7,5332754;5373265;5487059;5549634;5556747;5619590;5686902;5905433;5923910;6064318,False
reference_pool,11452,3172,10,0.7,5341211;5393042;5401832;5657632;5745346;5930206;5932011;5994018;6048390;6058890,False
reference_pool,11452,3250,10,1.0,5328595;5420601;5432338;5445717;5484309;5487531;5580878;5604771;5639820;5696336,False
reference_pool,11452,3277,10,0.9,5395643;5451454;5495536;5644153;5675945;5680473;5693622;5702054;5743039;5763852,False
reference_pool,11452,3304,10,1.0,5391384;5408671;5416727;5418607;5422017;5449058;5553268;5647733;5662141;5706357,False
reference_pool,11452,3400,10,1.0,5393480;5424971;5675362;5679906;5682133;5870745;5900885;6326875;7035069;7248604,False
reference_pool,11452,3413,10,0.9,5407161;5432301;5575392;5815308;5846635;5864273;5894385;6225463;6413619;6629571,False
reference_pool,11452,3420,10,0.5,5338767;5550988;5883714;6227592;6542013;6559552;6646245;6651697;7252176;7364368,False
reference_pool,11452,3424,10,1.0,5511455;5584246;5620106;5660253;5673454;5675321;5745131;5899453;6111903;6283122,False
reference_pool,11452,3524,10,1.0,5341412;5373073;5543872;5615560;5652884;5657631;5678698;5743081;5775266;5835407,False
reference_pool,11452,3574,10,0.8,5328589;5346978;5542409;5553424;5699231;5775752;5808556;5818220;5826439;5843635,False
reference_pool,11452,3629,10,0.9,5373052;5375518;5450045;5556573;5558307;5569407;5571240;5711073;5838211;5843291,False
reference_pool,11452,3639,10,0.5,5328587;5339636;5665648;5761397;5829071;5919930;6317881;6359703;6530811;6551747,False
reference_pool,11452,3778,10,0.7,5459499;5483337;5541755;5554576;5579737;5676418;5676433;5742715;5801414;5834341,False
reference_pool,11452,3948,10,0.75,5374309;5690568;5863918;5885421;5905616;6172955;6323623;6433659;6511932;6640185,False
reference_pool,11452,4130,10,0.5,5559497;5731080;5858477;5972813;6058555;6244754;6247726;6403295;6426363;6634476,False
reference_pool,11452,4168,10,0.9,5339565;5354468;5758818;5870587;5946421;6084661;6126565;6478642;6488886;6553029,False
reference_pool,11452,4364,10,1.0,5387234;5680614;5736108;5782783;5832066;6135346;6273893;6285136;6310417;6437946,False
reference_pool,11452,4390,10,0.65,5335872;5363027;5422008;5447637;5452067;5486215;5554972;5567859;5593400;5631724,False
reference_pool,11452,4462,10,0.8,5331633;5414729;5655883;5829735;5865162;6201045;6285459;6520385;6635494;6777748,False
reference_pool,11452,4472,10,0.8,5331129;5379439;5391595;5442738;5504553;5629874;5794307;5871625;5892398;5973025,False
reference_pool,11452,4517,10,0.2,5393837;5485025;5556974;5595797;5609634;5627908;5645332;6140933;6164620;6273757,False
reference_pool,11452,4535,10,0.1,5346560;5436174;5460794;5545408;5820649;6018844;6082273;6113592;6118960;6296024,False
reference_pool,11452,4628,10,0.55,5655271;5708723;5730010;5732417;5852504;5881186;6154562;6192919;6209644;6311283,False
reference_pool,11452,4700,10,0.1,5336425;5342787;5403306;5419571;5441684;5575775;5679452;5820535;5849750;5852187,False
reference_pool,11452,4727,10,0.7,5441654;5482623;5701221;5810523;5941227;5993736;5995091;6008124;6023451;6603623,False
reference_pool,11452,4731,10,0.5,5328583;5333559;5340140;5341513;5363702;5412665;5423774;5447557;5500472;5694910,False
reference_pool,11452,4858,10,0.95,5378329;5384446;5501956;5617164;5645465;5716736;5718763;5750489;5755590;5965561,False
reference_pool,11452,5104,10,1.0,5342456;5494767;5659272;5681139;5690388;5726995;5743890;5898892;5903718;5912159,False
reference_pool,11452,5231,10,1.0,5334184;5343561;5445303;5595526;5670514;5754241;5815818;5877209;5881769;5902468,False
reference_pool,11452,5608,10,0.0,5355202;5707683;5764858;6044169;6157640;6221501;6559612;6654720;6681774;6855065,False
reference_pool,11452,6109,10,0.8,5328570;5328820;5329138;5343911;5349115;5367151;5489893;5570085;5666544;5691393,False
reference_pool,11452,6696,10,1.0,5328577;5342703;5349102;5401971;5403268;5601322;5683078;5750675;5781163;5790502,False
reference_pool,11452,7138,10,1.0,5349022;5377062;5434353;5573188;5610212;5625404;5707590;5798651;5815142;5865179,False
reference_pool,11452,7535,10,1.0,5380234;5385970;5422966;5457316;5569321;5576722;5606701;5651324;5663490;5684318,False
reference_pool,11452,8186,10,1.0,5328588;5355420;5436079;5618101;5627292;5629965;5781242;5979095;6003479;6038921,False
reference_pool,11452,8301,10,0.0,5445661;5457729;5505873;5646486;5869597;5902160;6040396;6100169;6605430;6726689,False
reference_pool,11452,8332,10,0.9,5408106;5606799;5710043;5799825;6013986;6042675;6063011;6159325;6326546;6435768,False
reference_pool,11452,8360,10,1.0,5345728;5404961;5417074;5463819;5472181;5570264;5589119;5607366;6107913;6495696,False
reference_pool,11452,8397,10,0.7,5330950;5343655;5399396;5432414;5451218;5579317;5628311;5775653;5794651;5823897,False
reference_pool,11452,8414,10,0.05,5505780;5559925;5609655;5712396;5727073;5750261;5758147;5849108;6050421;6086652,False
reference_pool,11452,8419,10,0.7,5341392;5427086;5728385;5853089;5984722;6071358;6092656;6328786;6428994;6475952,False
reference_pool,11452,8434,10,0.85,5354464;5373063;5377883;5385976;5392397;5459514;5476486;5586817;5627298;5866842,False
reference_pool,11452,8510,10,0.1,5433889;5466410;5555832;5591250;5602249;5640909;5705105;5754411;5810977;5898578,False
reference_pool,11452,8562,10,0.2,5349203;5403547;5416832;5482967;5557760;5631369;5672478;5691337;5695986;5715778,False
reference_pool,11452,8602,10,1.0,5345714;5346918;5449990;5494647;5557304;5568351;5653845;5747316;5779218;5871904,False
reference_pool,11452,8607,10,0.0,5442665;5475365;5541593;5833061;5846140;5938311;5981405;5985403;6044548;6216681,False
reference_pool,11452,8647,10,0.7,5349574;5350985;5632764;5815108;5912145;6005854;6134624;6483131;6514527;6529410,False
reference_pool,11452,8676,10,0.9,5542131;5551464;5785635;5848196;5853527;5900056;6027884;6151597;6395598;6664524,False
reference_pool,11452,8712,10,0.85,5342905;5396097;5429999;5435208;5446618;5494248;5581419;5603123;5674403;5746063,False
reference_pool,11452,8748,10,0.6,5345597;5350178;5441649;5457263;5458172;5610053;5684467;5745195;5775351;6052546,False
reference_pool,11452,8749,10,0.4,5343773;5389108;5413330;5580848;5636894;5650823;5656985;5662692;5674659;5686052,False
reference_pool,11452,8802,10,0.5,5363431;5376994;5576270;5679618;5691817;5805110;5824045;6016831;6033861;6219478,False
reference_pool,11452,8825,10,0.2,5395139;5400905;5404173;5468784;5508272;5666365;5680626;5721079;5802211;6211779,False
reference_pool,11452,8828,10,0.0,5359273;5437291;5478097;5493925;5553506;5596409;6122292;6396257;6459146;6717190,False
reference_pool,11452,8834,10,0.05,5328574;5338815;5367462;5385579;5394751;5505041;5556846;5609383;5688564;5751419,False
reference_pool,11452,8841,10,0.2,5340658;5349786;5468384;5487815;5653994;5656427;5720466;5927198;6100491;6496444,False
reference_pool,11452,8965,10,0.65,5351003;5366010;5414676;5447570;5635772;5723377;6146575;6165870;6314212;6473924,False
reference_pool,11452,9048,10,0.1,5345551;5363288;5447427;5449978;5571613;5599494;5755284;5791747;5796920;5868951,False
reference_pool,11452,9049,10,0.1,5424060;5449761;5471493;5614355;5675575;5692433;5713963;5757304;6100237;6329729,False
reference_pool,11452,9065,10,1.0,5345177;5377683;5394381;5407601;5462839;5468933;5578304;5669352;5772376;5786628,False
reference_pool,11452,9261,10,1.0,5328592;5364654;5433616;5435830;5435889;5440502;5576779;5584694;5622445;5622517,False
reference_pool,11452,9684,10,0.1,5377466;5393253;5394255;5417518;5558943;5676627;5726521;5744816;5751876;6211642,False
reference_pool,11452,9696,10,1.0,5384724;5475755;5591770;5615966;5696031;5701203;5814452;6029411;6062283;6091799,False
reference_pool,11452,9743,10,0.9,5352185;5588463;5598633;5626529;5648642;5666659;5834169;5892753;6130010;6388117,False
reference_pool,11452,9815,10,0.85,5587426;5602941;5689489;5693673;5775689;5852506;5896957;6003768;6154869;6337655,False
reference_pool,11452,9831,10,0.7,5330794;5334387;5338627;5340061;5442960;5445907;5620019;5696233;5711665;5748470,False
reference_pool,11452,9842,10,0.6,5373574;5459087;5876969;6008386;6105434;6221239;6238227;6298563;6335261;6343003,False
reference_pool,11452,9858,10,0.15,5352559;5506823;5507399;5543414;5617693;5645041;5647002;5787524;5836531;6158953,False
reference_pool,11452,9933,10,1.0,5365513;5378165;5427959;5430929;5639957;5670306;5741106;6027041;6133043;6250675,False
reference_pool,11452,10059,10,0.8,5328598;5350294;5417273;5445527;5462595;5463579;5591636;5817414;5841513;5888525,False
reference_pool,11453,2284,10,1.0,5368770;5405488;5437444;5568102;5593963;5774151;5809556;5897433;6033946;6087080,False
reference_pool,11453,2475,10,1.0,5342608;5355540;5406551;5419336;5439215;5475936;5853379;5879022;6042760;6097341,False
reference_pool,11453,2743,10,0.9,5456190;5547419;5556543;5556879;5613133;5708121;5747722;5772121;5859557;5941125,False
reference_pool,11453,2784,10,0.45,5332734;5404602;5406812;5411277;5451917;5485628;5493969;5593252;5619533;5699319,False
reference_pool,11453,2804,10,0.9,5452203;5604718;5617123;5623508;5623863;5953902;6194054;6220902;6245491;6258871,False
reference_pool,11453,2862,10,0.8,5337807;5393178;5500747;5542631;5615092;5628438;5745066;5744460;5995722;6163693,False
reference_pool,11453,2876,10,1.0,5328667;5328677;5356815;5466955;5495476;5499691;5509026;5691507;5862206;6303203,False
reference_pool,11453,2901,10,0.75,5377518;5397582;5489112;5713038;5772996;5807297;5835937;5942995;5950569;6015348,False
reference_pool,11453,2907,10,0.9,5406263;5447038;5485961;5510053;5702427;5769588;5778007;5795207;5979421;6049402,False
reference_pool,11453,2914,10,0.8,5339505;5439385;5448810;5549454;5663356;5693639;5696924;5697209;5724945;5758861,False
reference_pool,11453,2995,10,0.55,5349412;5430300;5466586;5473390;5676535;5760612;5812285;5826377;6005041;6072208,False
reference_pool,11453,3172,10,1.0,5328669;5333399;5452145;5699835;5755333;5818170;5898510;6126050;6628205;6661768,False
reference_pool,11453,3250,10,1.0,5366037;5436462;5490330;5542158;5603913;5693494;5817382;5929462;5952697;6093321,False
reference_pool,11453,3277,10,0.9,5352944;5421566;5460667;5591171;5609533;5650337;5709352;5761876;5787018;5852578,False
reference_pool,11453,3304,10,1.0,5328688;5334028;5337725;5462682;5501117;5556430;5687762;5752260;5755206;5824185,False
reference_pool,11453,3400,10,1.0,5328684;5465157;5466536;5573616;5630112;5772680;5867886;6067458;6202481;6261729,False
reference_pool,11453,3413,10,1.0,5375375;5401570;5419275;5433418;5471010;5548786;5626058;5667021;5774510;5875194,False
reference_pool,11453,3420,10,0.8,5340945;5341918;5372468;5438739;5461198;5594794;5666185;5666527;5936447;6187702,False
reference_pool,11453,3424,10,1.0,5475291;5582783;5607571;5680697;5699739;5808987;5873456;5893555;5897896;5924008,False
reference_pool,11453,3524,10,1.0,5410863;5546118;5559639;5575355;5652579;5938058;6053531;6111685;6284321;6400392,False
reference_pool,11453,3574,10,1.0,5494345;5545466;5632567;5676783;5800535;5883939;5995585;6199264;6346252;6582938,False
reference_pool,11453,3629,10,0.9,5328681;5339883;5372934;5397578;5610882;5619525;5748592;5772337;5819913;5875942,False
reference_pool,11453,3639,10,0.6,5349668;5445134;5450033;5480127;5509206;5601080;5820896;5835734;5863871;5981334,False
reference_pool,11453,3778,10,0.9,5339539;5424730;5447051;5447918;5482163;5754910;5830039;5840377;5850660;5863815,False
reference_pool,11453,3948,10,0.9,5375016;5430013;5463448;5494765;5500579;5501452;5504533;5715162;5798093;5833495,False
reference_pool,11453,4130,10,0.85,5350584;5424599;5613373;5716271;5739008;5767457;5829378;5899355;5973085;6218886,False
reference_pool,11453,4168,10,1.0,5328678;5350281;5368908;5429350;5440416;5546156;5718093;5723916;5848136;5874833,False
reference_pool,11453,4364,10,1.0,5330506;5341323;5499166;5573182;5589558;5688466;5704261;5711041;5785467;5817864,False
reference_pool,11453,4390,10,0.95,5341481;5451275;5732847;5743682;5753832;5757710;5792419;5985395;6000975;6024071,False
reference_pool,11453,4462,10,0.5,5328680;5617278;5710241;5724858;5726029;5745704;5750067;5779994;5940016;6165780,False
reference_pool,11453,4472,10,1.0,5411820;5457235;5475192;5611863;5677020;6034094;6209821;6244151;6532209;6720428,False
reference_pool,11453,4517,10,0.5,5389844;5412152;5443596;5494277;5647995;5649009;5669244;5792048;6099650;6124915,False
reference_pool,11453,4535,10,0.5,5341966;5499828;5866702;5980743;6109264;6248132;6349979;6420477;6767370;6852839,False
reference_pool,11453,4628,10,0.8,5334909;5360406;5396318;5554855;5630859;5744381;5826227;5854038;5859492;5920501,False
reference_pool,11453,4700,10,0.1,5382789;5569290;5764132;5827472;5828633;6464041;6837204;6884514;6989146;7357673,False
reference_pool,11453,4727,10,0.8,5406650;5458056;5473462;5545378;5578398;5582909;5708709;5742473;5745464;5762117,False
reference_pool,11453,4731,10,0.8,5364779;5385670;5391237;5405023;5446143;5482514;5560462;5761358;5871605;6047947,False
reference_pool,11453,4858,10,1.0,5351779;5428696;5446237;5715214;5718204;5835474;5899896;6047929;6299392;6308176,False
reference_pool,11453,5104,10,1.0,5503398;5506732;5509775;5774123;5864023;5878263;5879720;6493693;6710052;6775014,False
reference_pool,11453,5231,10,1.0,5347088;5363885;5602158;5614779;5674019;5712600;6172433;6222565;6338272;6403694,False
reference_pool,11453,5608,10,0.3,5330877;5397704;5485639;5545986;5571855;5616364;5828944;5902125;6211008;6762857,False
reference_pool,11453,6109,10,1.0,5450964;5586107;5612884;5654738;5805724;5899898;6135743;6197663;6207668;6214006,False
reference_pool,11453,6696,10,1.0,5406927;5452920;5612222;5632438;5689274;5796935;5816096;5859104;6050443;6294663,False
reference_pool,11453,7138,10,1.0,5329766;5436204;5553202;5602817;5640233;5641293;5721595;5892964;6277650;6392927,False
reference_pool,11453,7535,10,1.0,5406283;5499550;5545835;5581125;5703946;5731478;5832879;6087027;6579457;6600980,False
reference_pool,11453,8186,10,1.0,5329514;5344147;5546581;5787256;5861089;6071910;6149494;6226242;6277171;6895432,False
reference_pool,11453,8301,10,0.0,5337753;5455558;5560115;5581550;5602982;5603021;5688481;5799649;5823661;5846755,False
reference_pool,11453,8332,10,1.0,5380333;5380887;5583241;5622473;5695183;5698193;5800655;5804678;5809507;6038076,False
reference_pool,11453,8360,10,1.0,5368833;5485441;5502655;5588022;5740197;5770369;5774200;5907725;6232487;6432573,False
reference_pool,11453,8397,10,1.0,5331147;5396466;5443420;5487043;5642171;5644382;5742798;5761584;5768952;5852346,False
reference_pool,11453,8414,10,0.0,5462187;5583569;5620655;5681382;5726108;5749671;5826719;5927097;6065569;6082142,False
reference_pool,11453,8419,10,1.0,5340818;5341241;5467140;5642311;5704378;5823070;5906134;6042385;6105400;6370009,False
reference_pool,11453,8434,10,1.0,5433234;5622164;5683102;5765104;5789785;5801609;5846347;5873535;5947955;6428258,False
reference_pool,11453,8510,10,0.0,5484696;5709290;5729645;5779730;6000595;6084298;6180278;6181833;6340058;6415591,False
reference_pool,11453,8562,10,0.1,5406627;5508544;5549214;5593691;5598669;5755034;5776214;5780619;5784401;5787281,False
reference_pool,11453,8602,10,1.0,5328662;5490107;5495025;5605994;5635176;5690064;5704542;5823589;5857741;5885482,False
reference_pool,11453,8607,10,0.1,5328671;5615799;5645358;5671389;5865938;5872463;5893741;6100615;6213846;6237974,False
reference_pool,11453,8647,10,0.7,5328666;5334176;5363647;5409108;5651813;5799300;5899744;6048182;6083929;6393884,False
reference_pool,11453,8676,10,1.0,5328664;5343566;5394863;5433035;5639740;5733870;5755814;5787185;5800599;5856664,False
reference_pool,11453,8712,10,0.8,5357676;5381518;5469028;5544718;5573124;5701597;5757748;5819755;5853738;5864040,False
reference_pool,11453,8748,10,0.5,5349242;5391133;5469416;5486999;5708315;5717530;5780374;5870496;5950664;6040594,False
reference_pool,11453,8749,10,0.7,5336310;5347150;5367932;5392822;5415379;5457615;5469326;5509009;5613936;5630412,False
reference_pool,11453,8802,10,1.0,5334948;5426291;5477105;5616844;5768484;5771382;5781118;5786324;5787090;5797981,False
reference_pool,11453,8825,10,0.0,5331980;5342763;5374584;5443368;5488443;5572387;5584018;5613263;5642403;5809445,False
reference_pool,11453,8828,10,0.1,5378218;5597322;5639712;5772169;5888527;5904231;6056592;6100916;6163761;6169216,False
reference_pool,11453,8834,10,0.3,5389144;5401928;5474701;5572943;5659405;5857046;5912106;6026105;6039269;6070958,False
reference_pool,11453,8841,10,0.2,5350882;5387137;5602641;5642165;5666917;5696515;5850856;5853589;6041668;6256347,False
reference_pool,11453,8965,10,0.9,5339047;5420522;5447794;5503469;5555452;5734231;5754592;5781027;5855698;5889287,False
reference_pool,11453,9048,10,0.1,5374836;5467900;5477932;5545895;5612838;5785687;5808120;5847237;5847992;5860322,False
reference_pool,11453,9049,10,0.1,5374599;5395908;5466293;5466704;5481363;5632836;5709314;5801378;5813496;5925044,False
reference_pool,11453,9065,10,1.0,5399921;5421649;5477041;5671017;5781277;5826667;5860720;5892920;5952235;6030433,False
reference_pool,11453,9261,10,1.0,5468387;5644908;5655706;5737208;5801425;5835974;5836728;5884441;5887819;5944827,False
reference_pool,11453,9684,10,0.4,5328672;5421423;5421820;5617801;5718717;5733070;5794925;5849442;5883469;5919074,False
reference_pool,11453,9696,10,1.0,5394994;5400560;5446697;5485496;5486101;5665309;5675970;5676522;5677611;5731710,False
reference_pool,11453,9743,10,1.0,5596566;5611563;5630764;5633073;5765682;5809062;5819840;5883834;6143157;6194288,False
reference_pool,11453,9815,10,1.0,5405636;5430589;5480956;5560821;5634045;5700252;5737737;5836271;5859117;5860842,False
reference_pool,11453,9831,10,0.9,5346814;5369823;5422779;5427124;5440762;5470974;5549841;5556808;5618656;5722842,False
reference_pool,11453,9842,10,1.0,5328675;5351577;5508476;5510097;5545248;5766196;6051368;6140375;6274259;6318963,False
reference_pool,11453,9858,10,0.9,5424077;5762120;5849646;5850744;6117982;6203294;6354885;7274061;7396840;7492106,False
reference_pool,11453,9933,10,1.0,5332392;5411859;5480147;5612875;5822685;5995299;6129481;6549383;6636028;6783969,False
reference_pool,11453,10059,10,1.0,5348074;5374453;5508889;5592334;5753193;5813067;5896386;6011803;6081007;6092933,False
